CountyID,FoodAccessScore,Urban,SeniorsRate,GroupQuarters,PovertyRatePerc,BlackRate,AsianRate,NHOPIRate,AIANRate,HispanicRate,DiabetesRate,Pop2010,State,County
01001,1.410529402063367,0.5344596947096443,0.11995382162687142,0.00834085503289293,0.1513758406479632,0.1767055762218028,0.008685932088471899,0.0005863920397280607,0.00425134228802844,0.024005424126367483,0.11555476351908524,54571,Alabama,Autauga County
01003,0.9473568704907689,0.4539763531122267,0.16771184813321263,0.012652612953666363,0.10947871505774559,0.09384687131374647,0.007395824760650701,0.0004883000027432584,0.006671604531862947,0.04384824294296766,0.11098180671001016,182265,Alabama,Baldwin County
01005,1.3285865170994646,0.24175984266307318,0.14236806643114688,0.11629586990567067,0.2935451797355865,0.46891503077539426,0.003897002585861529,0.0010561969625232182,0.004151946680263685,0.0505153512765415,0.1770663583057144,27457,Alabama,Barbour County
01007,0.0,0.0,0.1268164957451451,0.09705382500545495,0.13833458433340606,0.22024874536329914,0.0009600698232598735,0.0005673139864717434,0.0027929303949378137,0.017717652192886756,0.13104433777001964,22915,Alabama,Bibb County
01009,0.2459788562855448,0.1229894281427724,0.14722096228324202,0.008522476536059453,0.14623842503750742,0.01327588011583685,0.0020411011479013292,0.0006629217403440215,0.005355709849621437,0.08070199923240641,0.12310919018875824,57322,Alabama,Blount County
01011,2.3492761590617555,0.6507238409382444,0.13459776433938062,0.15487227414330218,0.33812864211105,0.7024005864027855,0.001832508704416346,0.0039398937144951435,0.002107385010078798,0.07119296316657504,0.19395308777716694,10914,Alabama,Bullock County
01013,1.1852771279896883,0.21086551773523654,0.1665632310116007,0.01590810139876832,0.23080016231441255,0.4341910536114957,0.00844989736000382,0.00033417673175156347,0.0028643719864419725,0.009118250823506946,0.17360299804267915,20947,Alabama,Butler County
01015,1.3454930373394287,0.6982818970825145,0.14327645684499962,0.024616532417911455,0.19654484189573299,0.20562410910839146,0.007127132868312514,0.0008097097696544395,0.004554617454306222,0.03283541805484097,0.13892484037752717,118561,Alabama,Calhoun County
01017,0.7635247698377905,0.38176238491889525,0.16676896098202543,0.013377051001022943,0.1663565103024989,0.38746163963174046,0.004910127137220517,0.00029226947245360223,0.0020166593599298555,0.01566564372351308,0.1600919479760339,34215,Alabama,Chambers County
01019,0.3091307861018123,0.15456539305090616,0.17896032937011813,0.011159621378275425,0.15125491554119053,0.04648120358613259,0.0020778021470622184,3.847781753818924e-05,0.005194505367655547,0.012312901612220555,0.1415045211435607,25989,Alabama,Cherokee County
01021,0.2888435717068029,0.14442178585340146,0.13566895034713472,0.009013399628806453,0.18529791719176042,0.09692275966363449,0.002978713653965126,0.001260225007446784,0.0035515432028045734,0.0783630822812364,0.12954347776275693,43643,Alabama,Chilton County
01023,1.2029006421819757,0.0,0.1817591456815066,0.009297243668374342,0.21961447434879863,0.433797532289487,0.0008658633379031676,0.0,0.0012987950068547515,0.005267335305577603,0.18090951728118912,13859,Alabama,Choctaw County
01025,1.863043394108311,0.3772306739441799,0.16157627840359232,0.010829524251925831,0.2536078271977703,0.4388185654008439,0.0029806836217241514,0.00015484070762203383,0.003987148221267371,0.010490457941392792,0.169829171989316,25833,Alabama,Clarke County
01027,0.0,0.0,0.17578237151880563,0.01828874533448177,0.18812919896640828,0.14829170255526844,0.0017226528854435831,0.0,0.003947746195808211,0.02863910422049957,0.15352971576227392,13932,Alabama,Clay County
01029,0.0,0.0,0.15769436281057975,0.011889580550360674,0.1886885519636655,0.03326208923323537,0.0015362009083622762,0.0006679134384183809,0.003406358535933743,0.020504942559444295,0.13030416777985573,14972,Alabama,Cleburne County
01031,1.2052134219588373,0.526107151437495,0.14435012412909426,0.01201021862737247,0.15483849203171296,0.16735404821013855,0.012893409145511332,0.00200208216545207,0.012913429967165853,0.06366621286137583,0.12449771762633138,49948,Alabama,Coffee County
01033,1.2658741824061146,0.6234658631586684,0.1738627177188212,0.008709779892702286,0.16532576982435512,0.16109355478797677,0.004207393253472478,0.0003674579260674653,0.004905563313000662,0.020081575659586976,0.1359836664951863,54428,Alabama,Colbert County
01035,2.598351980647112,0.0,0.17856062896885394,0.0034006198971877834,0.22776111279104932,0.4648472936195948,0.0012851527063804052,7.559721802237678e-05,0.003326277592984578,0.012171152101602661,0.18022611127910493,13228,Alabama,Conecuh County
01037,1.971487997226796,0.0,0.1707253661495797,0.010744258601265275,0.14165378282346824,0.3104255134760378,0.0013866019585752666,0.0012999393361643123,0.0034665048964381663,0.019932403154519454,0.15728572666608892,11539,Alabama,Coosa County
01039,0.7432543360254203,0.17841917119025552,0.1837415596451741,0.015223723023963989,0.18440797034291012,0.12487753210644777,0.004104329405534225,2.6479544551833708e-05,0.005666622534092414,0.012789620018535681,0.14613496623858072,37765,Alabama,Covington County
01041,1.5118653818495613,0.0,0.15892420537897312,0.009504695814756221,0.1573669639004746,0.2339997123543794,0.0135912555731339,0.0005752912411908529,0.004098950093484826,0.014669926650366748,0.15020501941607942,13906,Alabama,Crenshaw County
01043,0.4695296370917593,0.2119617938959779,0.15931646892022983,0.01314029798771236,0.15831610825062806,0.010645971693654702,0.004265850807153695,0.00022386389075442132,0.00507424819043355,0.042956993259209514,0.12254663831057384,80406,Alabama,Cullman County
01045,0.8430677996457782,0.3424210463473364,0.13450478597440846,0.018242647907504326,0.18538478836242067,0.19261308232671986,0.0106266541959364,0.0008756044655827745,0.00738293765298203,0.056138186304750155,0.13200425862171897,50251,Alabama,Dale County
01047,0.9465540848927431,0.47487448653582837,0.1406891830214514,0.017935415335463258,0.31221775445002287,0.6942720219078047,0.0034002738475581926,0.0002510269283432223,0.0019397535371976267,0.007051574623459607,0.1923834550433592,43820,Alabama,Dallas County
01049,0.0,0.0,0.13887131024202282,0.010998676679463922,0.22108170555063356,0.015159825057306389,0.002854772251051203,0.0020672488714508714,0.013626967050584315,0.13626967050584315,0.13600874713468056,71109,Alabama,DeKalb County
01051,0.5738748849349962,0.2869374424674981,0.11898667137434901,0.06914894014097828,0.1250851291880509,0.20049682861934606,0.00653190925942272,0.0007944213964162768,0.003593811079026014,0.026846399253496085,0.12142616294465532,79303,Alabama,Elmore County
01053,1.1902972415772854,0.13719042772514942,0.1516741042302774,0.0834780030794123,0.2374118844437485,0.31890185025705264,0.0024008977269761736,0.00031316057308384876,0.03361256817766643,0.018737440956183616,0.15899279730681906,38319,Alabama,Escambia County
01055,1.2067700852245524,0.6761562769319162,0.15807718088671838,0.019957961313798716,0.17314567652973284,0.15125921670018194,0.006434932490663603,0.0016374604998563632,0.004289954993775735,0.03300775639184143,0.13557692234032367,104430,Alabama,Etowah County
01057,0.0,0.0,0.17887593527057596,0.01686448001856041,0.19789037758830694,0.11420451249927499,0.002146047213038687,0.0,0.003016066353459776,0.011832260309726814,0.14750101502233048,17241,Alabama,Fayette County
01059,0.5861720918496088,0.2930860459248044,0.15218899823366136,0.008577867146101438,0.20282683573050717,0.03873328286651526,0.0019871309613928843,0.0003154176129195054,0.006781478677769366,0.14856169568508706,0.13279072041382792,31704,Alabama,Franklin County
01061,0.4040313549832027,0.20201567749160135,0.17446808510638298,0.008559675251959687,0.24078114968271744,0.09477416946621874,0.0025009331840238893,0.0002986188876446435,0.00836132885405002,0.03434117207913401,0.14433482642777157,26790,Alabama,Geneva County
01063,1.537313432835821,0.0,0.1607517965726921,0.004973134328358209,0.3774811498065229,0.8148148148148148,0.001658374792703151,0.0,0.0018794914317302378,0.0076285240464344945,0.2418713101160862,9045,Alabama,Greene County
01065,1.2711928934010153,0.0,0.15038071065989847,0.021201884517766497,0.2625875,0.5901649746192893,0.002220812182741117,6.34517766497462e-05,0.0015862944162436548,0.008883248730964468,0.18524251269035533,15760,Alabama,Hale County
01067,0.6878973529071783,0.3439486764535892,0.17593341810195354,0.011491024159056756,0.13908178245289562,0.28563171887643046,0.0031210264709282164,0.00011559357299734135,0.0032944168304242286,0.022482949947982892,0.15584758987400302,17302,Alabama,Henry County
01069,1.086708617684422,0.5828926506937674,0.14451436280736998,0.01394777886102002,0.18894211547362305,0.25777226308999773,0.008075078535062582,0.00048253518075373964,0.004392054910534038,0.029493731966478576,0.14098523836253163,101547,Alabama,Houston County
01071,0.7394743269393353,0.14231499051233396,0.1648223645894001,0.011205376970334606,0.2033713716722716,0.033460461795705186,0.003475679636274823,0.0009017979596821162,0.013508181937738365,0.025156405583632368,0.14152646213387943,53227,Alabama,Jackson County
01073,1.4721914267403329,0.8565924436493304,0.13127936749961275,0.02395211035953261,0.1754813612244216,0.41995334611050533,0.01390808333308022,0.0003705582368717595,0.002642505459659269,0.03870814894011232,0.13537012996874553,658466,Alabama,Jefferson County
01075,0.0,0.0,0.18758582806921176,0.014906207085965394,0.21129366932161495,0.11281241417193079,0.00027464982147761604,0.00013732491073880802,0.0016478989288656962,0.012359241966492723,0.1558310216973359,14564,Alabama,Lamar County
01077,0.8192732097207391,0.488280533713016,0.1677614902544521,0.020397066088513518,0.15681135596328297,0.09985006849388949,0.007388710912640629,0.0003667389358098998,0.003645816479521945,0.0224573665987121,0.1246485778079798,92709,Alabama,Lauderdale County
01079,0.8357552636943417,0.13145403185881943,0.14557791432482017,0.006664719415242145,0.16791572264771834,0.11468010134249687,0.001223099100148519,0.00017472844287835988,0.05687410815690614,0.01671568770202976,0.13975680712892047,34339,Alabama,Lawrence County
01081,1.5617089848624213,0.771595827361726,0.0906686061020913,0.03144436244625554,0.23882886621460708,0.22746297603513801,0.026082554350538693,0.0007486791161308263,0.003172973396935407,0.03259249752222864,0.10005612954287792,140247,Alabama,Lee County
01083,0.4458215554105965,0.2353651760044454,0.12305815273851803,0.03512032688265566,0.14173420550361188,0.12598149356140223,0.011161846778285134,0.0005073566717402334,0.0066077166533787535,0.055458916189509794,0.116935565702689,82782,Alabama,Limestone County
01085,1.5447384724311886,0.0,0.1464731392158598,0.008490131870076998,0.27945136737764403,0.7354633153376405,0.0012390477033365785,0.0,0.0022125851845296043,0.007699796442163023,0.20368696344809278,11299,Alabama,Lowndes County
01087,1.4602834234570203,0.48200633973522283,0.1412921872086519,0.08260132854745478,0.2628138635092299,0.8264497482752191,0.0035427932127540555,9.323140033563304e-05,0.001351855304866679,0.010814842438933433,0.18634462987134068,21452,Alabama,Macon County
01089,1.421628919002064,0.828135873672012,0.12207782898411343,0.024017181932493258,0.14197164967698192,0.24006379718706972,0.02468556887318517,0.0010901672884104764,0.007619223980096234,0.04600804633061638,0.11098491387678422,334811,Alabama,Madison County
01091,1.455414467113711,0.2489656156370381,0.162838255576164,0.012092633281019642,0.21859128739240027,0.5170495077757169,0.0025205687925048746,0.000618252722689875,0.0016169686593427498,0.016740381414371997,0.1737576449327056,21027,Alabama,Marengo County
01093,0.0,0.0,0.1834221471276319,0.028210404211073563,0.17363565765531583,0.03847153626202236,0.0017546139849233169,0.00045489992201715624,0.0032817780088380557,0.020535482193917338,0.13868153756173643,30776,Alabama,Marion County
01095,0.8879476236037799,0.44397381180188994,0.14902331781679012,0.011259677055225277,0.21515783872112149,0.01606123480149217,0.005138735097130693,0.0011073006590051496,0.007589847235511025,0.12081402724174631,0.13085964157860222,93019,Alabama,Marshall County
01097,1.106733302339997,0.737825430032543,0.12910903843173718,0.016483957316364484,0.1987205393809081,0.34623430962343094,0.018307860684952736,0.00049395629939563,0.008913005578800558,0.02405857740585774,0.14048584234077174,412992,Alabama,Mobile County
01099,0.6531125368475811,0.0,0.1568406450494191,0.009983765389283855,0.3087865441303971,0.4167678168891972,0.0029044563898040577,0.00039015085833188834,0.011271024796254551,0.009537020981446159,0.17500411825906018,23068,Alabama,Monroe County
01101,1.4879121741518901,0.879679808861935,0.11955284854139508,0.03959450172870079,0.2159331321965618,0.5470673125133522,0.021019083287191046,0.0007455430910826942,0.0025679817581737248,0.036248217890418245,0.14141950968552033,229363,Alabama,Montgomery County
01103,0.8783831282952548,0.5683153401958323,0.14119173152565068,0.01785518453427065,0.16007819901246964,0.11871286300108795,0.005782910703824588,0.000895472424470667,0.008720395012134907,0.0766256590509666,0.12553715792116496,119490,Alabama,Morgan County
01105,3.0,0.0,0.16702860919648757,0.06805239354168635,0.4166346898309885,0.6869983948635634,0.0028325937116419606,0.0004720989519403267,0.0016051364365971107,0.01076385610423945,0.20647823623831552,10591,Alabama,Perry County
01107,0.0,0.0,0.1689456092373139,0.016912225260812316,0.2370043046693001,0.4158310543907627,0.0018231540565177757,5.064316823660488e-05,0.0014180087106249366,0.015851311658057327,0.16885703433606805,19746,Alabama,Pickens County
01109,0.9165020213380346,0.4582510106690173,0.12799781148363173,0.05966149123073649,0.2689850147420894,0.3663941153226542,0.01987902367853126,0.0007295054560928903,0.0058360436487431225,0.02218912428949208,0.1290227970455029,32899,Alabama,Pike County
01111,1.618731724348623,0.2216209138916772,0.16968533147121723,0.017780731462488545,0.17823785623881638,0.2010648976563523,0.002400384061449832,0.00021821673285907564,0.0036660411120324706,0.028324531925108018,0.14211617858857417,22913,Alabama,Randolph County
01113,1.2768806542391449,0.5548945171586681,0.12691937220239108,0.010837380777003417,0.21120652728199898,0.4180595690029652,0.004457287476155401,0.0021342096813794925,0.0041362116833814945,0.03675373486694242,0.1526753545998829,52947,Alabama,Russell County
01115,0.2514086107688443,0.12570430538442215,0.1305013577691912,0.023528550237460075,0.13130294402641368,0.0855334776835381,0.006196691110499683,0.0005502853109710143,0.0033615254865838047,0.020528034644049144,0.11545423659875828,83593,Alabama,St. Clair County
01117,1.1830062343628236,0.6254306632213609,0.10574320167343423,0.013196101985152375,0.08845851277634223,0.10629178458635823,0.01910299003322259,0.00037939379024650344,0.0028351995406258974,0.05930335097001763,0.0901141975308642,195048,Alabama,Shelby County
01119,0.4032551042650585,0.0,0.14989464506284966,0.05218014967666934,0.3149864855046138,0.7495458838915934,0.0023977330523868344,0.00029063430938022235,0.0007992443507956114,0.006248637651674781,0.1905836663518128,13763,Alabama,Sumter County
01121,0.6401307554896647,0.3719483297079875,0.14085379932191855,0.03818727442855233,0.19847063469881274,0.3166202865440935,0.0041195270442697255,7.291198308441992e-05,0.003208127255714477,0.020305987289010948,0.14574821061841514,82291,Alabama,Talladega County
01123,0.37540849673202614,0.09734236831987697,0.17284217608612074,0.013832148692810457,0.20080276816608997,0.2663158400615148,0.004733756247597078,0.00019223375624759708,0.0029075355632449057,0.02503844675124952,0.15357650903498654,41616,Alabama,Tallapoosa County
01125,1.136702696038139,0.685177954956436,0.1081394870951833,0.05354438856238698,0.18915346046358705,0.2959631349662995,0.011846539536412954,0.0006010603320729902,0.0027022028604307084,0.030561606115403584,0.10940962004767385,194656,Alabama,Tuscaloosa County
01127,0.27915790101905313,0.13957895050952657,0.16254121719409756,0.012925336078659566,0.1986887337182758,0.05860674693761843,0.002909448995121078,0.000537129045253122,0.003744983065514823,0.019500768392939738,0.13472648195395612,67023,Alabama,Walker County
01129,1.743416187930152,0.0,0.14731812752403162,0.008356407485353507,0.20239940845230647,0.24913258631477161,0.0011375917183322906,0.0006825550309993743,0.0802570957283431,0.008588817473408793,0.15940782663102213,17581,Alabama,Washington County
01131,1.8347043701799486,0.0,0.15012853470437018,0.009252699228791775,0.30454601542416454,0.7253641816623821,0.00034275921165381317,8.568980291345329e-05,0.001199657240788346,0.006169665809768638,0.2120763496143959,11670,Alabama,Wilcox County
01133,0.2644175788269891,0.0,0.1769727168763274,0.012314115340630614,0.1619012007841856,0.004696944943636661,0.0024505799705930404,0.001143603986276752,0.006657408920111093,0.02609867668681588,0.14431012089527856,24484,Alabama,Winston County
02013,4.0,0.0,0.049347341610951924,0.5495,0.154,0.06972301814708691,0.3597580388411334,0.0060490289716650745,0.27889207258834764,0.12257242916268704,0.115,3141,Alaska,Aleutians East Borough
02016,0.8523646826110411,0.0,0.034705988131631005,0.4573254270814601,0.09203057004135948,0.05970149253731343,0.28879697896061857,0.018521848588383384,0.15410897320625785,0.13055205898219743,0.09367128214349936,5561,Alaska,Aleutians West Census Area
02020,1.4513408675032382,0.961586698923331,0.07243700013021458,0.028954727817260974,0.09288361557914647,0.05560162562622933,0.08080157354039735,0.020220953581928956,0.07925955877817603,0.0755964170430325,0.07260183808159656,291826,Alaska,Anchorage Municipality
02050,3.2852524540057604,0.35737377299711987,0.06118850290953976,0.01983975195438782,0.27394651149121263,0.0038206077705284195,0.009404572973608418,0.0015870216892964204,0.8293070005290072,0.010638923176394522,0.1407644154470111,17013,Alaska,Bethel Census Area
02060,3.0,0.0,0.08324974924774323,0.016,0.057999999999999996,0.0,0.00802407221664995,0.003009027081243731,0.3350050150451354,0.024072216649949848,0.102,997,Alaska,Bristol Bay Borough
02068,4.0,0.0,0.07502738225629792,0.0197,0.16899999999999998,0.00547645125958379,0.0104052573932092,0.000547645125958379,0.035596933187294635,0.023001095290251915,0.085,1826,Alaska,Denali Borough
02070,2.0350732411801116,0.0,0.07571693831235816,0.010708850835568393,0.1689995873736332,0.0022694450175366207,0.006602021869197442,0.0012378791004745203,0.7159067464410976,0.020837631524654426,0.1238419641015061,4847,Alaska,Dillingham Census Area
02090,1.0842889496930754,0.6309732427419272,0.06533034094752052,0.04420282227072893,0.0821890224531415,0.04532644674680522,0.026552300140396185,0.004058167061210686,0.07049528084360684,0.05791086379520603,0.065721236716164,97581,Alaska,Fairbanks North Star Borough
02100,3.0,0.0,0.1375598086124402,0.0,0.09,0.003987240829346092,0.005582137161084529,0.0,0.09170653907496013,0.018740031897926633,0.1,2508,Alaska,Haines Borough
02105,3.9558139534883723,0.0,0.13395348837209303,0.0,0.09741395348837209,0.0037209302325581397,0.005581395348837209,0.00046511627906976747,0.413953488372093,0.035813953488372095,0.12685581395348838,2150,Alaska,Hoonah-Angoon Census Area
02110,0.8035811350919264,0.4017905675459632,0.08425259792166268,0.02836429096722622,0.07979753796962429,0.008920863309352519,0.061358912869704234,0.006970423661071143,0.11804956035171862,0.050775379696243,0.07458948041566747,31275,Alaska,Juneau City and Borough
02122,1.442870036101083,0.12815884476534295,0.11328519855595667,0.031085514440433212,0.12154005415162455,0.004855595667870036,0.011389891696750903,0.002148014440433213,0.07366425992779783,0.029620938628158844,0.09102649819494586,55400,Alaska,Kenai Peninsula Borough
02130,0.5731987831119686,0.5731987831119686,0.10143206945165838,0.01823931141945537,0.10554752541366774,0.005787638198412109,0.06997106180900795,0.0020034132225272686,0.14172293537137345,0.03991986347109891,0.0875576166802701,13477,Alaska,Ketchikan Gateway Borough
02150,2.0781341965862272,0.769496762801648,0.06731901118304885,0.02470780606238964,0.09323763978811064,0.006768687463213655,0.19570335491465568,0.006400824014125957,0.1322101236021189,0.07327839905826956,0.08079230429664508,13592,Alaska,Kodiak Island Borough
02158,0.0,0.0,0.1293303311449413,0.0019,0.40499999999999997,0.03951107310369879,0.014363441960719765,0.00031867431485022306,0.003937524677359672,0.061078578407101555,0.163,7459,Alaska,Kusilvak Census Area
02164,4.0,0.0,0.07786633966891478,0.022700000000000005,0.159,0.005518087063151441,0.003678724708767627,0.0030656039239730227,0.6505211526670754,0.026364193746167996,0.129,1631,Alaska,Lake and Peninsula Borough
02170,0.899016798696556,0.33226585763245126,0.07943142873195123,0.015393886173380528,0.10663965391314119,0.009618517894263722,0.012315298612281589,0.0024832855778414518,0.055070509579189846,0.037091971459070734,0.07735835721107927,88995,Alaska,Matanuska-Susitna Borough
02180,2.412557943531395,0.0,0.06352718078381796,0.02307621154656553,0.23169068689422673,0.0028445006321112516,0.010113780025284451,0.0009481668773704172,0.7584281500210703,0.012115465655288664,0.12579150863885377,9492,Alaska,Nome Census Area
02185,2.2129374337221632,0.0,0.042629904559915166,0.28122420996818664,0.09760296924708378,0.009968186638388122,0.045068928950159064,0.011028632025450688,0.5408271474019088,0.0264050901378579,0.09927741251325557,9430,Alaska,North Slope Borough
02188,2.723514555363552,0.4254951482121494,0.06048119101422305,0.05077890469227701,0.2502601355842084,0.0049182506978598965,0.005582879170543666,0.0015951083344410474,0.813638176259471,0.007709690283131729,0.12698019407151404,7523,Alaska,Northwest Arctic Borough
02195,0.0,0.0,0.11480996068152031,0.0113,0.08199999999999999,0.003931847968545216,0.02621231979030144,0.001834862385321101,0.16094364351245086,0.03407601572739188,0.092,3815,Alaska,Petersburg Borough
02198,1.275049469329016,0.0,0.10055765425436229,0.009012628170534269,0.14938208310847276,0.0030581039755351682,0.0037776578521316784,0.0037776578521316784,0.3970138514121245,0.022845835581939197,0.12127576902320562,5559,Alaska,Prince of Wales-Hyder Census Area
02220,1.3992793604323837,1.0,0.11350073189956086,0.028710809593514245,0.07402522238486658,0.005292196824681905,0.05956536426078144,0.003377997973201216,0.16811169913298052,0.04920617047629772,0.08680576511654094,8881,Alaska,Sitka City and Borough
02230,0.0,0.0,0.09090909090909091,0.0331,0.053000000000000005,0.0,0.005165289256198347,0.0010330578512396695,0.03512396694214876,0.02169421487603306,0.07400000000000001,968,Alaska,Skagway Municipality
02240,3.315692132593541,0.0,0.09446578460662967,0.052496813202447,0.10551074121496656,0.010812348840517854,0.009105135865699245,0.002560819462227913,0.11495234030445298,0.03329065300896287,0.08952183809930289,7029,Alaska,Southeast Fairbanks Census Area
02261,2.601494396014944,0.0,0.08281444582814446,0.020857741801577418,0.08900996264009964,0.004773765047737651,0.036737235367372355,0.005603985056039851,0.13646741386467415,0.036218347862183475,0.08255292652552927,9636,Alaska,Valdez-Cordova Census Area
02275,3.0,0.0,0.15787252005065427,0.008,0.078,0.0016884761502743773,0.013929928239763613,0.00042211903756859433,0.16209371042634022,0.01561840439003799,0.10999999999999999,2369,Alaska,Wrangell City and Borough
02282,0.0,0.0,0.09667673716012085,0.027200000000000005,0.067,0.0030211480362537764,0.04078549848942598,0.01812688821752266,0.3580060422960725,0.0256797583081571,0.111,662,Alaska,Yakutat City and Borough
02290,4.0,0.0,0.1018253400143164,0.005542215461703651,0.2549488188976378,0.0017895490336435219,0.0025053686471009306,0.0010737294201861132,0.7143879742304939,0.011811023622047244,0.1462525053686471,5588,Alaska,Yukon-Koyukuk Census Area
04001,2.846486199278503,0.07104505159540256,0.11560725971084203,0.013162640174501524,0.35125720797561455,0.0024469364355826505,0.0028384462652758747,0.0003635448418579938,0.7292429877793003,0.057509997483151096,0.1631866103638245,71518,Arizona,Apache County
04003,1.8533567828483548,0.607882996056218,0.17273460935239748,0.047740811292311905,0.17683139189621305,0.04160766220516803,0.019224034230201147,0.0031824341814748833,0.012097817976946385,0.32390023297245446,0.12412989356356494,131346,Arizona,Cochise County
04005,1.8688448977466319,0.6388882689460724,0.08870637772371877,0.06571911680466594,0.2109609882384449,0.012118642176445645,0.013732973270545524,0.0012200474628220293,0.2731269667685853,0.13514257444893282,0.08415409794600545,134421,Arizona,Coconino County
04007,1.1372651454372447,0.42498647312349574,0.23228912065973842,0.01710101871373398,0.21731180849674422,0.004347258242065787,0.00509356866988824,0.000876914752691382,0.14825456648693025,0.17889060954904193,0.1414829561356046,53597,Arizona,Gila County
04009,1.5533046749059645,0.438205265986029,0.11448146157979582,0.10076623320795272,0.2129637023105857,0.018350349274583556,0.0053734551316496505,0.0013970983342289091,0.14443847393874262,0.30413756045137025,0.11038167651800107,37220,Arizona,Graham County
04011,1.5781675951167478,0.3511911816996563,0.1204219509304255,0.004127592746236814,0.12443119592272135,0.010548773260637667,0.005452174943700368,0.0005926277112717791,0.023112480739599383,0.4788431907075975,0.11535830271423492,8437,Arizona,Greenlee County
04012,2.6238469422617015,0.15032456440040998,0.3261750207428376,0.01893512128459173,0.20917267802235343,0.006296061301186002,0.005222314412611645,0.00034164673727365904,0.12826394650788228,0.23456488847674362,0.16424901166479575,20489,Arizona,La Paz County
04013,1.3088105882676566,0.9587931009639631,0.12120103063749409,0.013927346684813293,0.14884599750331082,0.04991046762490978,0.034638484381283474,0.0020408403861091862,0.020520532190392855,0.2957062447357976,0.0946030230111958,3817055,Arizona,Maricopa County
04015,1.9131557651384212,0.6750122386180851,0.2330732418850469,0.013131693525021729,0.17489049184258637,0.009401256831147033,0.010505230135973544,0.0017034158232843457,0.022479094442168782,0.14770763190233083,0.12892648836581977,200186,Arizona,Mohave County
04017,1.989362395182831,0.3063220690746308,0.1325372967640462,0.02072181313925676,0.2824989343781701,0.008729722938324228,0.0053979097060000555,0.0006980055654310417,0.4337964988040838,0.10768829863470111,0.14529171048590495,107449,Arizona,Navajo County
04019,1.3766938056419553,0.8842932967989203,0.15433919264523907,0.022725555488680077,0.18236424408551583,0.035372139925713815,0.026249078053542773,0.0016566982534279065,0.03326148186762124,0.3456235724494345,0.09564598174163465,980263,Arizona,Pima County
04021,1.5389041168800064,0.7072704047688746,0.13857146658860472,0.06984548952816882,0.157816720334247,0.04581259813183596,0.017276525534236368,0.004164781648348724,0.05574952763658621,0.284687441786199,0.10956828645181893,375770,Arizona,Pinal County
04023,1.414508646140869,0.6678405735976382,0.13125263601855758,0.008104133277098271,0.2409188738928722,0.0037747785744411642,0.005377477857444116,0.0003163222269084774,0.006916912695065373,0.8281948544917757,0.15577207929143821,47420,Arizona,Santa Cruz County
04025,1.482621201423474,0.5248563020949331,0.240564271938512,0.016701773182393277,0.13948794264404146,0.006003800353499216,0.008458392763217127,0.0010093208171233882,0.01681727502333758,0.1361303682362474,0.10898283680751353,211033,Arizona,Yavapai County
04027,1.1874984035841452,0.8359599695531568,0.15655603291937206,0.030252841109368534,0.20381945941527757,0.020081634321152893,0.011872225429244295,0.001563210405055402,0.015611669927612119,0.5972485453458731,0.12971464769017782,195751,Arizona,Yuma County
05001,1.5674851464325148,0.6714338293285662,0.1637835848362164,0.012978652926021347,0.1996746937273253,0.24507071875492928,0.004837267995162732,0.000105157999894842,0.001892843998107156,0.026973026973026972,0.13535653819864346,19019,Arkansas,Arkansas County
05003,1.2932320505193795,0.3906557452066078,0.16217452981284033,0.008733661282203816,0.20410154212236306,0.25808813435226285,0.0018304123003706585,0.0001372809225277994,0.0032032215256486522,0.04891776872740585,0.14867789319544228,21853,Arkansas,Ashley County
05005,0.6865319297569437,0.34326596487847183,0.2808517813696914,0.014330619324067161,0.13945604991207575,0.0016139522559198323,0.004071013899260473,0.0004095102738901067,0.005588610796617927,0.016573121672729025,0.13659957121865438,41513,Arkansas,Baxter County
05007,1.0778172847984313,0.5887258910539941,0.12192157730901468,0.009309765111435398,0.10222322771856746,0.012713529924685663,0.028548967872810485,0.003031548891067548,0.016946855276295636,0.15488910675479695,0.09122866733833622,221339,Arkansas,Benton County
05009,1.5119637969812751,0.2338292279760453,0.1808254071484703,0.012608213424382841,0.14868796574804216,0.0019510608893585886,0.0042272985936102755,0.0005690594260629217,0.007126791859740401,0.01826409776982901,0.1190883938975151,36903,Arkansas,Boone County
05011,0.7726798748696558,0.0,0.17735488355926313,0.01912351407716371,0.23365589155370178,0.27572123740006954,0.0023461939520333683,8.689607229753215e-05,0.004866180048661801,0.13173444560305875,0.15119734098018772,11508,Arkansas,Bradley County
05013,3.0,0.0,0.17194485842026824,0.03255998509687034,0.15414959016393442,0.22205663189269748,0.0020491803278688526,0.0,0.0027943368107302535,0.028315946348733235,0.14117865126676601,5368,Arkansas,Calhoun County
05015,1.3258033957589448,0.25464548568097356,0.1869489178751002,0.008376145886467973,0.15015379290242659,0.0037528237265903957,0.005975369817095387,0.0014209720906507323,0.009145230634700867,0.12712234934052322,0.12418454419587555,27446,Arkansas,Carroll County
05017,1.6452542372881356,0.46703389830508474,0.1821186440677966,0.06120540677966101,0.2871047457627119,0.5407627118644068,0.004661016949152543,0.00033898305084745765,0.0019491525423728814,0.045932203389830506,0.18362076271186445,11800,Arkansas,Chicot County
05019,1.841617742987606,0.37651663405088065,0.14829310719721678,0.11358934116112197,0.19939125896934115,0.23539899978256143,0.005218525766470972,0.00021743857360295715,0.00426179604261796,0.04026962383126767,0.11424122635355512,22995,Arkansas,Clark County
05021,0.6991232978921843,0.4545171920661568,0.20021140334514706,0.007778474165267674,0.2259470869862588,0.003481937449480818,0.0012435490891002923,6.21774544550146e-05,0.0026114530871106136,0.01349250761673817,0.13947441397749175,16083,Arkansas,Clay County
05023,1.3234501347708896,0.20381209087408547,0.23557951482479783,0.01305863303812091,0.1452339237581825,0.002772429726607624,0.0020023103581055064,0.00026954177897574127,0.00542934154793993,0.019907585675779747,0.130058606083943,25970,Arkansas,Cleburne County
05025,1.309932098055012,0.0,0.16296466797099782,0.005971573253538957,0.19380308435953503,0.12187823685119116,0.0011508804235239958,0.00011508804235239959,0.0026470249741051906,0.01668776614109794,0.13518322016342502,8689,Arkansas,Cleveland County
05027,1.989613880742913,0.4237536656891496,0.15998696643857935,0.05355845144998371,0.2516868686868687,0.3689719778429456,0.007209188660801564,0.00016291951775822744,0.002891821440208537,0.021709025741283805,0.1460050505050505,24552,Arkansas,Columbia County
05029,1.9655901847412212,0.36426456071076013,0.1688525360785973,0.01344810793024021,0.1822812015230574,0.11211394725708644,0.0039016593804352935,0.00018803177737037558,0.007145207540074272,0.035585013867343585,0.13212687444178067,21273,Arkansas,Conway County
05031,1.1486162811194176,0.6343954460147445,0.12172993374324731,0.037104313428657346,0.19480493141026306,0.13106187074230374,0.011146480304428523,0.0003006957477473741,0.0035461360596414464,0.04434743838329376,0.10657129081426335,96443,Arkansas,Craighead County
05033,1.498644024020146,0.5246819913475819,0.1329017885968877,0.008716985213404792,0.15943136178730546,0.011703364111835732,0.014415316071543876,0.0003712791373409957,0.02247045909472461,0.060696067669658425,0.11842582488538775,61948,Arkansas,Crawford County
05035,1.4296491297002083,0.7433892577894778,0.10759891556323917,0.013773226985187221,0.22709072335075242,0.5117873560960277,0.00591332364150721,0.00015716474794703547,0.0026521551216062236,0.01992063180228675,0.147501512710699,50902,Arkansas,Crittenden County
05037,2.050699496362619,0.49669837716843873,0.15439283715724678,0.01257911024062675,0.1715441522104085,0.22227196418578624,0.004644655847789591,0.00016787912702853944,0.002630106323447118,0.014885282596530498,0.14065450475657526,17870,Arkansas,Cross County
05039,2.4252094627895513,0.5747905372104485,0.18161655988171513,0.049903129620502716,0.1428291030064071,0.41892557910300643,0.001355347461803844,0.00012321340561853128,0.003942828979793002,0.023164120256283883,0.1579041399704288,8116,Arkansas,Dallas County
05041,0.9372693726937269,0.2924354243542435,0.15144526445264453,0.0043075030750307506,0.29151722017220166,0.477859778597786,0.0033056580565805657,0.00015375153751537516,0.002690651906519065,0.04443419434194342,0.17551122386223864,13008,Arkansas,Desha County
05043,1.708033929439732,0.3303257874547517,0.14776595169917336,0.042413831109190114,0.21542482035766383,0.27791885028904856,0.005132638176022475,0.000270138851369604,0.0023231941217785944,0.02452860770436004,0.12770014587497977,18509,Arkansas,Drew County
05045,1.2419792117417452,0.6195589780725381,0.09994966309598453,0.03581768856469175,0.17465289613818805,0.10215742204403154,0.01127723270662416,0.0004238897180250272,0.005810821551259747,0.03916564373835407,0.09558790854579334,113237,Arkansas,Faulkner County
05047,0.6342620689655173,0.0,0.16590344827586206,0.024652518620689658,0.2201117793103448,0.007172413793103448,0.008937931034482758,0.0013241379310344828,0.010427586206896551,0.02046896551724138,0.13477291034482758,18125,Arkansas,Franklin County
05049,1.540302164148632,0.0,0.22392813393221722,0.01345134340547162,0.23989252756227034,0.0032666394446712946,0.002286647611269906,8.166598611678236e-05,0.0064516129032258064,0.00792160065332789,0.15608060432829726,12245,Arkansas,Fulton County
05051,1.3847788052986754,0.5493626593351663,0.20930184120636508,0.02254852432725152,0.1874497313171707,0.07930309089394318,0.0072377738898608684,0.00046863284178955264,0.006113055069565942,0.04813379988336249,0.1324796717487295,96024,Arkansas,Garland County
05053,2.5042289811236205,0.4957710188763793,0.14512967008345937,0.008012446087492298,0.14702061278216547,0.02184506805578894,0.0026886237607124854,0.00011202599002968689,0.004313000616142945,0.02195709404581863,0.10767153979723296,17853,Arkansas,Grant County
05055,1.3294606794963175,0.4191494416726063,0.14335946780708006,0.014293734853884535,0.16259078165835114,0.00553575671180803,0.0025659301496792587,0.00016631028747921122,0.0049655500118793066,0.021406509859824185,0.11287875980042765,42090,Arkansas,Greene County
05057,2.534610111017736,0.4653898889822637,0.1502056703082843,0.013309226414259807,0.2473866601795745,0.29395373523817947,0.0036268742536158167,0.0008403733026670795,0.0038922552965633154,0.11999646158609403,0.14840696182936,22609,Arkansas,Hempstead County
05059,1.638975791999514,0.3228745861555751,0.1568508337636303,0.04772593931294232,0.17557321629256142,0.10837408498617987,0.0028855207605625248,0.0004859824438842147,0.004677581022385567,0.02791361662059958,0.12591826382771923,32923,Arkansas,Hot Spring County
05061,1.8723620277032418,0.3403437522662992,0.15258539415476105,0.013097606788019436,0.19237123794328811,0.20639640292987163,0.006309377039669301,0.0007252157516861266,0.006962071216186815,0.09783160490245849,0.13827558198564072,13789,Arkansas,Howard County
05063,1.0866100908669196,0.07722323791851993,0.1563565912625863,0.024564340873741368,0.17328859115343684,0.019701476246350314,0.0075858869757415345,0.001091494528883674,0.004884438016754441,0.058367669932054465,0.11656430267143286,36647,Arkansas,Independence County
05065,0.0,0.0,0.2357622663551402,0.05617251022196262,0.16876058703271027,0.012777453271028038,0.00299357476635514,0.00014602803738317756,0.007666471962616822,0.015186915887850467,0.13956644275700936,13696,Arkansas,Izard County
05067,1.6573317775184753,0.4395176973940101,0.15869311551925322,0.11112338723120521,0.24642879368783682,0.16669444907484582,0.0029449352669889428,0.000889037061732511,0.005056398288603656,0.024226259932210923,0.14550097238428628,17997,Arkansas,Jackson County
05069,1.2025828113901982,0.6827791050558533,0.13243365403241428,0.07140640924646478,0.22989073416413766,0.5506424743333118,0.007761348227545683,0.00011622651255892039,0.002750694130561116,0.015742235423258217,0.15474455995350941,77435,Arkansas,Jefferson County
05071,1.9341816758026624,0.4314017227877839,0.14678935003915428,0.02184476507439311,0.2196213782302271,0.014252153484729836,0.006851996867658575,0.0007047768206734534,0.008848864526233359,0.1211433046202036,0.12881139389193422,25540,Arkansas,Johnson County
05073,1.1446697187704382,0.0,0.19398299542184436,0.014496193590582079,0.22192047089601047,0.3721386527141923,0.0034009156311314583,0.0,0.002223675604970569,0.017135382603008502,0.17261844342707652,7645,Arkansas,Lafayette County
05075,1.9888027562446167,0.4277347114556417,0.18145277060005743,0.034166023542922766,0.17729359747344245,0.007866781510192362,0.0012632787826586276,0.00022968705139247774,0.0036175710594315244,0.00907263853000287,0.1234845822566753,17415,Arkansas,Lawrence County
05077,2.137375287797391,0.41279739063699156,0.15416346891788182,0.16844741941673064,0.2581352647735994,0.5526669224865695,0.003933231005372218,0.0001918649270913277,0.004700690713737529,0.016116653875671526,0.17331744052187262,10424,Arkansas,Lee County
05079,1.0933210697608604,0.0,0.12438092542804585,0.24373625300693363,0.19650990519315126,0.2987830762699873,0.0019102872506013867,7.075137965190322e-05,0.002688552426772322,0.031979623602660254,0.13109063251733408,14134,Arkansas,Lincoln County
05081,0.0,0.0,0.1710576266039025,0.009347065522739352,0.15455029990129832,0.19125351150254347,0.002961050793409764,0.00015184875863639814,0.014577480829094222,0.02710500341659707,0.14023005086933416,13171,Arkansas,Little River County
05083,1.2689124502303941,0.3603990515814432,0.17187849505659195,0.025943564622198365,0.21538106741824362,0.01328680713998121,0.01614995750011184,0.00017894689750816444,0.010602603677358744,0.022815729432290967,0.13228515188117926,22353,Arkansas,Logan County
05085,0.6389929194218503,0.35516999239276725,0.1115483644449646,0.008369198022119493,0.1249484024811282,0.05961437181812862,0.007782784247176547,0.0004681373983264088,0.0053104336122652,0.032857393645034816,0.09612644098542923,68356,Arkansas,Lonoke County
05087,2.303493033021569,0.0,0.15600941655532227,0.005014850162244704,0.16954418782210345,0.00178151046637399,0.005153655277724756,0.0006998791117897818,0.012088821021823503,0.048291658713494945,0.12736431889037347,15717,Arkansas,Madison County
05089,1.7090614303729057,0.0,0.238035188854861,0.008471152344922838,0.20888050201164957,0.0018014772113132769,0.0022218218939530415,0.00048039392301687384,0.006905662643367561,0.017234131988230348,0.14501645349186332,16653,Arkansas,Marion County
05091,1.4299327870361844,0.5748319675904613,0.13769450326857563,0.03407916858484486,0.22237731332289842,0.2455344811711629,0.004557591382009023,0.0003913083509805727,0.006744314519841635,0.023892827548107908,0.13411308811343337,43444,Arkansas,Miller County
05093,0.9603270223752152,0.53407917383821,0.1223106712564544,0.016506486660929433,0.2614504518072289,0.34029690189328743,0.005012908777969019,6.454388984509466e-05,0.002925989672977625,0.036467297762478486,0.1429099612736661,46480,Arkansas,Mississippi County
05095,1.7474536752975824,0.46471959749662534,0.1891029574180881,0.010330396367652473,0.27971824763774694,0.4086390968216959,0.004417719965639956,0.0,0.0035587188612099642,0.016198306540679837,0.17546680574303594,8149,Arkansas,Monroe County
05097,3.0,0.0,0.2240961315484347,0.012762021713924316,0.19000474333298198,0.0023189627911879415,0.005270369979972594,0.00021081479919890376,0.008327184568356698,0.03805207125540213,0.14756108358806788,9487,Arkansas,Montgomery County
05099,2.448371679448705,0.5516283205512948,0.1765032788707347,0.017431454929420918,0.28221907302434146,0.30721351561631655,0.0025564076914527064,0.00011114816049794375,0.0034455929754362564,0.024452595309547624,0.147027231299322,8997,Arkansas,Nevada County
05101,3.0,0.0,0.2042016806722689,0.006117947178871549,0.14329231692677072,0.0010804321728691477,0.003001200480192077,0.00012004801920768306,0.010804321728691477,0.016926770708283315,0.1316795918367347,8330,Arkansas,Newton County
05103,2.5357963246554363,0.4642036753445635,0.17040581929555895,0.013458996937212865,0.2443854900459418,0.40076569678407353,0.0036370597243491577,0.00022970903522205206,0.0032924961715160798,0.01562021439509954,0.16386584992343034,26120,Arkansas,Ouachita County
05105,0.5198659645763524,0.0,0.1672570607946386,0.01454367640019148,0.17036055528961228,0.018764959310674963,0.0016275730014360939,0.00019147917663954044,0.006701771182383916,0.023647678314983246,0.12633240785064623,10445,Arkansas,Perry County
05107,1.8812336259594613,0.4069954497403135,0.14956106080801582,0.011301213402583075,0.33501475387231694,0.6305556832283863,0.0030794686767477136,4.596221905593602e-05,0.0023440731718527372,0.013191156869053637,0.19503102449786275,21757,Arkansas,Phillips County
05109,1.8742361172615358,0.0,0.17376671685413161,0.017358604198033832,0.1654070498627225,0.02922681781950226,0.005048268532459481,8.85661146045523e-05,0.006199628022318661,0.06438756531750953,0.12580046054379596,11291,Arkansas,Pike County
05111,0.6663954765488346,0.31501444087377456,0.15864621893178213,0.013871756905178376,0.22268592116503277,0.07220436887279827,0.0018305332953667168,0.00016271407069926372,0.00240003254281414,0.02208843509742505,0.13256673310824554,24583,Arkansas,Poinsett County
05113,1.679459878036976,0.0,0.1948020520762753,0.0074970283612428605,0.24255028554834962,0.0031458716484367437,0.004549414383893137,0.00024199012680282644,0.017616881231245766,0.05759365017907269,0.14597551059916755,20662,Arkansas,Polk County
05115,1.3732227871878744,0.4867053146354892,0.13137610519156653,0.05392581047381546,0.18664948019561484,0.028888816918742104,0.009796936230851443,0.0004048320756550183,0.007627036305340545,0.06749360365320466,0.10988962658289342,61754,Arkansas,Pope County
05117,0.0,0.0,0.1970166379804934,0.015058680436029833,0.15853459552495697,0.12208835341365462,0.0006884681583476765,0.0,0.002983362019506598,0.00929432013769363,0.13874985656913366,8715,Arkansas,Prairie County
05119,1.4876367094626723,0.8414353121913749,0.11994377472266203,0.020743774722662027,0.17593160738453179,0.3497306307577349,0.019608304201742147,0.0007106540630078433,0.004062746573445575,0.05791830613513923,0.1185929702727135,382746,Arkansas,Pulaski County
05121,1.2423061940007791,0.20218153486560186,0.18704435416550727,0.019429456285825587,0.18285469419555903,0.007123379152985698,0.0017808447882464245,0.00027825699816350384,0.005008625966943068,0.015749346096054315,0.14050564861706272,17969,Arkansas,Randolph County
05123,1.5284167315450492,0.4544199872602449,0.12198315521268313,0.14456697572368885,0.25553538820864885,0.5190388562530964,0.0048127963762474345,0.00031849387783990373,0.005237454880033973,0.040661051737561044,0.1558622337037299,28258,Arkansas,St. Francis County
05125,1.2206165163651301,0.47573703765940367,0.1482010493101066,0.013298856401351781,0.0861342258070539,0.046621482850688026,0.008691349726469875,0.00015870348587538976,0.005059840549674191,0.038154185104277524,0.09660314793031984,107118,Arkansas,Saline County
05127,2.619781002403632,0.38021899759636785,0.17047983619691978,0.007034051455532805,0.22001433276951837,0.004718240897356005,0.034184990652541616,0.0002670702394729814,0.018516869936793377,0.06961630908929048,0.14031478678892548,11233,Arkansas,Scott County
05129,1.6671140939597315,0.0,0.212934716290421,0.008663758389261745,0.2041250762660159,0.0014643075045759609,0.0013422818791946308,0.00024405125076266016,0.011714460036607687,0.01476510067114094,0.14876168395363026,8195,Arkansas,Searcy County
05131,1.086692009161471,0.6900369003690037,0.13136213258684312,0.017768333280315563,0.20388152913856725,0.06377242651736863,0.04057450057259193,0.0008668405649573738,0.018816007125588497,0.12282892225473979,0.11895765205496883,125744,Arkansas,Sebastian County
05133,1.2050064485871732,0.37782858482823306,0.12586469691640287,0.010125806073396647,0.20965629030366983,0.0430296635009966,0.003693281744635948,0.00023449407902450463,0.02333216086293821,0.30601477312697856,0.12657849689295345,17058,Arkansas,Sevier County
05135,1.6802015755329007,0.318871640407785,0.2394578313253012,0.010963838044485634,0.21491768999073216,0.00538693234476367,0.0028962001853568117,0.00011584800741427248,0.00984708063021316,0.01679796107506951,0.15989110287303057,17264,Arkansas,Sharp County
05137,1.3700177505244473,0.0,0.22801355494594158,0.012170534129417463,0.21998281426496694,0.0008875262223656609,0.0036307890914958852,0.00032273680813296756,0.006777472970792319,0.012667419719218977,0.1500549459415846,12394,Arkansas,Stone County
05139,1.6003986647133697,0.46542904488580417,0.15564734984029396,0.01258177910132328,0.20675453300991858,0.3295228031412858,0.0049713009438267005,0.000336223252239487,0.0034342803621604744,0.03506328201926079,0.14117209827325344,41639,Arkansas,Union County
05141,1.2884648742411102,0.0,0.22682856316854583,0.010910182133564613,0.1890005203816132,0.003931772188493784,0.0032379300375831167,0.0001156403584851113,0.006880601329864122,0.027464585140213934,0.14955385949696445,17295,Arkansas,Van Buren County
05143,1.066259572058208,0.5772240415630463,0.09672272425085564,0.03724449068032404,0.17952391598749168,0.029576736512939208,0.021746731342181073,0.020328466254647525,0.011784404008568686,0.15491591362371654,0.09057230443454066,203065,Arkansas,Washington County
05145,1.2399839119829779,0.4218433753697649,0.14074420052934766,0.04219133971664331,0.17690221339976125,0.03988271316622554,0.0054361928486169496,0.00046707146193367583,0.005825419066895013,0.037352742747418136,0.1129894908921065,77076,Arkansas,White County
05147,0.0,0.0,0.17809917355371901,0.014578429752066115,0.24703030303030304,0.2746556473829201,0.002066115702479339,0.0006887052341597796,0.0024793388429752068,0.011983471074380166,0.16193443526170798,7260,Arkansas,Woodruff County
05149,1.6989407257155735,0.13256704980842912,0.15402298850574714,0.014551728645481182,0.1679591165201713,0.013838178949740815,0.01293666892044174,0.0004958305161144918,0.0067162497182781155,0.19066937119675456,0.13651079558260085,22185,Arkansas,Yell County
06001,0.8696783873746634,0.9827880863416439,0.11107292715759753,0.024792307147307735,0.10872146615787101,0.12610438256878242,0.26125505137286764,0.008476837680013614,0.006488402782881847,0.22505467699355,0.08723731900971574,1510233,California,Alameda County
06003,3.0,0.0,0.14127659574468085,0.0204,0.198,0.0,0.005957446808510639,0.0,0.20425531914893616,0.07148936170212766,0.11900000000000001,1175,California,Alpine County
06005,0.0,0.0,0.2064792208133155,0.11947096952035913,0.09303202856317766,0.02525530965319892,0.010999973747079363,0.00202147488908141,0.01779948019217138,0.12485889055157386,0.10966217741723766,38091,California,Amador County
06007,1.2613727272727273,0.7374363636363637,0.15371363636363636,0.022472396818181816,0.2063135,0.015522727272727273,0.04116818181818182,0.0020545454545454547,0.01997727272727273,0.14143636363636364,0.09603137272727273,220000,California,Butte County
06009,0.4378428189038571,0.21892140945192856,0.20986002018517705,0.010804168677870903,0.12122028171486243,0.008403176971345825,0.012527974022554742,0.0017332923779016193,0.015116942384483743,0.10318574750976348,0.11332147088507614,45578,California,Calaveras County
06011,2.1189598020449134,0.5217797282786312,0.11648536346234652,0.010499066249591484,0.13776352770904338,0.009104066483029086,0.013119193239647043,0.0031747513889537325,0.01956207105840609,0.5510994911060274,0.11059727344880713,21419,California,Colusa County
06013,1.3898334167441195,0.9744372155096399,0.1243421272133648,0.009835220895593527,0.0911606148566526,0.092620290269536,0.1443902671528324,0.004618574390505469,0.0058358952360525245,0.24361669168990252,0.0934996858988108,1049025,California,Contra Costa County
06015,1.4811604334148898,0.5786787836420831,0.135372247465921,0.13344020971688222,0.21681349178608877,0.034708144005592446,0.03372946522195037,0.0011184900384480952,0.07843411394617267,0.17801468018175462,0.11017004543865781,28610,California,Del Norte County
06017,0.9597200896950149,0.5105325365352539,0.1464944934772283,0.009072593312640148,0.09043637397960874,0.007782036695423566,0.03477891062532448,0.0016237890620685084,0.011432800539053784,0.12081763854676401,0.08973850920699444,181058,California,El Dorado County
06019,1.1365468321779784,0.8602450427212639,0.10040410554032994,0.018833487237358268,0.24836998871513782,0.05322478370680853,0.09603632650867859,0.0015100220323499382,0.016818743618679133,0.5030576602719115,0.12110003546670967,930450,California,Fresno County
06021,1.622679752506934,0.7371097361496337,0.13288528554156886,0.011243809117416969,0.18644026029443142,0.008214209515681673,0.02567384965507432,0.0008534243652656284,0.022011236754142665,0.37475997439726905,0.11263064504658274,28122,California,Glenn County
06023,1.0218461927010987,0.5789798177131694,0.13166398015197997,0.03723915527064469,0.20281996389918514,0.011179367567206198,0.021868477154720962,0.0026147092250209847,0.05738989622872763,0.09813330560156883,0.09512676140035506,134623,California,Humboldt County
06025,1.3636493857719105,0.7459949119911992,0.104006233956729,0.061214272208470845,0.2564321541529153,0.033077786945361204,0.016289649798313165,0.0009454070407040704,0.0175272735606894,0.8037163091309131,0.13980290268610196,174528,California,Imperial County
06027,1.8876846759409036,0.4380998598080449,0.19060713900571552,0.0233475412487868,0.10334546532945109,0.005877278119271002,0.013102555807182142,0.0008627197239296883,0.11436428340342931,0.19395017793594305,0.1074919659225709,18546,California,Inyo County
06029,1.3991027010674928,0.896256808050203,0.08984542019053608,0.04378108681075377,0.2192711095707519,0.05826488064399719,0.04150156437768496,0.0014911312231206328,0.015097108134406663,0.49192204670861367,0.11301407165766866,839631,California,Kern County
06031,1.3937848897255887,0.9166503248748219,0.07863670235714006,0.1410587526637121,0.17993439751081827,0.0719953981514165,0.03673634806709286,0.0017714502359754743,0.016747068282543045,0.5089879855146358,0.1087294256840674,152982,California,Kings County
06033,0.42853166318719554,0.3005335189051264,0.176911776076703,0.01677351735869481,0.2106682440269079,0.01905203742364494,0.011196164849609527,0.0016701461377870565,0.03168638366968221,0.17146833681280446,0.12168284234129746,64665,California,Lake County
06035,2.1840091703682476,0.17438028370826766,0.09955581028800688,0.2802317008167359,0.16461934374552228,0.081215073792807,0.010202034675454935,0.004728471127668721,0.03536323255480728,0.17529732053302766,0.09216412093423126,34895,California,Lassen County
06037,0.7638449286088674,0.9910380964945479,0.108532145747833,0.017484064763684172,0.16014577513537853,0.08728223679820538,0.13719240892033868,0.002657906814337212,0.007418402311737119,0.47754588302051904,0.10263318980908201,9815995,California,Los Angeles County
06039,0.7819441222284824,0.5123189606601929,0.11442017697941868,0.05716624730719517,0.21106711298180492,0.037311503662214564,0.01857289629801478,0.001073807708878799,0.027415238789646374,0.5368508268982203,0.11534007887846749,150865,California,Madera County
06041,1.1605885685534192,0.9187271452285775,0.1671572725219782,0.0358350102413147,0.0737940525100135,0.027681263346394147,0.05451865820949332,0.002016568347404411,0.006033857746752295,0.15478449659085056,0.08197226723294336,252409,California,Marin County
06043,0.0,0.0,0.20935839132102352,0.039714958084488515,0.13981968111336365,0.007561229521670046,0.011177469727686155,0.001424579475097255,0.0288751301298559,0.09183058462549998,0.11558265300531477,18251,California,Mariposa County
06045,1.0438178071743263,0.5009961179859064,0.1536070855295363,0.023279905738778018,0.18568727587345318,0.007080975854100021,0.01650709805216243,0.0013547204608326407,0.04869024715110256,0.2220489293154677,0.10829908584829408,87841,California,Mendocino County
06047,1.2168667633594352,0.8220514243939435,0.09366949056463625,0.019138790350009576,0.2294333855891287,0.038804814830742045,0.07363766795807547,0.002279186686109471,0.013577384838521774,0.5492136219521253,0.11368295848596326,255793,California,Merced County
06049,2.6013834400165186,0.363204625232294,0.19667561428866406,0.03686244063596944,0.16231519719182325,0.008465826966756143,0.008052859797646087,0.0021680776378277928,0.038199463142680155,0.13855048523642371,0.12422888705347924,9686,California,Modoc County
06051,2.5961836361075905,0.5799887339811294,0.09695817490494296,0.01563750880157724,0.10380361920856218,0.0033093930432333473,0.01351922264469793,0.0007745387973524855,0.021264610618222785,0.26489226869455007,0.08252710885790734,14202,California,Mono County
06053,0.9707746054692206,0.8494976508854355,0.10702806890736057,0.04506391711841947,0.1368878641127575,0.030803517648476088,0.06085531863630888,0.004989760269847006,0.01316467895434285,0.5541404650042163,0.1009540079508493,415050,California,Monterey County
06055,0.9068682043316433,0.8062776589197268,0.15088948155095103,0.036034042085519184,0.08583461065033264,0.019548078895694734,0.06757568652735851,0.002725594208844993,0.00775182438967205,0.3224553793851294,0.09325084258960757,136484,California,Napa County
06057,1.1467133773439715,0.5733566886719857,0.19413956502369284,0.01188569418006561,0.1156499129237374,0.003938682110890608,0.0120185492689644,0.0011137661496091694,0.01057065327447248,0.08544611396865255,0.09770430521242558,98764,California,Nevada County
06059,0.9726120096153463,0.9964836083327686,0.11616217990371365,0.013030426272379,0.11614783528470647,0.01685708666701216,0.1786566154672067,0.003107447109615745,0.0060235440444251324,0.33651253675850146,0.09472657422061347,3010188,California,Orange County
06061,1.3733440097350416,0.8820688111310098,0.15372296459567433,0.010920076227212196,0.08213540088166414,0.013635372181659548,0.0586484593837535,0.002232860357257657,0.008641571382651422,0.1283177205308353,0.08122038159526106,348432,California,Placer County
06063,0.713750187434398,0.0,0.20762733043434797,0.013848283100914679,0.11460263907632329,0.009596641175588543,0.006697655820462838,0.000899685110211426,0.026940570800219922,0.08022192232718549,0.10699645124206528,20007,California,Plumas County
06065,1.327427165843393,0.8961811847835618,0.1180951867711104,0.016363333519057086,0.15083229145354105,0.06418567138222313,0.059584441586531436,0.003139340309239178,0.01082830356881887,0.4545316290591296,0.10211930223891504,2189632,California,Riverside County
06067,1.2033425712650516,0.9736965635457869,0.11175101565561592,0.01676550379619788,0.15863638683157738,0.10365043967104318,0.14322858665283325,0.009767491690090415,0.010084663811647687,0.21581518873855712,0.09718477249596134,1418788,California,Sacramento County
06069,1.2850060612639997,0.7540755215401038,0.09698022399536811,0.00523086902241763,0.09233950315728529,0.008739076154806492,0.026108668512185854,0.0017007725849933959,0.0161935262081818,0.5642584450596175,0.09802397365611826,55269,California,San Benito County
06071,1.3288058726126541,0.9208017845824263,0.08910530117285194,0.019677492691171916,0.17356777089342132,0.08935785496336987,0.06318905665754394,0.0033755730366890886,0.01114823531723999,0.4919123825059822,0.10384061349934404,2035210,California,San Bernardino County
06073,1.100539816516014,0.9370315293035175,0.11353398737638964,0.03294124981302363,0.1254044039516546,0.051113765305004895,0.10858068866101016,0.004954914061947249,0.008509645718960067,0.3202741178511626,0.0857804262641137,3095311,California,San Diego County
06075,0.19637993877563692,0.9966655696784169,0.1364098679267543,0.03013236160872292,0.11121117561953965,0.0606903574732842,0.33271653616646074,0.004171453054077381,0.004997298925158494,0.15122790241358114,0.08892245120989525,805235,California,San Francisco County
06077,1.087705346224898,0.8707015552176692,0.1038674694224186,0.020943490061374043,0.16448421726936582,0.07550495690976002,0.14369055575173717,0.005483681742170651,0.01050041879102182,0.38864536426063684,0.10721477850770313,685306,California,San Joaquin County
06079,1.309571757585198,0.7374099251957261,0.15213787425316258,0.06307610379881098,0.1455706672303875,0.020583228562845602,0.03154982439353649,0.001442680344314764,0.009405237411779541,0.20758649591858683,0.08625981597481058,269637,California,San Luis Obispo County
06081,0.8708638445767353,0.9692365937273384,0.13398547708890376,0.012317570718114387,0.07045331553578463,0.028444528576061556,0.24791948233073655,0.014360060741790324,0.00460156642554607,0.2540214990305532,0.08743019217733708,718451,California,San Mateo County
06083,1.0794033132487484,0.8826821177991573,0.12833058880705114,0.041943412193246106,0.14542381934254045,0.020083798487286315,0.04875033618480964,0.0019015084671388195,0.012940166181459585,0.42862973430783674,0.09107146699254967,423874,California,Santa Barbara County
06085,0.9620984462647378,0.984880239689006,0.1105407259146338,0.01703488192352897,0.08036342486313187,0.026059107272953824,0.3202237037519322,0.003962636713773025,0.007274188641713655,0.2689709829471914,0.08385628987192714,1781642,California,Santa Clara County
06087,1.2691000144827007,0.8971995030146885,0.11112804994245032,0.04180119329832077,0.1442416095616315,0.010541881683956979,0.04235046611429138,0.0013301217309114191,0.008586717076628732,0.32049454611977957,0.08759260924911007,262382,California,Santa Cruz County
06089,1.1401116107954385,0.5817190770949594,0.16909204787189022,0.014975166315884506,0.17043674353780267,0.008734757903883807,0.024776693769995993,0.0015291468940261705,0.027930911901954035,0.08395072874288326,0.10071248088566383,177223,California,Shasta County
06091,3.0,0.0,0.20864197530864198,0.0102,0.083,0.001851851851851852,0.003703703703703704,0.0006172839506172839,0.013580246913580247,0.08302469135802469,0.122,3240,California,Sierra County
06093,1.1886636971046771,0.31420935412026724,0.1955902004454343,0.010562309576837417,0.19644877505567926,0.012717149220489977,0.012026726057906459,0.0017817371937639199,0.040400890868596884,0.10278396436525612,0.12043951002227173,44900,California,Siskiyou County
06095,1.1999477412611776,0.9231143305074904,0.11333613982115898,0.030125771300274842,0.10226385340456007,0.14697286416598923,0.14630753300042582,0.008622691905702008,0.007771068013780823,0.2403587465644718,0.09772539242441838,413328,California,Solano County
06097,1.0316381401923624,0.8063065483448307,0.13921691004757397,0.02075620672979553,0.10270550428000447,0.015727104766077398,0.037904182459214925,0.0032198198719511945,0.013410405102112517,0.24888504953728005,0.08232237671479174,483878,California,Sonoma County
06099,1.0776378017039459,0.8873949612501045,0.10658116484887832,0.01225854023593992,0.1615902813279347,0.028614858888955843,0.050714059399012155,0.006610905175011128,0.01147237940103372,0.4191986439966333,0.10590786524716543,514453,California,Stanislaus County
06101,1.4503098050392138,0.8285991745569313,0.1265609001762775,0.011190919070690437,0.16015122919239577,0.020256077350982192,0.14422031518836356,0.0029661061676008317,0.014408309319484468,0.2876489650295027,0.10716066584333471,94737,California,Sutter County
06103,1.2571734711564218,0.41080629658226053,0.1586908907552432,0.01326434142728834,0.21576439815325466,0.006397428422860564,0.01033673163890771,0.0011975481776783322,0.025904857948726028,0.21911980208940643,0.11967975040574823,63463,California,Tehama County
06105,0.7085449006238212,0.0,0.2008559408095169,0.02791796024952851,0.19763165530248078,0.004279704047584506,0.006818511533439721,0.0011605977078195271,0.04751196866386189,0.0695633251124329,0.12717583055273465,13786,California,Trinity County
06107,1.0846467154704316,0.7336531133319312,0.0944843604060799,0.010791733890573727,0.25737274723584797,0.01627395240389073,0.03432094242376956,0.001151117533849414,0.015814862306893815,0.6062363884309295,0.12129251728372446,442179,California,Tulare County
06109,0.7328456606159126,0.3996387609500587,0.20399169150185134,0.08094732050934707,0.12524900207712453,0.020644811704145217,0.010331436828321142,0.001372708389776935,0.018766368644450464,0.10689063487763027,0.10875482705680485,55365,California,Tuolumne County
06111,1.1071918748284382,0.9214799142008313,0.11697667244005354,0.012876333081506782,0.09612602663855278,0.01841694217787052,0.06734457402850418,0.0019955837234215696,0.009799372781841282,0.40272045552265345,0.09115367209267865,823318,California,Ventura County
06113,1.0165348097326847,0.9061135479887876,0.09843713436462218,0.03340310332637952,0.2024607391622562,0.02592992745794104,0.12970938366633641,0.004530766894532709,0.011023206488456502,0.30347674123346396,0.08561686142325828,200849,California,Yolo County
06115,0.8839581456586515,0.5574804240870349,0.10054743261035272,0.01623510775414039,0.18501710207192848,0.03272122514032291,0.06738271776037696,0.004060702654008731,0.023213914489640358,0.2501697734044765,0.0959729055505509,72155,California,Yuba County
08001,1.377606130393136,0.9358292402904872,0.08347316481092747,0.00912059338365002,0.11652215677882623,0.030658759111690817,0.03607538898060022,0.0013383061256377333,0.013396648120597007,0.38015593191169444,0.07879342984535884,441603,Colorado,Adams County
08003,1.7870508255098738,0.7211395273551311,0.113434768533506,0.047905289737779216,0.23184104888313375,0.01113629006150858,0.009582389122693429,0.001230171576561994,0.02803496277112334,0.4603431531239883,0.10235603755260603,15445,Colorado,Alamosa County
08005,1.215930685678222,0.9610281764256481,0.10066380770730224,0.008602738447175975,0.09057572600143705,0.10158513154651287,0.0508336494738664,0.0019929965402279357,0.007627582372819723,0.18447805343678267,0.07125340426536224,572003,Colorado,Arapahoe County
08007,1.1802383316782523,0.4426514399205561,0.1751075802714333,0.010677135054617677,0.10545009930486594,0.003061900033101622,0.007365110890433632,0.0004965243296921549,0.018785170473353194,0.17775571002979146,0.09369794769943728,12084,Colorado,Archuleta County
08009,1.3764519535374868,0.0,0.24049630411826822,0.021683632523759242,0.19541288278775085,0.006335797254487857,0.0015839493136219642,0.0,0.013463569165786695,0.09186906019007392,0.11424709609292504,3788,Colorado,Baca County
08011,3.0,0.0,0.13663640560086168,0.3397,0.22899999999999998,0.07631943375903985,0.009539929219879981,0.0006154793045083859,0.02400369287582705,0.3054316048622865,0.12,6499,Colorado,Bent County
08013,1.1785026835999959,0.8938713433616121,0.10021828650188243,0.030378875773593102,0.12765243900369014,0.008595667539133711,0.04118927103171774,0.0005873027189060553,0.00621929815627684,0.13333469125869496,0.056537524569962014,294567,Colorado,Boulder County
08014,1.6926944479235628,1.0,0.09855248796722074,0.005045973268442806,0.04663572438225769,0.010502961226717244,0.06096011737551218,0.0007693821682263057,0.006011916477303226,0.11122045483010969,0.05734484424484245,55889,Colorado,Broomfield County
08015,0.6261440844516817,0.3844123757650626,0.19782132629569318,0.08063351676118816,0.10088797798865742,0.015441630636195183,0.005952046717951597,0.0005053624571845696,0.010781065753270818,0.09422202257285642,0.08854208546240665,17809,Colorado,Chaffee County
08017,3.0,0.0,0.1786492374727669,0.0229,0.115,0.003812636165577342,0.005991285403050109,0.0005446623093681918,0.007080610021786492,0.09694989106753812,0.08800000000000001,1836,Colorado,Cheyenne County
08019,0.8315360915492958,0.0,0.12455985915492958,0.009226474471830986,0.05502574823943662,0.006161971830985915,0.005611795774647888,0.0003301056338028169,0.007922535211267605,0.04720510563380281,0.07412356954225352,9088,Colorado,Clear Creek County
08021,0.0,0.0,0.15188953488372092,0.004336155523255814,0.22519767441860464,0.0032703488372093025,0.0027858527131782948,0.00048449612403100775,0.022044573643410854,0.559593023255814,0.13429941860465117,8256,Colorado,Conejos County
08023,4.0,0.0,0.22900113507377978,0.0,0.300072077185017,0.00681044267877412,0.009648127128263337,0.002553916004540295,0.029511918274687854,0.6603291713961408,0.18258626560726446,3524,Colorado,Costilla County
08025,0.0,0.0,0.10544392924609308,0.4606,0.284,0.09599862613772969,0.010132234243517087,0.0,0.023870856946591103,0.2895414734672849,0.10099999999999999,5823,Colorado,Crowley County
08027,3.0,0.0,0.22420681551116334,0.0353,0.153,0.010340775558166862,0.0037602820211515863,0.0,0.007050528789659225,0.04700352526439483,0.1,4255,Colorado,Custer County
08029,0.26350478159731194,0.13175239079865597,0.2015701731713621,0.023037577539415873,0.17499819074696304,0.0051692943913155855,0.0051692943913155855,0.00048462134918583614,0.009530886533988111,0.14037865081416387,0.10975449082450246,30952,Colorado,Delta County
08031,1.0474758313644075,1.0,0.1035260714678468,0.026627131688655322,0.1389810083344719,0.10236471062620177,0.034046034544236686,0.0010114003312461052,0.013724719157288581,0.31819120964812597,0.07086405746486758,600158,Colorado,Denver County
08033,4.0,0.0,0.187984496124031,0.0,0.136,0.001937984496124031,0.0009689922480620155,0.0009689922480620155,0.029069767441860465,0.03972868217054264,0.091,2064,Colorado,Dolores County
08035,1.3683954250083197,0.8102569491881667,0.07126267668540802,0.0022807587620198625,0.03540526859685075,0.012176624104531204,0.03753875256161,0.0006725868320109295,0.004144115740984009,0.07493738286655106,0.05089711523304082,285465,Colorado,Douglas County
08037,0.6859781213479702,0.3701170565358162,0.05628675977546602,0.0010468187826886603,0.07261447975937314,0.006877789911297584,0.010115523880682797,0.0002873728375193977,0.006571258884610227,0.300572829856122,0.05706408414276683,52197,Colorado,Eagle County
08039,1.7445638049034047,0.0,0.09499263622974963,0.0031622325218747293,0.04443970371653816,0.007103872476825782,0.007493719137139392,0.0010829073897600278,0.006584076929740969,0.053452308758554966,0.07291613965173697,23086,Colorado,Elbert County
08041,1.504486045289532,0.8578912774823507,0.09971828631945014,0.030760967147331595,0.11093985340603571,0.061858088943099625,0.02740802522406121,0.003511377022255863,0.009557052243183348,0.15052317107075305,0.06757802890417718,622263,Colorado,El Paso County
08043,1.658230821800786,0.7742824192721681,0.1760635571501794,0.1858955023065095,0.12434253801469332,0.0393601571843499,0.00602255253716043,0.0004698445241756364,0.017298821117375705,0.12322740474970101,0.09316072954040663,46824,Colorado,Fremont County
08045,0.8963804997428576,0.47945521289613224,0.08365106669740552,0.015675473939952826,0.0824150632215503,0.0068275727535512245,0.006561563425490787,0.0008157619393853411,0.01133199737537463,0.2833531362499778,0.06732495699515863,56389,Colorado,Garfield County
08047,0.0,0.0,0.09446792868957912,0.009000000000000001,0.040999999999999995,0.005146112846903143,0.014151810328983643,0.001837897445322551,0.007535379525822459,0.04907186179011211,0.069,5441,Colorado,Gilpin County
08049,0.0,0.0,0.10233780233106515,0.014998073165802064,0.11325884255204474,0.0038401940308562953,0.008421478137842754,0.0005389746008219363,0.004918143232500168,0.0751869568146601,0.07121350131375058,14843,Colorado,Grand County
08051,0.5768076220308014,0.39963456016705823,0.088162359697207,0.05546763899765074,0.1365291046724093,0.0031323414252153485,0.006525711302531976,0.00026102845210127906,0.01357347950926651,0.0818976768467763,0.05810036543983294,15324,Colorado,Gunnison County
08053,0.0,0.0,0.17437722419928825,0.0664,0.13,0.0035587188612099642,0.0035587188612099642,0.0,0.010676156583629894,0.028469750889679714,0.081,843,Colorado,Hinsdale County
08055,2.5368797496647297,0.4877067501117568,0.2516763522574877,0.02457948144836835,0.16072150201162272,0.005215318134406199,0.0037252272388615705,0.0019371181642080166,0.03188794516465505,0.35285352406496795,0.12672954850245866,6711,Colorado,Huerfano County
08057,0.0,0.0,0.18436154949784792,0.0014000000000000002,0.157,0.0,0.0007173601147776184,0.0,0.012195121951219513,0.10760401721664276,0.092,1394,Colorado,Jackson County
08059,1.293226176378701,0.9035998974825225,0.12610959268010244,0.013894068765281747,0.0752091038513272,0.01060157929296614,0.026259814458331695,0.0008549358985151803,0.008824360247912702,0.14301001042011588,0.06423070173961683,534543,Colorado,Jefferson County
08061,4.0,0.0,0.2145922746781116,0.01,0.11300000000000002,0.002861230329041488,0.0,0.0,0.005007153075822604,0.055793991416309016,0.10400000000000002,1398,Colorado,Kiowa County
08063,0.9696493349455865,0.0,0.15985489721886337,0.1299839177750907,0.1002372430471584,0.02720677146311971,0.004353083434099154,0.0008464328899637243,0.00713422007255139,0.19032648125755744,0.08651390568319227,8270,Colorado,Kit Carson County
08065,2.0,1.0,0.08850889192886457,0.018162927496580026,0.16735704514363886,0.0036935704514363885,0.004514363885088919,0.0005471956224350205,0.01326949384404925,0.39097127222982214,0.08337482900136799,7310,Colorado,Lake County
08067,1.6946273425020455,0.35177465227724314,0.11647251334398255,0.03340697198737679,0.08770802976584718,0.003973974363969299,0.005571356216153037,0.0006038882611914131,0.05818755600576616,0.11797249386371605,0.06790359216114077,51334,Colorado,La Plata County
08069,1.2963788672696326,0.7986249707973166,0.11861629342856189,0.028472127957814636,0.12800500617428162,0.008343623802689984,0.019357207222240765,0.0007475886927210226,0.007362413643493642,0.10555685345259153,0.05954087708173414,299630,Colorado,Larimer County
08071,2.3236602824530856,0.4273553878893403,0.1772102921261366,0.055347468885019666,0.18115025472367316,0.014058167279293222,0.007093570645514928,0.00045140904107822275,0.024182627200619075,0.4156832398271748,0.11610266331334236,15507,Colorado,Las Animas County
08073,1.5394183281507225,0.0,0.1679165904518017,0.18841280409731112,0.1327728187305652,0.05304554600329248,0.00786537406255716,0.0003658313517468447,0.00932869946954454,0.12493140662154746,0.0927728187305652,5467,Colorado,Lincoln County
08075,1.71262495046017,0.3166585935091814,0.14624157822889602,0.17190123739486549,0.1462545246378088,0.039631864018671005,0.005592496367079132,0.0006605310669778501,0.011581311374344974,0.15636972125588974,0.08709348716367961,22709,Colorado,Logan County
08077,1.5355329430287004,0.8234019206259414,0.14907001628919803,0.02475486801660271,0.1600983894822216,0.006372552360570599,0.007640247268662718,0.001097305807542103,0.010591386490188995,0.13325790775815652,0.08436144980677876,146723,Colorado,Mesa County
08079,0.0,0.0,0.2303370786516854,0.0,0.12,0.0028089887640449437,0.0014044943820224719,0.0,0.0056179775280898875,0.02949438202247191,0.091,712,Colorado,Mineral County
08081,2.1165639724537875,0.8834360275462124,0.10540050743022834,0.007403747734686481,0.13757912287060528,0.0030445813700616165,0.005581732511779631,0.0005074302283436027,0.00884378397970279,0.14389271475172163,0.08445820949619429,13795,Colorado,Moffat County
08083,0.8328960250636381,0.1531623262189152,0.16718229880556099,0.009283837869590758,0.16284938319953007,0.0022713922067750148,0.004738594086547875,0.0005091051497943998,0.12249853142745251,0.11035833170158606,0.0986280007832387,25535,Colorado,Montezuma County
08085,1.0632328714022676,0.500024227153794,0.17804535323190232,0.01312170995251478,0.1656692024420971,0.00392479891462351,0.006177924217462933,0.0006056788448493071,0.01080531059211164,0.19689407888361277,0.09588186839810059,41276,Colorado,Montrose County
08087,1.1389253879754253,0.6910046521538407,0.14080755708654427,0.020040740083099542,0.09960396320892077,0.02869420078838027,0.004971767463333215,0.0010653787421428319,0.00841649206292837,0.3375830107603253,0.09194420966653645,28159,Colorado,Morgan County
08089,0.9648983059848123,0.554617386224842,0.1836333705060804,0.02297046359725984,0.25018198714885026,0.007593861186341671,0.007593861186341671,0.0005841431681801285,0.017949126440443948,0.4033774095905687,0.12619170516701186,18831,Colorado,Otero County
08091,0.0,0.0,0.17515779981965734,0.0,0.099,0.0015779981965734896,0.00563570784490532,0.001127141568981064,0.003832281334535618,0.04418394950405771,0.08,4436,Colorado,Ouray County
08093,2.5012958163643093,0.0,0.11606812291743798,0.005693311119338517,0.055224299642107864,0.004257682339874121,0.006355670739232383,0.0001234110823151919,0.009379242255954585,0.04831543872639763,0.07798105639886461,16206,Colorado,Park County
08095,0.0,0.0,0.2068887888338586,0.013525506528590725,0.0674968482665466,0.00405222872579919,0.00585321927059883,0.0011256190904997748,0.004502476361999099,0.18685276902296263,0.09538923908149481,4442,Colorado,Phillips County
08097,0.5214602285980873,0.26073011429904364,0.1145323069745743,0.004197935619314206,0.07234038954980174,0.005423372988103569,0.012071378586424073,0.0006997900629811056,0.002624212736179146,0.09103102402612549,0.060487287147189185,17148,Colorado,Pitkin County
08099,1.7772289060632618,0.5931798263086606,0.14620348976177197,0.025102828459883677,0.18823631583140787,0.005099195283244363,0.0030276471994263405,0.00015934985260138634,0.008923591745677636,0.35192414947016176,0.10079029559397658,12551,Colorado,Prowers County
08101,1.5532336244129685,0.8627084865745019,0.1530588508955571,0.0271688620232235,0.202200624909627,0.020256124931630863,0.007908816003721796,0.0010058907476911663,0.01920622646372821,0.41374172497689593,0.10451916536215211,159063,Colorado,Pueblo County
08103,0.0,0.0,0.12406240624062406,0.03528955895589559,0.11177317731773177,0.007500750075007501,0.0033003300330033004,0.0016501650165016502,0.00885088508850885,0.09975997599759975,0.07768136813681369,6666,Colorado,Rio Blanco County
08105,2.07252545484894,0.4442497078951761,0.16232682356868636,0.0165375897179102,0.17155065932231678,0.0035887164079452514,0.0035052578868302454,0.00016691704223001168,0.018360874645301284,0.42447003839091973,0.11294024369888166,11982,Colorado,Rio Grande County
08107,0.9324514015908801,0.328980390488749,0.08120294355353269,0.014244608447828492,0.10656778255136332,0.004211153175379642,0.006380535114211578,0.000723127312943979,0.0046365221829937475,0.06805904121825684,0.0618156876090008,23509,Colorado,Routt County
08109,2.0582842174197773,0.0,0.14620170268500327,0.0029330550098231826,0.17740798952193843,0.0022920759659463,0.007694826457105435,0.00016371971185330714,0.018664047151277015,0.4014407334643091,0.11691257367387035,6108,Colorado,Saguache County
08111,3.0,0.0,0.12303290414878398,0.0,0.04599999999999999,0.0,0.011444921316165951,0.0,0.002861230329041488,0.12017167381974249,0.079,699,Colorado,San Juan County
08113,0.817774154097024,0.0,0.07025411061285501,0.0012266612311455363,0.08808955021062644,0.003940752819676587,0.007202065498029623,0.0005435521130588394,0.0077456176110884635,0.08560945780676722,0.05945182769398016,7359,Colorado,San Miguel County
08115,0.0,0.0,0.23917612442202607,0.0147,0.17,0.003362757461118117,0.007145859604875998,0.0,0.004203446826397646,0.12147961328289197,0.114,2379,Colorado,Sedgwick County
08117,0.30392226905765524,0.15196113452882762,0.07708794741730371,0.009740219332714153,0.10298538972636993,0.008216046295634778,0.009930699435593342,0.0006787168679002643,0.0031078088161748947,0.14249482031863972,0.05402918482531971,27994,Colorado,Summit County
08119,0.7216702355460386,0.40184154175588865,0.12946466809421842,0.005647802997858673,0.08358312633832977,0.004710920770877944,0.007066381156316916,0.0008993576017130621,0.009079229122055674,0.055417558886509635,0.08063306209850107,23350,Colorado,Teller County
08121,1.785625259659327,0.0,0.1927710843373494,0.038197964270876614,0.10676796842542584,0.006231823847112589,0.002285002077274616,0.0006231823847112588,0.0014540922309929372,0.08454507685916078,0.094321562110511,4814,Colorado,Washington County
08123,1.1558667062197172,0.6570513200830614,0.09585681795708494,0.023315709285078614,0.1124799327598141,0.009781469395827153,0.011952931869870464,0.0008543458914268763,0.011142094334025512,0.2835162661920301,0.07433856224661327,252825,Colorado,Weld County
08125,3.0,0.0,0.16160509807826345,0.019526874439908394,0.14450124464801356,0.0017922931395001494,0.0022901523449168574,0.00029871552325002487,0.004978592054167082,0.20790600418201732,0.09025062232400678,10043,Colorado,Yuma County
09001,1.301082317422333,0.9304308655158159,0.13533057963916936,0.020908248757401868,0.08805355633384197,0.10832663451963234,0.04611983259691829,0.00048209644328440745,0.002600266789117709,0.1690882378284282,0.08117787177325324,916829,Connecticut,Fairfield County
09003,1.2942325287970882,0.9107329415423024,0.14554470064227182,0.031573190911999144,0.1140885769126658,0.13332117841555055,0.04245794808582416,0.0003232611569841188,0.0026699805595885523,0.1529987226150821,0.09085158621677066,894014,Connecticut,Hartford County
09005,0.918458144444971,0.5245278449088334,0.1597561168238323,0.01476330379566886,0.06988186513765815,0.013468332569882113,0.015311145861304606,0.00023693313746860637,0.0021271330563848215,0.04493831840654567,0.0843712742264133,189927,Connecticut,Litchfield County
09007,1.2911103599797193,0.7157765759675512,0.15464521113498636,0.030694478379487678,0.07204138197445617,0.046639223544749996,0.025634370699437456,0.00035008088075520895,0.0015270769453632391,0.04728506241097081,0.0821722216856998,165676,Connecticut,Middlesex County
09009,1.4696739739146667,0.951197539180755,0.14373948522685243,0.03385426567896883,0.12082198365869466,0.1273657152596533,0.03508847192446871,0.00038725670365702506,0.0028951496677592564,0.15043067815141736,0.09952086954202836,862477,Connecticut,New Haven County
09011,1.2656692999580377,0.7199357793143712,0.14228895659630367,0.04663980368904052,0.10480984473919469,0.058473664045538304,0.04153545821094306,0.0006568024666581526,0.009140500994325956,0.08470562478334641,0.08619325317910638,274055,Connecticut,New London County
09013,0.99880150107079,0.5478318957895357,0.11932595896287274,0.10555047448769084,0.0997230616080843,0.03281791330202828,0.033623461762644816,0.00023577028115606027,0.0017289820618111088,0.04323764989423083,0.07129823630731347,152691,Connecticut,Tolland County
09015,0.6884098355118722,0.45186949032323437,0.12847468504069984,0.040291226736920316,0.11096905292667275,0.022097814705981694,0.011720201303745736,0.0003715337589083663,0.004745499375147769,0.0958472658492924,0.09064567500928836,118428,Connecticut,Windham County
10001,1.1348653810609328,0.61684431027047,0.13543219764647896,0.026620935863471137,0.1388183291232826,0.23974493253650422,0.020368430780605015,0.0005606555357032839,0.006425974986137638,0.05758117183168012,0.12091706610806481,162310,Delaware,Kent County
10003,1.4024818052328873,0.9194044707407345,0.12297972622887801,0.03185970929228438,0.11927730329316463,0.2373091615457613,0.04327002538631961,0.00029527613890235275,0.0029230480668698314,0.08713617429834776,0.10291108102637243,538479,Delaware,New Castle County
10005,0.9501280783179893,0.5114661797154378,0.20833903979304572,0.014890837201044916,0.11873380506733623,0.12739354282380988,0.009855689974384336,0.0007608612949859241,0.007933247102386569,0.08599761596794238,0.12603968652514647,197145,Delaware,Sussex County
11001,0.5824411241669298,1.0,0.11435955392311656,0.06648502717346143,0.17190885838222342,0.5070717479100534,0.03499310276055776,0.0005019195931459722,0.003455267662749921,0.0909920390898968,0.09468971231032591,601690,District of Columbia,District of Columbia
12001,1.0822807840346735,0.7204450625869263,0.10765517352912637,0.0562844802212375,0.22925255118543197,0.20329430410453794,0.05351020474172785,0.0005417731345214607,0.0031212601481385646,0.08390206035514441,0.08948128052527735,247336,Florida,Alachua County
12003,1.8803983035220357,0.524248570901715,0.10901714917942099,0.08645037433155078,0.14605303337635994,0.13571823713811543,0.00486815415821501,0.00018439977872026554,0.0028028766365480362,0.019177576986907616,0.1098267010879587,27115,Florida,Baker County
12005,1.4399296425271835,0.7607135242697747,0.14544690024400067,0.022600840973159928,0.148754246322223,0.10766825385544737,0.01985762679743207,0.0009534977376637529,0.006828465164759671,0.048012460616397794,0.10723206713571648,168852,Florida,Bay County
12007,0.0,0.0,0.14421458625525946,0.15750406381486678,0.20993488779803646,0.2041725105189341,0.0052945301542776995,0.00045582047685834503,0.0031907433380084153,0.03576437587657784,0.13178786816269286,28520,Florida,Bradford County
12009,1.6635674836069043,0.921751148850965,0.2037510421095057,0.014221788508361722,0.12834386945151455,0.10084859460145867,0.020886358993612075,0.0009459501738229454,0.0038979036345466894,0.08086585727194595,0.12034683796830516,543369,Florida,Brevard County
12011,1.1642165023117241,0.9951391439355715,0.1426850323160832,0.00966349827178461,0.13339204345881056,0.2674523439314526,0.032490563749466544,0.0005211533334935122,0.002896948936126395,0.2507062171132796,0.11900973029313874,1748046,Florida,Broward County
12013,1.9405128205128206,0.5604102564102564,0.1543931623931624,0.12928664615384616,0.12159282051282051,0.1375042735042735,0.005128205128205128,0.0008205128205128205,0.011282051282051283,0.051623931623931626,0.11894605128205128,14625,Florida,Calhoun County
12015,1.70533448349148,0.8709822600607584,0.3412906774681519,0.018819827101226417,0.11110960257035343,0.05681406193351586,0.011951643350960757,0.0003688007100976384,0.0026066084086561903,0.05758916851067022,0.14257522284314095,159978,Florida,Charlotte County
12017,1.2112067744767623,0.6177532640403297,0.3189059446600017,0.01594101574669348,0.16661124642442438,0.028229346625506246,0.014132374182219831,0.0002690532158939647,0.003412727633181342,0.046617009827522725,0.16113804554079694,141236,Florida,Citrus County
12019,1.6500196473947555,0.8172949466900689,0.1167945930369633,0.006555351688366123,0.1098074293348702,0.09866135750399498,0.02928247714353077,0.0011212113273779897,0.00456343488853378,0.07654101066198622,0.10974577319047495,190865,Florida,Clay County
12021,1.4743188604130382,0.8476735506344862,0.264216844986315,0.014143595732769344,0.12231127457078876,0.06558534461308783,0.010907564070664344,0.0003887783030604628,0.0034927842746951977,0.2586993033092809,0.11642086650908187,321520,Florida,Collier County
12023,0.8625668211636137,0.2200618974989264,0.1538552664702137,0.06820447350105877,0.17983629740415513,0.1750011106010573,0.0092105847684767,0.0006219365920836357,0.0051235728776413796,0.048511054182523584,0.1317542313900283,67531,Florida,Columbia County
12027,0.7312259767081636,0.39871493316505074,0.1786472376799954,0.10894264528713213,0.28692094544202856,0.1271011416441971,0.005105845906717916,0.0003155298032241409,0.003929780276518846,0.2990361998737881,0.1535597785554472,34862,Florida,DeSoto County
12029,0.7491779320423821,0.0,0.19303373523322373,0.08709465960297164,0.22606302521008403,0.08439897698209718,0.0029229082937522835,0.00012178784557301182,0.004201680672268907,0.031177688466691025,0.14779570088905128,16422,Florida,Dixie County
12031,1.4959763405352307,0.9460071760563624,0.11127284171600543,0.023124396161816486,0.15817699242013136,0.2950699034900256,0.041539438805085954,0.0009187018303456239,0.003949029404243847,0.07566909609690568,0.11122190698896055,864263,Florida,Duval County
12033,1.6750543480086957,0.9035041445606631,0.14424146307863409,0.06033993898239023,0.13667548778807806,0.22942755670840909,0.027464644394343103,0.001444800231168037,0.008813281410125025,0.04724496755919481,0.12330851860936297,297619,Florida,Escambia County
12035,1.4901563283731818,0.7576596722956027,0.2445765758234409,0.007149217313158334,0.11927024118040461,0.11373516134425682,0.02138020397926768,0.0006165356963718442,0.0027900852700217353,0.08622094967396757,0.13156797567296438,95696,Florida,Flagler County
12037,0.0,0.0,0.17447398043120615,0.15828051779374838,0.22148852714520736,0.13758766992813232,0.002251277166854273,0.0006061130833838427,0.00502207983375184,0.0458048315871504,0.12750298727162526,11549,Florida,Franklin County
12039,0.4574575869279355,0.074521977192869,0.13630386514044276,0.046576386643385294,0.24605169328935741,0.5603914721162344,0.004893401452930652,0.000409579857293755,0.0029532863394339175,0.09525965207268965,0.1668526805923818,46389,Florida,Gadsden County
12041,0.0,0.0,0.1686049943916406,0.06659728437333963,0.17429576716453155,0.052954719877206444,0.0035421217309168193,0.0007084243461833638,0.004958970423283547,0.0498848810437452,0.12494728142157152,16939,Florida,Gilchrist County
12043,2.709096553865259,0.2909034461347408,0.21476249611921763,0.11509591741695126,0.16701164234709717,0.12325364793542379,0.003958398013039429,0.0001552312946289972,0.045715616268239674,0.2111145606954362,0.15121421918658803,12884,Florida,Glades County
12045,0.8415810376347476,0.0,0.16308390594465108,0.21748175628821784,0.1497131690096451,0.186723822732144,0.00289982979259913,0.00025215911239992434,0.003971506020298808,0.042740969551787175,0.12074519321691989,15863,Florida,Gulf County
12047,1.3369146563957024,0.0,0.13149537130887223,0.20701375092911684,0.286631664301642,0.344753023852963,0.005135482127170755,0.0,0.00628420839245895,0.08824920602743429,0.1446950469626326,14799,Florida,Hamilton County
12049,1.594172586635895,0.14820958494104072,0.1289170963903213,0.07154325484115251,0.270785438678735,0.06981356604522015,0.010746096426382027,0.0004327287151563233,0.006202444917240633,0.4289423388987054,0.14336962244419602,27731,Florida,Hardee County
12051,1.138886050076648,0.37644353602452735,0.11474195196729688,0.04963368421052631,0.2729581502299438,0.1344149207971385,0.0071282575370465,0.0006131834440470108,0.0171691364333163,0.4916453755748595,0.1454758303525805,39140,Florida,Hendry County
12053,1.3405005266874255,0.7276042088691848,0.25768905763465255,0.0105785493523481,0.14275600481542788,0.05102501475882346,0.010759471691997823,0.0004282952690736089,0.0035479054046232738,0.10299922443829654,0.14468277789996412,172778,Florida,Hernando County
12055,1.2904849178302737,0.6274162354823358,0.32217823185734973,0.017553054405168137,0.19353408803248312,0.093783857673731,0.01457082392490811,0.0004556546745106775,0.004769185593211758,0.173725938901771,0.17074167417653077,98759,Florida,Highlands County
12057,1.44259834461169,0.9475983527470757,0.11815590328002486,0.01794804856499929,0.15987063434857524,0.16682910320387764,0.03423044944752595,0.0007525231899173282,0.00388790089147558,0.2494553359182166,0.1081421007844139,1229198,Florida,Hillsborough County
12059,1.562402770110905,0.36387815526672357,0.1718773523360265,0.08691726300998646,0.25901088974757863,0.0575600943443569,0.004365935665177899,0.0013549455512621067,0.008029306970442114,0.022281326842976866,0.14715647111958646,19927,Florida,Holmes County
12061,1.5907569478656505,0.8426985828962239,0.271712985771003,0.013004136117309531,0.11890598284406062,0.08981510997768569,0.012070014779609934,0.00036949024835540616,0.0029559219868432493,0.11204248413365404,0.12769453299330571,138028,Florida,Indian River County
12063,0.6148233023760704,0.17699915571101194,0.15681662847264102,0.16069611426044306,0.20060919470912233,0.26597113335745587,0.004804406384432919,0.0010252080569292004,0.006734209785711414,0.04307884050978973,0.13769633739396134,49746,Florida,Jackson County
12065,0.8901835918975679,0.0,0.16475848519747985,0.09069308312444956,0.15206774608766344,0.3617641081227559,0.0038615269968159337,0.00033873043831718716,0.0025066052435471853,0.03698936386423684,0.142265496917553,14761,Florida,Jefferson County
12067,1.0701240135287486,0.0,0.12220969560315671,0.23605591882750843,0.17777429537767755,0.15907553551296505,0.0014656144306651635,0.00022547914317925591,0.004284103720405863,0.12130777903043968,0.11750913190529877,8870,Florida,Lafayette County
12069,1.2850410029220474,0.6016993657676097,0.24179268276261395,0.01342269703620915,0.1254008321775312,0.0979727455125702,0.01741445942124611,0.0007237790016562756,0.004955361350874594,0.121221200328562,0.13212304243028156,297052,Florida,Lake County
12071,1.5681207717445058,0.8930899840647495,0.234513231429615,0.01371687488080885,0.13912543272447533,0.08253522401471344,0.013674255035118965,0.0006141374439599583,0.0035442195121162855,0.18312285657951302,0.1194575517895642,618754,Florida,Lee County
12073,1.4214173445570935,0.838384388374043,0.0943057204151194,0.05442739294413166,0.21850266981745056,0.30317220050310906,0.029231869380406336,0.0005081909491191962,0.002813199896909836,0.05575943692442838,0.0842483202474164,275487,Florida,Leon County
12075,1.0265679762750912,0.1017867209137031,0.1939658341707311,0.01555739320114703,0.2073623440601946,0.09391926668464008,0.005612607534129065,0.0005882208769392907,0.004166564544986643,0.07467954216808412,0.14645501335751576,40801,Florida,Levy County
12077,0.7556485355648536,0.0,0.10615660490137478,0.22495882845188286,0.13832301255230126,0.17895995218170951,0.0020322773460848776,0.0,0.010639569635385536,0.06192468619246862,0.12346610878661089,8365,Florida,Liberty County
12079,1.1420099875156056,0.0,0.15839575530586766,0.10054218164794008,0.28727746566791507,0.38805659592176445,0.0024448605909280067,0.0,0.004837702871410736,0.046764461090303786,0.15988925301706203,19224,Florida,Madison County
12081,1.4408904913686023,0.8527628835961627,0.23265589329467556,0.014919465791910988,0.12627024808492318,0.08744459209560361,0.016339717439047434,0.0006752717349217706,0.0032338701433868287,0.14854429379896109,0.12488614546840007,322833,Florida,Manatee County
12083,1.2051989447566842,0.5809844913039016,0.2575264565436556,0.024872359326044834,0.16600251435263721,0.12323648195884068,0.01330222337593345,0.00043465399730755995,0.003951125572747194,0.10907702431043954,0.13783338263436543,331298,Florida,Marion County
12085,1.5715633073169397,0.8619171940567805,0.27318580079006,0.026881841605270712,0.10762448912642326,0.05359559316010334,0.010525020845008816,0.0007107806284941019,0.0057409204609139,0.12220642709714458,0.11966394428573382,146318,Florida,Martin County
12086,0.8612357909992537,0.9898421442457177,0.14100704496447475,0.016038652007115867,0.18052830263504185,0.1894605536868594,0.015089370944398578,0.00027039011886349627,0.0020028897693592316,0.6504733028813973,0.14229606636455078,2496393,Florida,Miami-Dade County
12087,1.3183747227774278,0.7527311557101005,0.17063220436437312,0.02749551241683323,0.12038913835117597,0.05733373490677108,0.011075212879555348,0.0009583002491580648,0.004038551050023273,0.20632204364373136,0.10902618897680913,73046,Florida,Monroe County
12089,1.235125624028153,0.6175628120140765,0.1624246392230679,0.007408025752243773,0.10323834465449983,0.06367133153285866,0.008715934200834765,0.0006819979812859754,0.004201107564721609,0.03246310390921243,0.10375141173582127,73314,Florida,Nassau County
12091,1.6817754476778268,0.8802468726150579,0.13946311842585526,0.02700585382309675,0.11530042251495946,0.09289245777615555,0.029465441152072204,0.001957726382851644,0.0059063609516541125,0.06800057515125373,0.09730436008892723,180822,Florida,Okaloosa County
12093,1.9252425242524251,0.6051605160516051,0.1697919791979198,0.0625830508050805,0.2239567206720672,0.08008300830083008,0.008775877587758775,0.000725072507250725,0.009500950095009501,0.23904890489048905,0.13869684468446844,39996,Florida,Okeechobee County
12095,1.4623851177532121,0.9422691621667848,0.09679167437493237,0.02941433266198702,0.16289897168826728,0.20789716184565551,0.04937449605394972,0.0011047544582863565,0.00395477662318623,0.26898414947868854,0.10490084872368573,1145956,Florida,Orange County
12097,1.703370117423749,0.9058302473156298,0.11037460222937641,0.012144267822915309,0.16423090980144034,0.11302826730185905,0.027563875914174592,0.0010942181364795207,0.005404097735266204,0.45460669557288275,0.1304338872657573,268685,Florida,Osceola County
12099,1.2839947398561944,0.9741030333697948,0.21600526014380556,0.015129211220832108,0.12780711695032862,0.173234776337837,0.02355853576503883,0.0005832820752115723,0.004577628026627963,0.1899976971720667,0.11505026073466271,1320116,Florida,Palm Beach County
12101,1.4669300641062886,0.8720478074960674,0.20711345242168552,0.012206112369995933,0.13739958725793366,0.04454515523018225,0.021080402929220546,0.0005810237638719423,0.003542093019752656,0.11735819254266759,0.12104762888505843,464697,Florida,Pasco County
12103,1.3557971156804598,0.9978298866827707,0.21177316478677463,0.02146913016533885,0.13088289352806526,0.10337224044288205,0.029620028323852046,0.0008837565545277795,0.00315533821690659,0.0799101405063816,0.11429975603954866,916542,Florida,Pinellas County
12105,1.341944420454017,0.7603705081615434,0.17986453897411026,0.02036486683098264,0.1679825441959036,0.14753559256724885,0.016210147286461207,0.0005979152687629133,0.004494329770201232,0.17693641503291857,0.13448023890036737,602092,Florida,Polk County
12107,0.67259695551611,0.2637028669786456,0.18920445376795222,0.01891846995858211,0.24621515787208867,0.16177182507665,0.006118551987520844,0.0007127104512936367,0.004827604754988973,0.09017804313915335,0.15434891883169277,74364,Florida,Putnam County
12109,1.2259799304353316,0.607570025100111,0.1567730834197191,0.014727465414993765,0.09004002862570315,0.05622003904461716,0.02062734491341251,0.0007840495898210367,0.002899404859002626,0.05247343966238509,0.09585789758944217,190039,Florida,St. Johns County
12111,1.800168473193683,0.9653334005306186,0.19935274614905557,0.010985778414552052,0.15176740619678963,0.19092188675577507,0.015601769688504585,0.0005795765851059617,0.00404263667747823,0.1655753107574454,0.12908444898826088,277789,Florida,St. Lucie County
12113,1.4322662051105886,0.6928692228417409,0.1285574610892371,0.028036358771767567,0.100288501175911,0.054204212139629525,0.018226620511058847,0.0014335544222181117,0.008627751499616839,0.042986813941812224,0.0994344198398647,151372,Florida,Santa Rosa County
12115,1.4886572073116737,0.9564973329678902,0.311576289768295,0.014815470367481183,0.09715174147709305,0.046949779679956144,0.012921401614977547,0.0003531445678986317,0.0024904598258522906,0.07914918513208662,0.11647337184541756,379448,Florida,Sarasota County
12117,1.6429581896205034,0.9675670305026046,0.1198837049758941,0.008316553588917435,0.11543908941658507,0.11143835843280864,0.03712167449694596,0.0006103359686599577,0.003278781599080238,0.17140741581858354,0.09622233261890906,422718,Florida,Seminole County
12119,1.1132426935017663,0.5627662991114442,0.4338935874103415,0.09583740070656246,0.08788916604217965,0.0965849480783642,0.006637404988759234,0.0004175141847767905,0.0038432715983299434,0.05975805588266781,0.15191827427470292,93410,Florida,Sumter County
12121,1.4196770234170055,0.0,0.1889244542850954,0.03351299607711006,0.17679880147288876,0.11441361218743232,0.0054872325575798415,0.00036100214194604224,0.005078096796707661,0.08654424682919785,0.1340871218502563,41551,Florida,Suwannee County
12123,2.2760744350908286,0.2676118741692512,0.15631369073992024,0.14416856889676563,0.1872899424014178,0.20686752326096589,0.006778910057598582,0.00026583961010190517,0.007975188303057155,0.03442622950819672,0.13465538325210458,22570,Florida,Taylor County
12125,1.8102993241068555,0.4711297071129707,0.10003218538783393,0.3075735242999678,0.21957869327325394,0.22201480527840362,0.0021886063727067913,0.0001287415513356936,0.0036691342130672675,0.04782748632121017,0.13017444480205986,15535,Florida,Union County
12127,1.4539712450439048,0.8454769881498525,0.21085822079972827,0.025900246869648376,0.15360452129326538,0.10471438131959004,0.015299448233193758,0.0004124603461836298,0.0035948749780122242,0.11164128889814454,0.1294726310319798,494593,Florida,Volusia County
12129,0.5142968546919677,0.0,0.10849363140109176,0.1113995970886405,0.12156771510267741,0.14504808942032754,0.005588770470496491,0.0005848713283077723,0.006206134650376917,0.03301273719781648,0.10610387964647779,30776,Florida,Wakulla County
12131,1.447650019075995,0.3911124030303581,0.1624729756735643,0.03751531711570954,0.15685945533491996,0.05773667859673346,0.009065639590865324,0.0010537216358120014,0.008865795832349255,0.05306760169322166,0.11423910397325727,55043,Florida,Walton County
12133,2.010202442159383,0.0,0.15371947300771208,0.10821555269922879,0.22971043541131106,0.15042577120822623,0.005382390745501286,0.0006025064267352185,0.012813303341902314,0.029442480719794346,0.14362246947300772,24896,Florida,Washington County
13001,1.832090370695328,0.5322439131388462,0.13467865760035094,0.023382529063391094,0.23036718578635665,0.18600570300504496,0.0069094099583241935,0.0012612415003290195,0.003728887914016232,0.0934415441982891,0.14842114498793593,18236,Georgia,Appling County
13003,0.744,0.0,0.10626865671641791,0.0024133731343283582,0.292955223880597,0.17349253731343284,0.002746268656716418,0.002865671641791045,0.005611940298507463,0.2434626865671642,0.15122471641791047,8375,Georgia,Atkinson County
13005,0.0,0.0,0.13338139870223503,0.029285517303532804,0.2722733417447729,0.15356885364095169,0.003424657534246575,0.0009012256669069935,0.001802451333813987,0.07128695025234319,0.1420583093006489,11096,Georgia,Bacon County
13007,3.0,0.0,0.15357867284844973,0.0,0.2156450304259635,0.4674007534048102,0.007244277021153289,0.0005795421616922632,0.002607939727615184,0.04201680672268908,0.1662860040567951,3451,Georgia,Baker County
13009,0.7831583552055993,0.4389982502187227,0.1204724409448819,0.09992436351706037,0.27785341207349085,0.41480752405949256,0.012729658792650918,0.00041557305336832894,0.002143482064741907,0.02010061242344707,0.131270384951881,45720,Georgia,Baldwin County
13011,0.0,0.0,0.12503397662408264,0.0,0.13477461266648547,0.0232128295732536,0.008969828757814623,0.00016308779559662953,0.003098668116335961,0.056591465072030445,0.1223989671106279,18395,Georgia,Banks County
13013,1.2369858866608041,0.6359075641155016,0.09330084910692404,0.004176356192425793,0.12167180359536955,0.11372842994507475,0.03433909495869794,0.0005189787651188605,0.002681390286447446,0.08702985569507114,0.10444345293871726,69367,Georgia,Barrow County
13015,0.7773595455135437,0.38867977275677185,0.10594366844054834,0.00987657377916671,0.1304696326766976,0.1016204558842617,0.007178729394850085,0.0005990594766217039,0.003923839571872161,0.07677945625368172,0.11102474115638448,100157,Georgia,Bartow County
13017,1.1145514347283656,0.5572757173641828,0.13995690144039924,0.017456731314506067,0.3104350119088125,0.3461494839514574,0.007145287512759442,0.00011341726210729273,0.0031756833390041966,0.05818305546104117,0.15599194737439037,17634,Georgia,Ben Hill County
13019,0.8983200248885201,0.0,0.13813128694389712,0.009131878046251166,0.2599835113553873,0.10696878564762004,0.0042517888623872235,0.00020740433475059628,0.002903660686508348,0.04588820906356943,0.1356083169138235,19286,Georgia,Berrien County
13021,1.4369354600217297,0.8761724752004217,0.1265791047079018,0.03890054645862666,0.27402048255511197,0.5214886818775033,0.016271609224221616,0.0007714710023336998,0.0021344031064565692,0.02821655191035507,0.15368352330806764,155547,Georgia,Bibb County
13023,0.8517185945035597,0.42585929725177984,0.15088417668223225,0.1101541529510832,0.21225177983617852,0.2728316619459542,0.008420730306973895,0.00022965628109928806,0.000995177218096915,0.023042180203628568,0.1250019903544362,13063,Georgia,Bleckley County
13025,0.8725761772853186,0.0,0.12275270218890881,0.0035747487914833524,0.24038026180001085,0.029221660963554396,0.0020639834881320948,0.00010863070990168921,0.003150290587148987,0.0186301667481397,0.13217761121068927,18411,Georgia,Brantley County
13027,0.6237763959859632,0.158591393215539,0.15760635350612573,0.0,0.2661383980791726,0.3527057809517946,0.003139814073754848,0.000861909745736625,0.0030166841100781874,0.052514929508095796,0.16053493812719324,16243,Georgia,Brooks County
13029,0.9674858598220487,0.48374292991102436,0.08980253365527735,0.0032472463863989676,0.14475103363873912,0.14176562034862566,0.016075149670889424,0.0008269109913008963,0.0032414910858995136,0.044190123375119905,0.09924655178116627,30233,Georgia,Bryan County
13031,0.818106726291354,0.5380321004884857,0.09116026033581612,0.06862841049888205,0.3154744007861344,0.27641454348662003,0.01452639674152983,0.0009114601877038324,0.0026062064742156457,0.03473517809077574,0.10131040916017488,70217,Georgia,Bulloch County
13033,1.3204666323554641,0.2227654829301767,0.11867387201921427,0.01213443986961743,0.24979340367129868,0.49463887459255446,0.0033024532509864472,0.0008577800651912849,0.002101561159718648,0.02646251501115114,0.15513908903757076,23316,Georgia,Burke County
13035,0.6845064468399915,0.34225322341999576,0.12618896639188332,0.0991110632001691,0.23941056859015006,0.2734728387233143,0.004607905305432256,0.00012682308180088776,0.0024941872754174594,0.025237793278376663,0.13871629676601144,23655,Georgia,Butts County
13037,1.417538093815357,0.0,0.11906184642963848,0.2541089632506722,0.26593725724529427,0.61323573349268,0.0044816253361219,0.00268897520167314,0.0014938751120406335,0.039139527935464595,0.1793743651030774,6694,Georgia,Calhoun County
13039,1.907310989250292,0.7095005246174252,0.09019460336942965,0.03714935957080356,0.13179694336111497,0.19398966602656742,0.014332943994615247,0.0015045631817551918,0.0051273929483499295,0.0512739294834993,0.10152204383030111,50513,Georgia,Camden County
13043,0.0,0.0,0.14402618657937807,0.026115475541007457,0.3295801963993453,0.24395344608110567,0.005182760501909438,0.0004546281142025823,0.0008183306055646482,0.1115657392253137,0.16515493726132024,10998,Georgia,Candler County
13045,1.489645064101984,0.744822532050992,0.10954789327494639,0.032421278058754874,0.1910870466039972,0.18175649388837117,0.007717571272177839,0.00028952201724465515,0.003519502022130339,0.06152342866448922,0.11059224442896307,110527,Georgia,Carroll County
13047,1.2515248193675519,0.6861061587063276,0.13537268149260268,0.007215065215351412,0.09793247005098371,0.02176972881674017,0.012245472459416346,0.0005317318820180789,0.0033155046761127274,0.022973945137781115,0.10464333302054986,63942,Georgia,Catoosa County
13049,2.2997288636923834,0.0,0.12677676444006244,0.14718264727631256,0.24722257825979788,0.2846109604798291,0.006244351326924657,0.00024648755237860487,0.003697313285679073,0.025470380412455838,0.152930983485334,12171,Georgia,Charlton County
13051,1.391679082662241,0.8921901816192973,0.12396129981328857,0.04862114290025083,0.16838633046036625,0.4013013220677819,0.02380476397035249,0.0009580747977292873,0.002606416083586368,0.054199121136110744,0.11868309601493691,265115,Georgia,Chatham County
13053,2.2265909292624477,0.7190911511493743,0.037277003638945594,0.28993999289961836,0.14566477323156118,0.18842637791781308,0.02183367355995385,0.0063903434809621015,0.007189136416082364,0.12407916925534747,0.07074349871305582,11267,Georgia,Chattahoochee County
13055,1.3950413223140496,0.6975206611570248,0.14610801460695752,0.0745963790121084,0.20301710551604843,0.11143571016721122,0.004151451085911974,0.0010378627714779935,0.0025754372477416873,0.040092254468575825,0.14227757063232752,26015,Georgia,Chattooga County
13057,1.5475819469455927,0.8204351842348353,0.09189814598826197,0.006564909072247675,0.08221993412519944,0.05653009619960251,0.01650602297220382,0.0006298228098494957,0.0037975982756851072,0.09594767338788687,0.08856615005645078,214346,Georgia,Cherokee County
13059,1.6449440512706273,0.9338811110920712,0.0852682625906061,0.07867461144335726,0.34837104374796507,0.2655037099234025,0.04171736038521514,0.0007197080041811607,0.0021162842503898416,0.10446047603543705,0.09331006563051562,116714,Georgia,Clarke County
13061,0.0,0.0,0.195727301288093,0.0182,0.4110000000000001,0.6041470311027333,0.0031416902293433867,0.00031416902293433867,0.0034558592522777255,0.008168394596292806,0.23,3183,Georgia,Clay County
13063,1.6221513815221413,0.941986863204638,0.06643949673121993,0.015557140048723325,0.20036013630196128,0.6610028370543974,0.0498681694831627,0.0005358023929937091,0.003719779203157765,0.1366373196003454,0.13571975222030344,259424,Georgia,Clayton County
13065,0.0,0.0,0.12768461312150634,0.022811768167107973,0.39514386584289496,0.2774345395704619,0.001912327155045602,0.0005884083553986466,0.006472491909385114,0.03471609296852016,0.17761326860841423,6798,Georgia,Clinch County
13067,1.7866898810890626,1.0,0.08715872328427882,0.013179652888190004,0.1003841206956188,0.2496432090547874,0.04455454178160034,0.0005028499675908836,0.0033629908237147533,0.12255877967323472,0.08990599757585623,688078,Georgia,Cobb County
13069,0.6542402493153272,0.0,0.11075172348663707,0.06273126829728964,0.23036722070072718,0.26638492775521766,0.007153650014165644,0.0003541410898101804,0.002762300500519407,0.102748134856927,0.13640284729436208,42356,Georgia,Coffee County
13071,1.3032880566178733,0.3927425381335443,0.12886280715635853,0.022081713481911295,0.25321708646533914,0.22440546837223616,0.006461822497692206,0.0004176007736603807,0.004791419403050684,0.1706228845223966,0.1468614664380852,45498,Georgia,Colquitt County
13073,1.4915802116837158,0.7841245274197319,0.10237559752686352,0.005160792564468413,0.08822906338419868,0.14863808211006585,0.03837875746656671,0.001620275204952722,0.0031680007738627844,0.04977711139593561,0.09602556165509903,124053,Georgia,Columbia County
13075,0.0,0.0,0.13478968161747618,0.008300499651405996,0.24035963281431558,0.27329769927957237,0.006623286079479433,0.00029049500348594004,0.0023239600278875203,0.05949337671392052,0.147717580757611,17212,Georgia,Cook County
13077,1.3876073108854277,0.6938036554427138,0.10399239693049632,0.00461214056253289,0.10855929687315911,0.17302481208322534,0.015190430186070988,0.0005340999238122167,0.0029532584022557867,0.06670750960201702,0.10052311160332084,127317,Georgia,Coweta County
13079,2.2570071258907363,0.0,0.13159144893111638,0.010525866983372921,0.19687260490894698,0.22311955661124308,0.0026128266033254156,0.0006334125098970705,0.004592240696753761,0.023832145684877275,0.14354940617577197,12630,Georgia,Crawford County
13081,0.4751055932420325,0.23755279662101625,0.1396390630999616,0.02158416741328555,0.3013713469004651,0.4300098127053202,0.007807500319979521,0.0004693032979222663,0.0013652459575920475,0.031912624258714106,0.17288971372498826,23439,Georgia,Crisp County
13083,0.0,0.0,0.14411110443095052,0.05968328623820117,0.15161239704202487,0.008717609571334094,0.007094330547706367,0.0005410930078759093,0.004448986953646365,0.01755546203330728,0.11430217038417605,16633,Georgia,Dade County
13085,0.0,0.0,0.14025974025974025,0.013387931034482757,0.08651410658307211,0.004702194357366771,0.005642633228840125,0.00040304523063143755,0.003672189879086431,0.04120017913121361,0.09984773846842812,22330,Georgia,Dawson County
13087,1.3302923640543065,0.3716327850010775,0.139321887795417,0.03840471230515049,0.253296961425185,0.41081818834853817,0.005172042238344946,0.00021550175993103942,0.004202284318655269,0.050427411823863226,0.15577016737303356,27842,Georgia,Decatur County
13089,1.4628172275192841,0.9683621600449781,0.08993876220745116,0.01885779463009454,0.17127887693617366,0.5430391693513303,0.05120155862250377,0.000494296083353929,0.0035829239492233627,0.09802671800408444,0.1132040532278835,691893,Georgia,DeKalb County
13091,0.0,0.0,0.13832813360249588,0.08951124059460451,0.2380135345935034,0.2984033767663791,0.0046338777757386675,0.000642319691686548,0.0025233987887685813,0.033584143879610937,0.14602628922738117,21796,Georgia,Dodge County
13093,1.72999061536399,0.864995307681995,0.13775305000670332,0.13261100683737767,0.2553918085534254,0.4988604370559056,0.006435178978415337,0.0002010993430754793,0.0010725298297358896,0.05778254457702105,0.16284763373106315,14918,Georgia,Dooly County
13095,1.4428911330830645,0.8208533812721408,0.12115476127531327,0.04580381113519801,0.3083849098503675,0.6711785544334584,0.007783006397715857,0.001268968434410194,0.002210120023264421,0.021921429704436102,0.16072075292127108,94565,Georgia,Dougherty County
13097,1.4560772792157277,0.7486084152171779,0.08492254707219625,0.01033344410625137,0.1307808659924624,0.3949306284600802,0.01438033881407521,0.0010347197571052016,0.003013526883831937,0.08402377589631654,0.11198117112150027,132403,Georgia,Douglas County
13099,0.0,0.0,0.1626998546511628,0.01562971475290698,0.28388435683139535,0.4961845930232558,0.003361191860465116,0.0001816860465116279,0.003542877906976744,0.015534156976744186,0.1803340297965116,11008,Georgia,Early County
13101,1.2597917699553793,0.0,0.09866137828458106,0.0,0.26365096678235,0.04238968765493307,0.0032226078334159644,0.0004957858205255329,0.017848289538919187,0.29325731284085277,0.11796083292017849,4034,Georgia,Echols County
13103,0.7537990430622009,0.284688995215311,0.0911578947368421,0.011619666985645934,0.08631755023923444,0.13488995215311006,0.008172248803827751,0.0004976076555023923,0.002985645933014354,0.028727272727272726,0.0991192918660287,52250,Georgia,Effingham County
13105,1.2722899930576217,0.20108102747198253,0.16810473073490032,0.010925260339184766,0.19003327382723395,0.29505107606863035,0.006000198353664584,0.00024794208072994147,0.0024298323911534267,0.04795199841317068,0.15589923633839137,20166,Georgia,Elbert County
13107,1.5705372156828037,0.21063810956721835,0.13992388706965217,0.04054378706080184,0.26943110009735377,0.33463138330825737,0.006814762368351181,0.00013275511107177626,0.002566598814054341,0.04075581909903531,0.14994012744490665,22598,Georgia,Emanuel County
13109,0.0,0.0,0.1368181818181818,0.03673811818181818,0.273608,0.2913636363636364,0.006727272727272728,0.0015454545454545454,0.0017272727272727272,0.131,0.1531091818181818,11000,Georgia,Evans County
13111,0.0,0.0,0.21944937083016638,0.006797162401824171,0.13517730765982605,0.0035047715564563804,0.0032514145764715816,0.00025335697998479854,0.0029980575964867833,0.018199476395574697,0.1351344903302086,23682,Georgia,Fannin County
13113,1.4833297362222826,0.7416648681111413,0.12710313699362843,0.005230820985858662,0.055738915424099394,0.20076571546538796,0.038754961667307894,0.0007037825968639448,0.0029652706747867537,0.06343427139733689,0.10538132817851681,106567,Georgia,Fayette County
13115,1.2374243383826324,0.644953642659136,0.14225941422594143,0.03876658533799848,0.19077866835553434,0.14161570646926294,0.013009126114808393,0.0012043564479790692,0.0035715398112482737,0.09330647756886115,0.1259255479302719,96317,Georgia,Floyd County
13117,1.6973181168131912,0.8948669883938899,0.08909982850077773,0.003658825372768658,0.059409233609289444,0.02569639509774316,0.0622468107412071,0.0003760448063084365,0.0032761479337477424,0.09429608400613067,0.08117921383844887,175511,Georgia,Forsyth County
13119,0.0,0.0,0.16885527984060858,0.027619145082412606,0.2488075529795327,0.08377105596812172,0.005479079876833907,0.00018112660749864155,0.0019018293787357362,0.039213910523455894,0.13451009780836803,22084,Georgia,Franklin County
13121,1.524003862777963,1.0,0.09062103171801286,0.034097448350552534,0.155694557024314,0.4405641654563803,0.056017884357813165,0.00036390062362790453,0.002453885100822198,0.07882630643039559,0.1052736956335184,920581,Georgia,Fulton County
13123,0.8674183514774495,0.20981196097836843,0.17725858900042415,0.00997293934681182,0.15938544464866392,0.004771666902304538,0.0026155803760780434,0.0013784815495546444,0.003322493991234271,0.0946203873886611,0.13313509119185638,28292,Georgia,Gilmer County
13125,3.0,0.0,0.1508760545100584,0.0289,0.183,0.08208955223880597,0.0003244646333549643,0.0,0.0022712524334847503,0.010707332900713823,0.132,3082,Georgia,Glascock County
13127,1.5554467133850751,0.8294150151960414,0.15040313465450983,0.01824484213699043,0.18433818099615704,0.2602918644663803,0.011566573732198026,0.001193077637957451,0.0029136211790118803,0.06437595760178837,0.12810814306884685,79626,Georgia,Glynn County
13129,0.8318232885152032,0.45897510238103867,0.11638821440220345,0.012132859783278369,0.2004397310912188,0.03633167832421266,0.009785090421483709,0.0012865581850469321,0.0036603486391476097,0.14021672163229804,0.12126849200884283,55186,Georgia,Gordon County
13131,0.27983687177641836,0.0,0.14137779377074086,0.007993346927351966,0.23475542761185078,0.28691375794650353,0.004238135220502978,0.0008396305625524769,0.007276798208788134,0.09995601935148535,0.14786577905721485,25011,Georgia,Grady County
13133,0.6293610103788921,0.31468050518944607,0.20995373264974365,0.010507577841690634,0.2424347255220708,0.3817056396148556,0.0033762660997874202,0.0008128048018006752,0.003126172314617982,0.05583343753907715,0.16896504939352258,15994,Georgia,Greene County
13135,1.7502151316059062,1.0,0.06842613069819364,0.007056300282744396,0.11451454016472935,0.23613813622145705,0.10591056237202308,0.00059231039548205,0.005014149637225404,0.20120548203759742,0.09924385803921666,805321,Georgia,Gwinnett County
13137,0.4536604632791989,0.22683023163959945,0.153318928463558,0.05538824144420437,0.14540356869031854,0.033549406379963294,0.02230431449083432,0.0015101879603169072,0.004530563880950722,0.12390511372877024,0.118354406263795,43041,Georgia,Habersham County
13139,1.0101511542485697,0.6037543687807484,0.11136216914138154,0.01748331904899713,0.14622176153692037,0.07390196122080987,0.01795374101199884,0.0009294094076267225,0.004513479219073485,0.2610471717014314,0.1113745352952962,179684,Georgia,Hall County
13141,1.4355711104040725,0.7177855552020362,0.1556898928836568,0.1559748011454025,0.2461587655106586,0.7405875490508007,0.0049846219111252515,0.00010605578534309046,0.003711952487008166,0.014741754162689575,0.1973312122176265,9429,Georgia,Hancock County
13143,0.5423210562890897,0.27116052814454483,0.14023627519110493,0.01231842599027102,0.15493721334259902,0.047011813759555245,0.004899235580264072,6.949270326615705e-05,0.0022932592077831828,0.011049339819318972,0.11805090340514246,28780,Georgia,Haralson County
13145,0.0,0.0,0.13233824631526356,0.013799441044216838,0.06854590307269548,0.1719335498376218,0.00896202847864102,0.0005308518611041718,0.003372470647014739,0.027229577816637523,0.11159446040469648,32024,Georgia,Harris County
13147,0.0,0.0,0.17955023202316264,0.026284646809185738,0.17425078332606195,0.18680839249593464,0.008646333240788482,0.0,0.0011502002934993853,0.031174394161741958,0.14748792289691826,25213,Georgia,Hart County
13149,0.0,0.0,0.1322460706439074,0.011152273111374006,0.16134713537265508,0.0979381443298969,0.004732127767449721,0.0002535068446848065,0.003042082136217678,0.018844008788237283,0.12597684637485212,11834,Georgia,Heard County
13151,1.5190121713204068,0.785785741607085,0.08360059238336226,0.004573587940487049,0.10393128745304578,0.3691460460372103,0.02926609193711321,0.000632594815664813,0.0027216288580928,0.05792901207324369,0.10981563539000207,203922,Georgia,Henry County
13153,1.5654038598999285,0.8113223731236597,0.10415296640457469,0.011428008577555398,0.16252910650464616,0.28590421729807003,0.024324517512508935,0.0013223731236597569,0.0033952823445318084,0.06086490350250179,0.11799262330235884,139900,Georgia,Houston County
13155,0.0,0.0,0.15569301740406793,0.0695201404906689,0.26624543929544986,0.2591738309918222,0.006395470748584608,0.0,0.00020968756552736424,0.02390438247011952,0.14924921367162927,9538,Georgia,Irwin County
13157,0.9113664544928495,0.45568322724642474,0.11898817888732743,0.01251521864925188,0.11155046705794824,0.06783500041332562,0.017078614532528725,0.00021492932131933538,0.002050095064892122,0.06176738034223361,0.10756643795982475,60485,Georgia,Jackson County
13159,0.0,0.0,0.1269064748201439,0.006747985611510792,0.17910273381294967,0.2184892086330935,0.002158273381294964,7.194244604316547e-05,0.003956834532374101,0.03669064748201439,0.13920179856115109,13900,Georgia,Jasper County
13161,1.1557605521635252,0.4141226440138041,0.12436952482081232,0.007371383063445713,0.20574482346694983,0.14759755773825325,0.004645606583488187,0.0,0.002256437483408548,0.1046588797451553,0.15169790284045656,15068,Georgia,Jeff Davis County
13163,0.0,0.0,0.14754873006497343,0.031139167158889546,0.2506891317188423,0.5441819255759007,0.004016538688718252,0.00011813349084465446,0.00106320141760189,0.03053750738334318,0.1795112817483757,16930,Georgia,Jefferson County
13165,0.0,0.0,0.15059952038369304,0.010047302158273383,0.2984705035971223,0.4052757793764988,0.004316546762589928,0.00047961630695443646,0.003117505995203837,0.04004796163069544,0.1854194244604316,8340,Georgia,Jenkins County
13167,0.838376753507014,0.0,0.13917835671342685,0.1740612825651303,0.2261759519038076,0.3495991983967936,0.0022044088176352704,0.0003006012024048096,0.001903807615230461,0.018637274549098196,0.15258527054108215,9980,Georgia,Johnson County
13169,0.9982210750287768,0.4991105375143884,0.12508284209424814,0.011196749101817293,0.1482544909135303,0.24444521957515086,0.006522724894485333,0.00010464264536607485,0.0021974955526875718,0.01098747776343786,0.1294941574523004,28669,Georgia,Jones County
13171,0.8431511710432931,0.42157558552164653,0.13577550908991648,0.07945832832887482,0.2061393787192226,0.3084566249931757,0.003930774690178523,0.00010918818583829229,0.002565922367199869,0.018616585685428837,0.12639788174919475,18317,Georgia,Lamar County
13173,0.0,0.0,0.10954554475094265,0.02577195872196864,0.238039491962691,0.2371502282198849,0.010220281801944831,0.0002976781107362572,0.005258979956340544,0.04574320301647152,0.12915260964477077,10078,Georgia,Lanier County
13175,0.9405376388487426,0.36360820910930336,0.14213156047404715,0.02184545773630095,0.26663725895032414,0.35768261964735515,0.009972333484742123,8.258661271007969e-05,0.0020646653177519925,0.023599124581905273,0.15095726142792254,48434,Georgia,Laurens County
13177,0.8596367234433528,0.4298183617216764,0.08318609088981553,0.029245236412467315,0.13986140363276559,0.18616156618842322,0.021803661036115626,0.0006714255424411619,0.002615025796876104,0.01978938440879214,0.10095812424906354,28298,Georgia,Lee County
13179,1.1170630230249161,0.6441775802562527,0.06258175342379399,0.04064457945250815,0.1655380675460577,0.42243865538272424,0.019652341102863537,0.006177800891998802,0.005641971222794824,0.09706396860668526,0.1108433486202386,63453,Georgia,Liberty County
13181,0.0,0.0,0.1745872936468234,0.008391283141570787,0.19471998499249624,0.32141070535267635,0.00400200100050025,0.0001250625312656328,0.003501750875437719,0.012256128064032016,0.1584636068034017,7996,Georgia,Lincoln County
13183,0.0,0.0,0.07293971238938053,0.02267995022123894,0.20064021017699116,0.25214325221238937,0.007950774336283186,0.0038716814159292035,0.006291482300884956,0.12292588495575221,0.11419247787610622,14464,Georgia,Long County
13185,0.9305246582992319,0.567337709300303,0.09789166277590106,0.058678292274312704,0.25879902593538584,0.35833493541329087,0.014565195499528531,0.0011168785989581903,0.003808372927595141,0.04795254181428689,0.120827845065136,109233,Georgia,Lowndes County
13187,0.0,0.0,0.12661015817926985,0.05946315824601215,0.17317546552759794,0.011346192351331509,0.004605219248481613,0.0009010211573116198,0.0059066942534872855,0.04485083094173396,0.10370563305079089,29966,Georgia,Lumpkin County
13189,0.0,0.0,0.13586285714285715,0.014526537142857144,0.25075295999999997,0.3979885714285714,0.0034742857142857145,0.0006857142857142857,0.0029714285714285715,0.021714285714285714,0.15420041142857144,21875,Georgia,McDuffie County
13191,0.5853624502895416,0.2926812251447708,0.17288774157538547,0.004946312704946627,0.20087246215028257,0.3592409125793623,0.0031396078978580895,0.0006976906439684644,0.0036977604130328614,0.01583757761808414,0.15492109118816716,14333,Georgia,McIntosh County
13193,0.0,0.0,0.12394843962008141,0.13298054274084126,0.27459077340569876,0.6060379918588874,0.013229308005427409,0.0013568521031207597,0.0027137042062415195,0.03575305291723202,0.18064796472184533,14740,Georgia,Macon County
13195,0.4540540540540541,0.0,0.13349928876244666,0.007256728307254623,0.17450199146514936,0.08374822190611664,0.006330014224751067,3.556187766714083e-05,0.002631578947368421,0.0405049786628734,0.1244200213371266,28120,Georgia,Madison County
13197,0.0,0.0,0.13898421413864104,0.009024857012125373,0.2101696408144589,0.3266986959505834,0.008922443376801648,0.0014870738961336079,0.005033173186913749,0.06520247083047358,0.15585666895447267,8742,Georgia,Marion County
13199,1.037831938886868,0.0,0.15764823572208075,0.011505592942888321,0.2147800563841397,0.3912786467806475,0.006411422335394689,9.094216078574027e-05,0.0035012731902510003,0.015778464896325936,0.16593452164423428,21992,Georgia,Meriwether County
13201,0.0,0.0,0.1833469387755102,0.02741895510204082,0.23178073469387753,0.2808163265306122,0.004571428571428572,0.0,0.0024489795918367346,0.015183673469387754,0.15237746938775512,6125,Georgia,Miller County
13205,0.6649076517150396,0.3324538258575198,0.13137288279853604,0.09086979742956847,0.23634300791556728,0.47744488892671716,0.005191931228189633,0.00042556813345816664,0.003276874627627883,0.04374840411949953,0.1622137203166227,23498,Georgia,Mitchell County
13207,0.5303133514986376,0.0,0.13885104450499547,0.04570614971238268,0.14798539206781713,0.23720859824402057,0.008098698153194066,0.00015137753557372085,0.002611262488646685,0.020246745382985164,0.12519834241598546,26424,Georgia,Monroe County
13209,0.7510687273923051,0.0,0.12857612627425188,0.08024406445248275,0.20779765428039024,0.26274251890825384,0.0028499397128137673,0.00010961306587745259,0.0006576783952647156,0.052614271621177246,0.13216299462895978,9123,Georgia,Montgomery County
13211,1.2601858070293261,0.4020035818222521,0.15524960823819117,0.008602876650996195,0.10409508618759794,0.23550481307365123,0.0059323931049921645,0.0,0.0030221625251846875,0.02764719050817103,0.12327652787105439,17868,Georgia,Morgan County
13213,0.5716664984354497,0.28583324921772485,0.10815584939941456,0.006400426466135057,0.15433059957605733,0.00618249722418492,0.002927223175532452,0.0006308670636923387,0.004012314525083274,0.13005955385081255,0.11860162006661955,39628,Georgia,Murray County
13215,1.4916449429918108,1.0,0.11629143955552045,0.03694942675830108,0.22337952971535402,0.45502804328935936,0.021739473892092583,0.0022697948758459065,0.003849698501724728,0.06377544303130843,0.13700900018432208,189885,Georgia,Muscogee County
13217,1.4381340162868406,0.5737009544008483,0.09834130334740591,0.01792913923848016,0.1785439184457472,0.4089517597390904,0.009063806798855519,0.0003701554652954241,0.0023209748094199564,0.046369475179575424,0.12314466075751816,99958,Georgia,Newton County
13219,0.4559253840526701,0.22796269202633504,0.10905876615459643,0.0035750640087783467,0.060464795171909294,0.04983540599853694,0.031150938795415754,0.000152401853206535,0.001493538161424043,0.04376981224091685,0.09020555961960497,32808,Georgia,Oconee County
13221,0.0,0.0,0.14188871736358144,0.011882435062755891,0.1509155648030069,0.17222632391435666,0.004362708906638029,0.00013423719712732398,0.0023491509497281697,0.03664675481575945,0.13209812739110008,14899,Georgia,Oglethorpe County
13223,1.4324217981506984,0.7162108990753492,0.07180798740901043,0.004652100840336135,0.09568790225120148,0.17088474185660887,0.008930327984036424,0.0004707568646187572,0.0030001967342120793,0.051038475590905255,0.09207203282650854,142324,Georgia,Paulding County
13225,0.7173858097129445,0.35869290485647226,0.11424444845640007,0.07323675392670156,0.22446243004152375,0.4591081422639466,0.008051994944935909,0.0002888608051994945,0.0024192092435457663,0.06824336522838058,0.13323747968947464,27695,Georgia,Peach County
13227,0.45258401005742244,0.22629200502871122,0.1632632258502939,0.012223488838299752,0.09757269545717102,0.010601066902245932,0.0040433556454079035,0.00023784444972987665,0.0027522000611600013,0.02782780061839557,0.11284224117427202,29431,Georgia,Pickens County
13229,0.4641219746241604,0.0,0.14026015566691544,0.007555954792621815,0.21633233820236702,0.08881543874613498,0.0031453246614777694,0.0006397270497920887,0.004264846998613925,0.04728649109713189,0.13570860432881973,18758,Georgia,Pierce County
13231,0.0,0.0,0.12289439811964856,0.015009273042699646,0.13058604286753595,0.102803738317757,0.003133919077732386,5.59628406737926e-05,0.003077956237058593,0.010800828250041972,0.10898192400246237,17869,Georgia,Pike County
13233,0.5515611814345992,0.2757805907172996,0.13345388788426762,0.009004130198915009,0.17676532851115132,0.1251356238698011,0.006775165762507535,0.0008679927667269439,0.0027727546714888486,0.11778179626280892,0.13084528028933093,41475,Georgia,Polk County
13235,0.0,0.0,0.15670274771024145,0.10388972522897585,0.25633796835970024,0.31840133222314737,0.008742714404662781,0.00041631973355537054,0.0033305578684429643,0.03871773522064946,0.1462705245628643,12010,Georgia,Pulaski County
13237,0.6589688000754077,0.32948440003770385,0.18121406353096428,0.008113295315298332,0.16205650862475257,0.26025073051182956,0.005042888113865586,0.000848336318220379,0.0017909322273541332,0.06348383448015836,0.14453614855311528,21218,Georgia,Putnam County
13239,0.0,0.0,0.22045364106645443,0.0,0.22699999999999995,0.479108635097493,0.0007958615200955034,0.0,0.0015917230401910067,0.013529645841623557,0.195,2513,Georgia,Quitman County
13241,0.0,0.0,0.21252150405505038,0.02397941140329319,0.1918421602359302,0.009584664536741214,0.0071270582452691075,0.0004915212582944212,0.004177930695502581,0.07993364463013025,0.14213572130744653,16276,Georgia,Rabun County
13243,1.5082264542039123,0.7541132271019562,0.17826143282808654,0.039892589713693485,0.3718043788055448,0.6178261432828086,0.0029796605777950512,0.0,0.0006477522995206633,0.015416504728591789,0.2139021894027724,7719,Georgia,Randolph County
13245,1.712554039162499,0.9233753347062313,0.11324913113503433,0.05239704261801355,0.23150418600940417,0.5416780936329775,0.016609407177298315,0.0019945250287959552,0.003415624111813073,0.04092266727832101,0.14509711840996467,200549,Georgia,Richmond County
13247,1.5118699759432024,0.7559349879716012,0.10638972011969723,0.010140448277885348,0.15238569500674765,0.46422578184591917,0.017790295135832895,0.0006571612978935633,0.002968960863697706,0.09461949187349646,0.12800812063603825,85215,Georgia,Rockdale County
13249,0.0,0.0,0.1311377245508982,0.0,0.21276766467065866,0.23333333333333334,0.00718562874251497,0.0,0.0003992015968063872,0.032135728542914174,0.13700179640718563,5010,Georgia,Schley County
13251,0.5361474679640924,0.0,0.14897553621599396,0.028768217638593847,0.22320941547317208,0.43294730350167887,0.0039059823202905503,6.852600561913247e-05,0.003152196258480093,0.012334681011443843,0.15781045706845748,14593,Georgia,Screven County
13253,0.7487684729064039,0.37438423645320196,0.1898270134035972,0.011456157635467982,0.24290353992439,0.3340588841791729,0.00400962309542903,0.0,0.0013747279184328101,0.023370374613357774,0.1634814984534311,8729,Georgia,Seminole County
13255,1.1805908885177845,0.6231798105286158,0.1332698640613051,0.019130277964197088,0.2190124389368377,0.32821937477564656,0.008958531674808421,0.0005306447333510214,0.003324333182463752,0.03825324239539275,0.13916036395985829,64073,Georgia,Spalding County
13257,0.5043744030563515,0.25218720152817575,0.1661127029608405,0.020917363896848135,0.16405940783190068,0.10869149952244508,0.006800382043935052,0.0005730659025787965,0.002941738299904489,0.024183381088825215,0.12684408787010507,26175,Georgia,Stephens County
13259,2.0214592274678114,0.0,0.14163090128755365,0.2765107296137339,0.38459656652360513,0.472763288213932,0.007263123142951469,0.0001650709805216243,0.0018157807857378673,0.24001320567844173,0.17778540772532192,6058,Georgia,Stewart County
13261,0.4623541241354094,0.2636277765928273,0.12623785002589963,0.05810858039550261,0.27829367134891375,0.5180230963770986,0.01282793503763064,0.0006398732441573479,0.0032298363752704226,0.05231725524848411,0.150066333526311,32819,Georgia,Sumter County
13263,1.009905316824472,0.0,0.16300072833211945,0.0024910997815003645,0.190164457392571,0.5921340131099782,0.0013109978150036416,0.0,0.002621995630007283,0.01325564457392571,0.19229759650400582,6865,Georgia,Talbot County
13265,3.0,0.0,0.2050087361677344,0.0040999999999999995,0.28,0.5963890506697729,0.0064065230052417,0.0,0.0011648223645894002,0.0203843913803145,0.19399999999999998,1717,Georgia,Taliaferro County
13267,0.46003134796238243,0.23001567398119122,0.11641849529780564,0.19039862852664577,0.22968808777429464,0.2925156739811912,0.003879310344827586,0.0006661442006269593,0.003409090909090909,0.09804075235109717,0.1394707288401254,25520,Georgia,Tattnall County
13269,0.0,0.0,0.14933752526386707,0.03616762856501235,0.26158578486413653,0.3933303390972378,0.006400179654165731,0.0,0.0006737031214911295,0.01841455198742421,0.1742631933527959,8906,Georgia,Taylor County
13271,1.9942424242424241,0.6846666666666666,0.13642424242424242,0.1895200121212121,0.284462,0.36466666666666664,0.005818181818181818,0.00024242424242424242,0.0015757575757575758,0.1227878787878788,0.16911303030303032,16500,Georgia,Telfair County
13273,0.6965110037573806,0.3482555018786903,0.14900697799248525,0.02899578099838969,0.32867976382179287,0.6119162640901772,0.0031132581857219537,0.00010735373054213633,0.001932367149758454,0.016854535695115407,0.18778872785829306,9315,Georgia,Terrell County
13275,1.2462432915921289,0.4886180679785331,0.15071556350626117,0.018964060822898032,0.20503928890876566,0.3688953488372093,0.00695438282647585,0.00015652951699463328,0.004382826475849731,0.028510733452593917,0.1466706395348837,44720,Georgia,Thomas County
13277,0.9129567775063563,0.45647838875317814,0.1276982900443691,0.03907260082755871,0.2422090582780797,0.2895956927065158,0.012762351064360137,0.00019941173538062714,0.0021187496884191633,0.10062814696644898,0.1355623660202403,40118,Georgia,Tift County
13279,0.6621606729603644,0.14616317084817984,0.13745729713844912,0.014194339345406457,0.23887201998310253,0.24857657128163685,0.007346728868971091,0.0005142710208279763,0.0027182896815193037,0.11222128347353341,0.14810634390037836,27223,Georgia,Toombs County
13281,0.0,0.0,0.29233120045840894,0.06665987966765352,0.15987861713303408,0.003915576353738898,0.004202081940597842,9.550186228631458e-05,0.0029605577308757522,0.019673383630980805,0.13825565848534047,10471,Georgia,Towns County
13283,1.6185911401597677,0.8092955700798838,0.13652868554829342,0.06563387073347857,0.2030704429920116,0.32636165577342047,0.001888162672476398,0.0,0.0020334059549745823,0.014960058097313,0.1502884531590414,6885,Georgia,Treutlen County
13285,0.5969661714694827,0.35836167293120935,0.1238440427182149,0.03091704999701688,0.2020662251655629,0.33401944991348964,0.01581051249925422,0.0008054412027921962,0.002505817075353499,0.0323668038899827,0.1397850068611658,67044,Georgia,Troup County
13287,1.2165733482642778,0.6082866741321389,0.1568868980963046,0.041529160134378504,0.34831265397536393,0.41567749160134376,0.004479283314669653,0.0,0.003247480403135498,0.031578947368421054,0.1698060470324748,8930,Georgia,Turner County
13289,0.0,0.0,0.16169788318740996,0.009837083010085339,0.2594744541726699,0.4127230411171451,0.0015515903801396431,0.0001108278842956888,0.0031031807602792862,0.013742657652665411,0.16906516679596587,9023,Georgia,Twiggs County
13291,0.0,0.0,0.26573328338640195,0.01774406255853156,0.14576606106012363,0.004635699569207717,0.003511893613036149,0.00018730099269526128,0.003371417868514703,0.024302303802210153,0.13699489604794907,21356,Georgia,Union County
13293,0.9559533016609583,0.402460133318602,0.15659411483077376,0.01746107612418517,0.22523662210437154,0.2795271240746879,0.00467719957279122,0.00033145508783559825,0.0027989540750561633,0.02165506573859242,0.14943984090155785,27153,Georgia,Upson County
13295,1.0611437547268603,0.5305718773634301,0.14983419628832392,0.01924043138053406,0.17648766653092093,0.04114550002908837,0.004319623014718716,0.0004363255570422945,0.0026470417127232534,0.016187678166269124,0.12183658153470242,68756,Georgia,Walker County
13297,1.0301069620857606,0.5150534810428803,0.12047559927418584,0.008142066182790566,0.13204455161875656,0.1564201126921975,0.011412472543214593,0.0005730111737178875,0.00265017667844523,0.032028937064272754,0.11459989494795149,83768,Georgia,Walton County
13299,2.1676305353602117,0.4567360652126019,0.15231879268561357,0.0663356493721084,0.2397994602335316,0.2952467503855475,0.007683410442828817,0.0003580083718880811,0.003304692663582287,0.03323970037453183,0.15276272306675479,36312,Georgia,Ware County
13301,0.0,0.0,0.1794652039766884,0.015269077819677752,0.262004113815564,0.6174151525539938,0.0037709976002742542,0.0,0.0017140898183064792,0.009256085018854988,0.19802434007541994,5834,Georgia,Warren County
13303,1.486619153254354,0.2242884787841601,0.13597961013829235,0.08949420871288999,0.26438726577618354,0.527351677915703,0.004908670411101147,4.7198753952895644e-05,0.001179968848822391,0.01920989285882853,0.1631720394581583,21187,Georgia,Washington County
13305,1.4636698893650952,0.163360909000299,0.12830991062826008,0.07695187215522112,0.19996883617395927,0.19920927605568292,0.005349014917439118,0.0001993421708362404,0.004219409282700422,0.05711153194458288,0.13589600983421377,30099,Georgia,Wayne County
13307,0.0,0.0,0.15005359056806003,0.0,0.2512733118971061,0.42336548767416937,0.002500893176134334,0.0,0.0,0.035012504465880674,0.1595273311897106,2799,Georgia,Webster County
13309,0.0,0.0,0.11885190675111171,0.2639724430669721,0.2691976822530657,0.3522436329335669,0.0021560436598841125,0.00026950545748551406,0.0008085163724565423,0.047971971432421504,0.14936666217490904,7421,Georgia,Wheeler County
13311,0.0,0.0,0.17513999410551134,0.013438818891836133,0.1375100206307103,0.016836133215443562,0.004568228706159741,0.0003315649867374005,0.004826112584733274,0.023835838491010904,0.11416832449160035,27144,Georgia,White County
13313,1.059805651127204,0.6204738837610503,0.11155079484205499,0.009778376982231796,0.17987756215947526,0.037475998791411225,0.01296308930886266,0.0006822678583611926,0.0064133178685952105,0.3164845661263755,0.12114175576760007,102599,Georgia,Whitfield County
13315,0.4593192868719611,0.0,0.14273365748244193,0.21812806050783362,0.24447520259319286,0.3513776337115073,0.00453808752025932,0.00010804970286331713,0.001728795245813074,0.03652079956780119,0.1574176121015667,9255,Georgia,Wilcox County
13317,0.9781931464174455,0.0,0.1860662701784197,0.03246604361370717,0.24191749268384782,0.4281129047484188,0.004908902105163787,9.440196356084207e-05,0.0016992353440951572,0.03407910884546399,0.1790790144435004,10593,Georgia,Wilkes County
13319,1.6447767436996759,0.0,0.157272822336087,0.011510854334413885,0.2465754470354491,0.3839799226184252,0.0032416605667677507,0.00010456969570218551,0.00303252117536338,0.022377914880267698,0.16264153508313292,9563,Georgia,Wilkinson County
13321,0.0,0.0,0.14456386364684717,0.006868430278149362,0.2041300336731399,0.27575072650952537,0.0034134415794086445,0.00027676553346556577,0.002675400156833802,0.015452742285160755,0.14271114903823978,21679,Georgia,Worth County
15001,1.1919234489056025,0.3971925502082894,0.14498673539407497,0.019696765165145697,0.16803798918299756,0.005511160099200882,0.22179717850215314,0.12096996417745935,0.004695292280593693,0.11553444745216908,0.10729074611382167,185079,Hawaii,Hawaii County
15003,1.1114397252929988,0.94274839192959,0.14529339744282446,0.03703145134977197,0.08826958404718616,0.020200155062995655,0.43896466599032063,0.09533856295001579,0.00255780502979035,0.08123391536162307,0.10042994835080328,953161,Hawaii,Honolulu County
15005,0.0,0.0,0.28888888888888886,0.0333,0.106,0.0,0.07777777777777778,0.4888888888888889,0.0,0.011111111111111112,0.142,90,Hawaii,Kalawao County
15007,1.1561610350121476,0.5730127736954286,0.1488277116155669,0.017300751218494285,0.0881426122728831,0.004143625821645228,0.3132461880132954,0.09032508086032404,0.0037859027291290933,0.09412588871830797,0.1114062840023252,67091,Hawaii,Kauai County
15009,1.4698127925117004,0.8332878315132606,0.12761960478419138,0.01770913676547062,0.09906032241289651,0.005577223088923557,0.2893005720228809,0.10402366094643786,0.0038936557462298494,0.1016055642225689,0.10032709958398336,153840,Hawaii,Maui County
16001,1.5387942349597952,0.9390516483376448,0.10461687459380933,0.024749898946134333,0.11358189186089483,0.011318542683470748,0.02397512520229888,0.0021943853299861097,0.006651969467205281,0.07112000305837676,0.08145305264231009,392365,Idaho,Ada County
16003,1.3196680080482897,0.0,0.20824949698189135,0.005244818913480886,0.11064486921529175,0.0012575452716297787,0.004024144869215292,0.0005030181086519115,0.009808853118712274,0.023641851106639838,0.1212432092555332,3976,Idaho,Adams County
16005,1.7932616279771605,0.8473424353263559,0.11157787998406547,0.021623568608988522,0.1727987421383648,0.007544755489564094,0.013025265877183452,0.0022694624512608797,0.03161554340346938,0.06744407827231134,0.09289955214331413,82839,Idaho,Bannock County
16007,1.276478449716004,0.0,0.18443033745405948,0.0051705646508519885,0.1687918476445038,0.0010023387905111927,0.0036752422318743734,0.0001670564650851988,0.004844637487470765,0.03608419645840294,0.115021550283996,5986,Idaho,Bear Lake County
16009,3.0,0.0,0.18298330640818525,0.007549111470113086,0.15876122778675283,0.0030156165858912223,0.0029079159935379646,0.0006462035541195477,0.08712977921378567,0.025309639203015617,0.1282820678513732,9285,Idaho,Benewah County
16011,1.71037340759094,0.5020501238844914,0.11432455544105072,0.00708001403293354,0.12609516083057426,0.0023022781590545313,0.006249040717433727,0.0007893525116758393,0.06512158221325674,0.17242967088385555,0.10773725524590524,45607,Idaho,Bingham County
16013,0.6845995508982036,0.0,0.1158308383233533,0.012060338697604788,0.1395436002994012,0.0018244760479041917,0.008561002994011977,0.0007485029940119761,0.005847679640718563,0.1998502994011976,0.09528499251497007,21376,Idaho,Blaine County
16015,3.0,0.0,0.15907797381900968,0.004799999999999999,0.131,0.0021343198634035288,0.004126351735913489,0.0007114399544678429,0.007825839499146272,0.03542970973249858,0.11199999999999999,7028,Idaho,Boise County
16017,0.657606967243193,0.08236905839469628,0.17146561636127897,0.008643026640898306,0.1478299288108227,0.001418890818797857,0.004501308804462167,0.0010274726618881033,0.007706044964160775,0.022286371309049098,0.11519857132372727,40877,Idaho,Bonner County
16019,1.6081221098681813,0.8911391676420362,0.10882245716368939,0.01124773874167738,0.1251406642746129,0.005612372162634074,0.008212291574726097,0.0008250666769000518,0.00757910086919815,0.11428132854922578,0.08855993245965808,104234,Idaho,Bonneville County
16021,1.544021144732045,0.0,0.16697047028800582,0.006663206343419614,0.1681625045570543,0.002643091505650747,0.005650747356908494,0.0005468465184104995,0.017225665329930733,0.03663871673350346,0.1190880422894641,10972,Idaho,Boundary County
16023,3.0,0.0,0.175025942580422,0.0062,0.162,0.0020754064337599448,0.0017295053614666206,0.0017295053614666206,0.004496713939813214,0.04116222760290557,0.124,2891,Idaho,Butte County
16025,4.0,0.0,0.1593554162936437,0.0,0.233,0.0026857654431512983,0.0008952551477170994,0.0,0.005371530886302597,0.06714413607878246,0.11900000000000001,1117,Idaho,Camas County
16027,1.2322374724093943,0.7109721950212521,0.10795932734500299,0.017647293871047996,0.15615143206491533,0.005700735220169064,0.008040312719997035,0.0021278510292553053,0.010734532058034225,0.23855750755598842,0.10974717212832741,188923,Idaho,Canyon County
16029,0.0,0.0,0.1584087318684475,0.011337124802527647,0.08577452247594429,0.0005744650294413328,0.002154243860404998,0.002154243860404998,0.0033031739192876633,0.04825506247307195,0.1073501364354445,6963,Idaho,Caribou County
16031,1.1303154409201812,0.17893865458347857,0.12870338096897874,0.012459855350296272,0.14604884105960264,0.0027884280237016382,0.004705472289996514,0.0006971070059254096,0.007755315440920181,0.24939003136981527,0.1102432467758801,22952,Idaho,Cassia County
16033,4.0,0.0,0.13136456211812628,0.002,0.19699999999999998,0.007128309572301426,0.0050916496945010185,0.0,0.010183299389002037,0.40529531568228105,0.127,982,Idaho,Clark County
16035,1.0409770574135373,0.0,0.2237187535669444,0.06928411140280791,0.1330627782216642,0.0020545599817372445,0.006962675493665108,0.0010272799908686223,0.022143590914279192,0.03059011528364342,0.12712293117224063,8761,Idaho,Clearwater County
16037,3.0,0.0,0.18727106227106227,0.0048,0.20600000000000002,0.0018315018315018315,0.0022893772893772895,0.0009157509157509158,0.006181318681318681,0.040293040293040296,0.12100000000000001,4368,Idaho,Custer County
16039,1.788704785856942,0.2651083660034026,0.10045121680597677,0.023369309860196762,0.136730823285746,0.02710999334270286,0.02840446778607885,0.003883423330127968,0.009985945706043347,0.15230416450920925,0.09325623196982025,27038,Idaho,Elmore County
16041,1.4237447207883622,0.0,0.1284999217894572,0.007972970436414827,0.11693242609103707,0.0021898951978726734,0.0011731581417175035,0.0005474737994681684,0.0041451587674018455,0.06554043485061786,0.09354246832473018,12786,Idaho,Franklin County
16043,1.567587977646881,0.6147862860595076,0.1392538891406132,0.034729889744751545,0.12279519710013594,0.0034737954991693096,0.0021900015103458693,0.000981724814982631,0.007023108291798822,0.12792629512158285,0.1043867240598097,13242,Idaho,Fremont County
16045,1.6042825527842575,0.4082780070578384,0.18583647347329385,0.009041856570369041,0.18174914767629644,0.0011962437944853161,0.005024223936838328,0.0007775584664154554,0.005622345834080986,0.07990908547161911,0.11702888928763681,16719,Idaho,Gem County
16047,0.0,0.0,0.15054319710294878,0.0033566218313502323,0.15976745990688052,0.0023926539058458356,0.0046559751681324365,0.0007113295395757889,0.008212622866011382,0.280910501810657,0.11496663217796171,15464,Idaho,Gooding County
16049,1.8842441753242762,0.0,0.2117169730128481,0.03220447531812872,0.14393889469478083,0.002581914305034733,0.004180242208151472,0.00043031905083912216,0.029507592057539805,0.025880617200467203,0.13141279891805496,16267,Idaho,Idaho County
16051,1.1569242540168325,0.27325937260902833,0.09579188982402448,0.004229349655700077,0.07826350420811018,0.0019892884468247895,0.003940321346595256,0.0008798775822494261,0.007765876052027544,0.10103289977046671,0.08264804896710023,26140,Idaho,Jefferson County
16053,1.010458567980692,0.3616697952981139,0.11204970054527577,0.004730571198712792,0.1812734423884866,0.0027710735675337446,0.0033967998569768483,0.0007598104943237686,0.01349780995798695,0.30968981853937605,0.10759452936444086,22374,Idaho,Jerome County
16055,1.253621095498722,0.702073736046327,0.14497378947824455,0.010740375034297514,0.12197798460583131,0.003003740234233974,0.006938928762256848,0.0009314482937889006,0.012859762877814202,0.038037748927751386,0.09588465926321718,138494,Idaho,Kootenai County
16057,1.6835463430351199,0.7226398883041564,0.10358715497798303,0.08285610031145957,0.21326039093545268,0.007867038986145419,0.0209698206422511,0.0013961980453227366,0.006363441091182472,0.03560305015572978,0.06908138223606487,37244,Idaho,Latah County
16059,2.3704637096774195,0.0,0.22152217741935484,0.010070715725806452,0.13079800907258063,0.0022681451612903227,0.003780241935483871,0.0003780241935483871,0.0071824596774193545,0.022807459677419355,0.1240593497983871,7936,Idaho,Lemhi County
16061,1.6311756935270805,0.0,0.21743725231175692,0.019516327608982826,0.14068454425363275,0.0036988110964332895,0.004491413474240423,0.001321003963011889,0.047556142668428,0.03381770145310436,0.1435323645970938,3785,Idaho,Lewis County
16063,4.0,0.0,0.11002304147465437,0.0070999999999999995,0.134,0.0036482334869431645,0.0038402457757296467,0.000576036866359447,0.007296466973886329,0.2834101382488479,0.11500000000000002,5208,Idaho,Lincoln County
16065,1.1408514492753623,0.6899776214833759,0.05573316283034953,0.0276001705029838,0.31439735187553286,0.004928601875532822,0.00937766410912191,0.0014652600170502984,0.002637468030690537,0.05908994032395567,0.05601878196930946,37536,Idaho,Madison County
16067,1.4073446609198266,0.48557476705366487,0.1479396083511884,0.004092162040958693,0.1918143405251881,0.0038367631670735963,0.004384872190941253,4.982809307887787e-05,0.012357367083561712,0.32353380836115403,0.12657780656734266,20069,Idaho,Minidoka County
16069,1.3105564752323953,0.8740354004838915,0.17988030052209347,0.024597735897109386,0.14637506685343182,0.0029797529606519803,0.007105564752323952,0.0009423150388386604,0.05618235069400229,0.028243983191137145,0.11020511906277855,39265,Idaho,Nez Perce County
16071,3.0,0.0,0.16658889407372843,0.011699999999999999,0.13,0.002099860009332711,0.004666355576294913,0.0002333177788147457,0.005132991133924405,0.029398040130657957,0.109,4286,Idaho,Oneida County
16073,1.357973277806698,0.0,0.1398577129967031,0.013866796807218463,0.20956159986118342,0.001995488460871074,0.005379142807565504,8.676036786395974e-05,0.04294638209266007,0.2584591358667361,0.12374301579038695,11526,Idaho,Owyhee County
16075,0.8696459355523141,0.43482296777615703,0.15303010210847368,0.004152561552402422,0.13520616187066262,0.0022985457277991425,0.00835432966450073,0.0007072448393228131,0.011271714626707334,0.14865402466516378,0.11292909870485789,22623,Idaho,Payette County
16077,0.6336190354355891,0.0,0.1211462197774082,0.005983190482282205,0.0922154279135218,0.0028143789177433797,0.004093642062172189,0.0008954842011001664,0.02289881028527568,0.29781246002302675,0.11275860304464629,7817,Idaho,Power County
16079,0.5795534665099883,0.28977673325499415,0.19874657265961615,0.012530199764982371,0.17231280846063454,0.002036819428123776,0.003681942812377595,0.0009400705052878966,0.014336075205640423,0.029768899334116725,0.1368032902467685,12765,Idaho,Shoshone County
16081,3.0,0.0,0.06529006882989184,0.0007000000000000001,0.061,0.0024582104228121925,0.00471976401179941,0.0011799410029498525,0.00344149459193707,0.16922320550639136,0.069,10170,Idaho,Teton County
16083,1.1384565583322543,0.6483102421338858,0.13862488670205877,0.013878175579438042,0.14754445163796454,0.004428330959471708,0.011938365919979283,0.0010747118995209116,0.007846691700116535,0.13686391298718115,0.10502016055936812,77230,Idaho,Twin Falls County
16085,1.3968769012370716,0.0,0.16822145609409855,0.0066845467450821336,0.09982691137700264,0.0011153924153315758,0.004157371729872237,0.00010139931048468871,0.006895153112958832,0.039140133847089836,0.10039515311295882,9862,Idaho,Valley County
16087,0.4868601686605217,0.0,0.20504020396156108,0.011687428907628946,0.1570655030398117,0.001765051970974701,0.008923318297705433,0.0002941753284957835,0.00990390272602471,0.16826828789958814,0.1364355756030594,10198,Idaho,Washington County
17001,1.2935189186772573,0.6499560377330372,0.17505923729192435,0.03408801990969108,0.1270074512316886,0.03473764213224446,0.006571986349343546,0.00017882956052635502,0.0016541734348687839,0.011564311580704291,0.1076524000417269,67103,Illinois,Adams County
17003,1.8281136198106336,0.38091769847050255,0.16957999514445254,0.06591942218985192,0.29596795338674436,0.35384802136440885,0.0019422189851905803,0.0007283321194464676,0.0031561058509346927,0.018815246419033746,0.1539834911386259,8238,Illinois,Alexander County
17005,1.3143854119765872,0.39160288158487166,0.15032642953624492,0.11595361323728048,0.15173795587573166,0.060783430886987844,0.003827104907699235,0.00016884286357496622,0.005177847816298964,0.030785682125168842,0.10767345790184603,17768,Illinois,Bond County
17007,1.3590141235114928,0.7407181759438752,0.11749284593372104,0.005729891996676821,0.11253047170682175,0.019643681344041354,0.012665005077079294,0.0004246284501061571,0.0036924213052709313,0.20247392227453154,0.09975692790547401,54165,Illinois,Boone County
17009,1.2486665705636442,0.6243332852818221,0.12382874441401182,0.30417517658930376,0.10634899812599105,0.18451780308490703,0.002306472538561338,0.00028830906732016723,0.0020181634712411706,0.057950122531353614,0.10163500072077267,6937,Illinois,Brown County
17011,1.427868946194751,0.3024186631597004,0.18085653839556293,0.013037740865687002,0.12601478071930927,0.006060952598776374,0.006518382983589685,0.0001715363943049917,0.002801761106981531,0.07704843044199211,0.11304725827663102,34978,Illinois,Bureau County
17013,1.580467675378267,0.0,0.20121831401061113,0.01767496561210454,0.1320674002751032,0.001375515818431912,0.002358027117311849,0.0,0.0017685203379838867,0.007860090391039498,0.11564374140302615,5089,Illinois,Calhoun County
17015,0.9267563527653214,0.20640800675895235,0.21199714044323129,0.01450276207187886,0.11142951842464417,0.007993760967050107,0.0034444661077532982,0.00019496977968414895,0.0030545265483850003,0.028400597907324365,0.11689523623838305,15387,Illinois,Carroll County
17017,0.9162146312857352,0.3877730538044275,0.1570151004251576,0.01347768655622343,0.1293689341738748,0.03071397155842252,0.0032253335288080927,7.330303474563847e-05,0.002785515320334262,0.16793725260225772,0.11522335434686996,13642,Illinois,Cass County
17019,1.2028187645774588,0.8917301982783058,0.09979063163600738,0.08020653716661444,0.23816797211074142,0.12405945862612579,0.08936199839865527,0.0006663981181712842,0.002730243036388321,0.052749886861513516,0.07980124924781555,201081,Illinois,Champaign County
17021,0.7250862068965517,0.46655172413793106,0.17517241379310344,0.04626212068965518,0.12962350574712644,0.014224137931034483,0.004798850574712643,0.00022988505747126436,0.0014655172413793104,0.01353448275862069,0.11233198275862069,34800,Illinois,Christian County
17023,1.4187940006121824,0.2655035200489746,0.18034894398530762,0.013542632384450567,0.12954698500153045,0.002938475665748393,0.003367003367003367,0.00018365472910927456,0.0015304560759106215,0.010529537802265076,0.10991092745638201,16335,Illinois,Clark County
17025,0.9378212088309809,0.39124140427072024,0.17864639884183858,0.022077350705754617,0.16110445168295331,0.00340209916757148,0.004560260586319218,0.0,0.0023163228374954757,0.010930148389431777,0.12076047774158524,13815,Illinois,Clay County
17027,0.3611037550977173,0.18055187754885865,0.14453683597267095,0.054856241724484923,0.09623028441290186,0.03543244531539643,0.004422435252370107,0.00034426142683120596,0.002489274932471797,0.02801758381441661,0.09648890418939675,37762,Illinois,Clinton County
17029,1.6590499879345868,0.8763202346258794,0.1379355150075177,0.08331398288567557,0.24373444953872997,0.03836801366176006,0.009856514394965939,0.00024130826202364822,0.0019304660961891858,0.021439310972101052,0.0944713864087762,53873,Illinois,Coles County
17031,0.7782856482840601,0.9980089225986226,0.11941632537165463,0.0173796467151458,0.15437239865824137,0.24790136052784822,0.0621159167801643,0.00033187831770033736,0.0041502115146760865,0.23962269054368174,0.10486521447443777,5194675,Illinois,Cook County
17033,0.9278901952868749,0.3337538477065146,0.16834031387192813,0.07545489731039007,0.11773295655245497,0.04713125094615734,0.005197557652520563,0.00040369379825402435,0.002422162789524146,0.018267144370994602,0.10941787354291768,19817,Illinois,Crawford County
17035,0.0,0.0,0.1663649529326575,0.010581897175959452,0.14026574945691528,0.0034395365677045617,0.002443881245474294,0.0,0.0015387400434467777,0.006788559015206372,0.11147845763939175,11048,Illinois,Cumberland County
17037,1.5100893875998478,0.7908995815899582,0.09829783187523773,0.06346084823126663,0.1915891403575504,0.06401673640167364,0.023183720045644732,0.0002187143400532522,0.0025389882084442756,0.10124572080639026,0.07982756751616583,105160,Illinois,DeKalb County
17039,0.9530221604975545,0.43620554314353,0.16713966547913772,0.01503840347805084,0.1116681359821267,0.005253305959785037,0.003622969627437957,0.00024153130849586377,0.0015699535052231144,0.021375520801883943,0.10860588128736187,16561,Illinois,De Witt County
17041,0.9273273273273274,0.40015015015015015,0.15785785785785786,0.008415445445445445,0.11124264264264265,0.002902902902902903,0.004154154154154154,0.0,0.0017017017017017016,0.06056056056056056,0.11218663663663664,19980,Illinois,Douglas County
17043,1.4146308745326766,0.9854949810453211,0.11603797043157339,0.013238582259816518,0.06800342231199097,0.046182671628182924,0.10066701275132944,0.00023666083557634003,0.0026338060733495905,0.1325147994817455,0.08617275695695609,916924,Illinois,DuPage County
17045,2.470607235142119,0.5293927648578811,0.18674633936261842,0.015218636950904394,0.12386024978466839,0.0034453057708871662,0.0017764857881136951,0.0002153316106804479,0.0013458225667527994,0.010066752799310939,0.11215406976744186,18576,Illinois,Edgar County
17047,1.0752864157119477,0.0,0.1772057729504538,0.007727287606011011,0.10268992709418241,0.004463621484898081,0.0032733224222585926,0.0,0.0013390864454694241,0.008778455586966225,0.11106234191340575,6721,Illinois,Edwards County
17049,1.3761754570410607,0.38400210268091817,0.15174347292798318,0.012852277904328017,0.1173309678173004,0.0023071082296594824,0.004292973541265113,0.0002044273114888149,0.0011389521640091116,0.017434729279831786,0.09991498744232229,34242,Illinois,Effingham County
17051,1.9799457994579945,0.32642276422764227,0.16169828364950317,0.08056210478771454,0.17804385727190605,0.044263775971093045,0.0023035230352303525,0.0001806684733514002,0.0015808491418247517,0.013730803974706414,0.11881833785004517,22140,Illinois,Fayette County
17053,1.6331226475392373,0.5746040764150273,0.18698956040053974,0.029114373979120804,0.15771663944322137,0.006036503089269228,0.0026276542859171932,0.0,0.002343583552304524,0.020879198920531212,0.11464199985796462,14081,Illinois,Ford County
17055,1.05212203938222,0.5566087813755972,0.18396906043831046,0.01307239705770835,0.19699153206440687,0.0031091226207628727,0.0031344000404438716,7.58322590429969e-05,0.0026288516468238924,0.012006774348474508,0.12501134956143675,39561,Illinois,Franklin County
17057,0.9060670641236612,0.27392160565432033,0.18052820415981008,0.07238549461814454,0.17572934257735573,0.03423345652701718,0.0030213925382394993,5.3953438182848204e-05,0.003533950200976557,0.024171140305915995,0.11693026518114867,37069,Illinois,Fulton County
17059,3.0,0.0,0.20486670245124353,0.004495652173913044,0.19680783682232958,0.0021470746108427268,0.0008946144211844695,0.0,0.0025049203793165147,0.011808910359634998,0.13687546967257114,5589,Illinois,Gallatin County
17061,0.18299006193288203,0.3146334437563013,0.17197177012818665,0.02043831196888953,0.14359361947285035,0.00856978251476307,0.001152239665850497,0.00014402995823131211,0.0016563445196600894,0.008281722598300446,0.11338139132939651,13886,Illinois,Greene County
17063,1.1269001058666082,0.5634500529333041,0.11078041667498952,0.005066767872480675,0.0871049877154785,0.01208477318578591,0.006531769969838004,0.0002996224756806424,0.0022771308151728824,0.08181691069252742,0.08661945948105387,50063,Illinois,Grundy County
17065,1.3669149816719877,0.3793307319380395,0.19758779709116708,0.013845571715738442,0.09500106420716566,0.003665602459501005,0.002246659571952229,0.00011824524062906468,0.0023649048125812936,0.012415750266051791,0.11495920539198298,8457,Illinois,Hamilton County
17067,1.4385992462311559,0.32024706867671693,0.198178391959799,0.011660469011725292,0.1193399811557789,0.0027219430485762143,0.0024078726968174203,0.0005757956448911223,0.0020938023450586263,0.009683835845896147,0.11658568886097151,19104,Illinois,Hancock County
17069,1.3819444444444444,0.0,0.20324074074074075,0.003937268518518519,0.1638425925925926,0.0030092592592592593,0.005092592592592593,0.0011574074074074073,0.0060185185185185185,0.012962962962962963,0.132,4320,Illinois,Hardin County
17071,0.0,0.0,0.20897558314009002,0.006956813531578229,0.08258218524075843,0.002046105579047879,0.002046105579047879,0.0006820351930159597,0.002046105579047879,0.010776156049652163,0.11531810121402265,7331,Illinois,Henderson County
17073,1.2454541853187022,0.5338905835281068,0.17081963316563006,0.014345828546527748,0.12118119874816782,0.01576674721705027,0.0037832270332369368,0.000277304599294854,0.0018420948381729588,0.04757754625044567,0.1081051380580755,50486,Illinois,Henry County
17075,1.447775758799381,0.1269264418870718,0.1893465239921933,0.015758139847903627,0.1395280974493573,0.007840366108082643,0.0034659129147318122,6.729927989770509e-05,0.00171613163739148,0.05330102967898243,0.12218228009960293,29718,Illinois,Iroquois County
17077,1.6237835863030987,0.716164601946262,0.11627752499252715,0.06788065694642798,0.2897311435119067,0.14263177123119333,0.0317180909362649,0.0005314025706599356,0.003769636985618918,0.039905011790494535,0.09836871035238633,60218,Illinois,Jackson County
17079,0.5972365436172407,0.29861827180862033,0.17415962054031758,0.005554299855640339,0.13420571251804497,0.0011342544854609198,0.002474737059187461,0.00020622808826562179,0.0013404825737265416,0.00814600948649206,0.11283821406475562,9698,Illinois,Jasper County
17081,1.7770623535168826,0.4566409972441857,0.16194915909032373,0.056732093646174056,0.18236425683158627,0.08373039379813017,0.006335797254487857,0.0001802869137455894,0.0021891982383393,0.02057846344038942,0.116267056429804,38827,Illinois,Jefferson County
17083,0.7668044376767457,0.27683271698934087,0.15684141831629322,0.03689120295845117,0.09374130954970632,0.0040461170328475096,0.0033500108766586906,0.00026103980857080706,0.0026103980857080703,0.00965847291711986,0.09978764411572766,22985,Illinois,Jersey County
17085,1.4309462915601023,0.2180086427374548,0.2130699356204251,0.00737179645471382,0.08342993209277715,0.004718229120733751,0.0031748831466619633,0.0004850515918511333,0.001984301966663727,0.026854219948849106,0.11558426669018432,22678,Illinois,Jo Daviess County
17087,1.0603242727706248,0.0,0.17223017008424735,0.12341932920044507,0.22514020028612303,0.07995549197265936,0.0017485296455253536,7.947862025115244e-05,0.002304879987283421,0.02988396121443332,0.12569599427753936,12582,Illinois,Johnson County
17089,1.3696282912420503,0.8702910518583498,0.09643506595584055,0.013173797569813048,0.10115906837011347,0.05710027189681506,0.03472943258763869,0.00037456163673731585,0.0056028986801068955,0.3073928375275827,0.0983719377645463,515269,Illinois,Kane County
17091,1.301783180107361,0.6765683258556708,0.13430704545654876,0.045023466050824607,0.14975663073275217,0.1514953855917637,0.009272889139613395,0.0002996941356909272,0.002520956553164858,0.08961736110498991,0.11214298936085819,113449,Illinois,Kankakee County
17093,0.923921001255055,0.48108701715241947,0.07305466462139172,0.001801509552363687,0.05372552642588203,0.05739262306512341,0.03021719425463673,0.0002876167898479989,0.00275414865430205,0.15599288802119649,0.07340452865709106,114736,Illinois,Kendall County
17095,1.4018972391768552,0.7580264177327614,0.18447060602052193,0.07473523687144504,0.1817067782837922,0.07199682533683555,0.006387119938018481,0.00017007124095315483,0.001965267673236456,0.04833802603979667,0.12497906234055821,52919,Illinois,Knox County
17097,1.5073109848151003,0.9167048113473081,0.10390468852617483,0.029437428603108624,0.08740753587258446,0.06970241462936164,0.06305671095240396,0.0004179330226792634,0.004661232589677908,0.19899724505374847,0.08840947058974045,703462,Illinois,Lake County
17099,1.390892173729855,0.5944401530845125,0.16395140620062498,0.02590299059021804,0.13523420877075945,0.01918823075032478,0.006688669639408729,0.00014044450686422527,0.002536778905235069,0.08018503563779361,0.11182546258909448,113924,Illinois,LaSalle County
17101,0.5207627873819284,0.4719895443474128,0.15938929483752154,0.14678216004277314,0.1697702726786669,0.09552664409196222,0.002257470444959306,0.00011881423394522664,0.002257470444959306,0.03285213568585517,0.11315410206142695,16833,Illinois,Lawrence County
17103,0.8472148982820349,0.42360744914101744,0.15664289084399544,0.07971638588992812,0.10963917182426244,0.0481529793788682,0.006827454136715606,0.0002775387860453498,0.0020537870167355887,0.05001248924537204,0.10856431961366601,36031,Illinois,Lee County
17105,1.505596919127086,0.4362002567394095,0.15768934531450576,0.08704056225930679,0.1347720924261874,0.049165596919127086,0.005109114249037227,2.5673940949935817e-05,0.0017201540436456997,0.03933247753530167,0.11388580231065468,38950,Illinois,Livingston County
17107,1.9991750536215147,0.36489028213166147,0.15706979046361985,0.14391002804817687,0.08325695429797063,0.07540009899356542,0.0060716053456525325,0.00016498927569707968,0.001979871308364956,0.02946708463949843,0.09937010394324369,30305,Illinois,Logan County
17109,1.9299337667116399,0.7694406966760702,0.1424015699742426,0.12376612903225806,0.2956494541886422,0.05034956457745615,0.017784864467067337,6.132711885195633e-05,0.0022997669569483625,0.02658530602232307,0.09017134797007237,32612,Illinois,McDonough County
17111,1.3803828216090168,0.7481474284233709,0.10143801010493587,0.005329047804119705,0.07082882821609017,0.010632853996631688,0.02528501101178909,0.0002591009198082653,0.003041197046249514,0.1141631040290193,0.0839629744785594,308760,Illinois,McHenry County
17113,1.322795036916472,0.7865390512584625,0.10225744816361192,0.06295967671549549,0.1770832507725332,0.07327860731724577,0.042619064468190505,0.0003243460005189536,0.0022586276036138044,0.04383978487014366,0.08187044441299271,169572,Illinois,McLean County
17115,1.429221435793731,0.8383558428426983,0.16378376426404737,0.03664243463816264,0.17391447891087677,0.16274555828398093,0.010093167701863354,0.0002888920988010978,0.0020403004477827533,0.01870576339737108,0.12177521486349849,110768,Illinois,Macon County
17117,0.7592588715586727,0.36585365853658536,0.17106668062388777,0.01835066471265571,0.13372234900031402,0.0075159635716528835,0.002700722286192819,0.0002302941484350466,0.002637914791165079,0.00875117764053177,0.1107193342405527,47765,Illinois,Macoupin County
17119,1.4436835733543274,0.8083124753975386,0.14270541662643624,0.013943493809463685,0.13953024338797246,0.07885785162023455,0.008370407231081171,0.0003973529608365951,0.002447248609264637,0.027157403762598318,0.10524318372561108,269282,Illinois,Madison County
17121,1.6597611380175976,0.5093440170398357,0.17554580723685878,0.01922549128990542,0.1804703197504881,0.0394806907219109,0.005679945229099577,0.00022821208509775083,0.003093541597991734,0.01374343890255344,0.12405073915358675,39437,Illinois,Marion County
17123,0.6237341772151899,0.0,0.19525316455696204,0.020185007911392407,0.11095490506329114,0.003481012658227848,0.003560126582278481,0.0001582278481012658,0.001740506329113924,0.024841772151898735,0.11289042721518987,12640,Illinois,Marshall County
17125,1.47218055366153,0.22971498704486568,0.19125869357698078,0.014058052638756306,0.15394102004636576,0.003681985544797491,0.002727396699849993,0.0,0.002454657029864994,0.00797763534706123,0.1208257193508796,14666,Illinois,Mason County
17127,1.6617408775682156,0.4345712619093914,0.1839393350184717,0.018897841726618705,0.18224246548706982,0.05859096506578521,0.0027221466070386936,0.0,0.004018406896104738,0.018795774191457646,0.12737248039406315,15429,Illinois,Massac County
17129,0.6411648957103503,0.32058244785517515,0.15568673750491932,0.012118016528925619,0.0970487996851633,0.0059818968909878005,0.0023612750885478157,0.00015741833923652102,0.002518693427784337,0.009523809523809525,0.10118772136953956,12705,Illinois,Menard County
17131,1.16210295728368,0.23840817816721432,0.18260922477789948,0.011252866009492515,0.11470518437385907,0.0028599245466715347,0.003164171838870634,6.0849458439819885e-05,0.001034440793476938,0.018680783741024706,0.10943148350979676,16434,Illinois,Mercer County
17133,1.1095670115605183,0.5547835057802591,0.14133567982522682,0.01039865278999909,0.04907291318991413,0.002093637163576782,0.004369329732681979,0.00021239797311648512,0.002032952028400643,0.013654155414631186,0.08710537973723337,32957,Illinois,Monroe County
17135,1.347362476747276,0.38423465320223227,0.17270130215253787,0.0803580853042785,0.1585642107361148,0.031623704491097526,0.0036872176454956153,0.0003653999468509168,0.0015612543183630082,0.015247143236779165,0.11466087563114537,30104,Illinois,Montgomery County
17137,1.8183812979998313,0.6500126592961432,0.1669620502433398,0.08619113005316904,0.1527823726334149,0.05969561425718063,0.004726137226770191,0.000196922384448758,0.0021942779981433034,0.020029819675359384,0.11085309590120122,35547,Illinois,Morgan County
17139,0.2860703219722484,0.2860703219722484,0.17634379630877003,0.026575717364946787,0.09140206116125557,0.0027616866496025867,0.0020881045399434193,0.0,0.0018860299070456688,0.00868920921460326,0.10699104135794155,14846,Illinois,Moultrie County
17141,0.5826681870011402,0.32983157934089763,0.15182159747275548,0.00981110716488775,0.09940155522739594,0.009028543656653645,0.00467315924257435,0.0002616969175841636,0.0020748827037030113,0.08862179187617997,0.10494212759593996,53497,Illinois,Ogle County
17143,1.3100153356140143,0.7868081546859417,0.13921627505442535,0.02669762780572029,0.16720886462835266,0.17711025555781956,0.03140047400988772,0.0003324503737385653,0.0028204660739755702,0.038081654101472434,0.1121981833195706,186494,Illinois,Peoria County
17145,0.6079642058165549,0.30398210290827743,0.15727069351230424,0.11184358389261745,0.16380988814317674,0.08348993288590605,0.0038926174496644295,0.0003579418344519016,0.0024608501118568234,0.02680089485458613,0.11472917225950784,22350,Illinois,Perry County
17147,0.7053619463207603,0.35268097316038016,0.162173471217646,0.004303365413354056,0.05860284535835973,0.0034670332954749236,0.003048598242572778,0.00035865861677326796,0.0017335166477374618,0.009982664833522625,0.09667535417538407,16729,Illinois,Piatt County
17149,2.238527084601339,0.2898356664637858,0.19087035909920877,0.03817167376749848,0.13969160073037126,0.016737674984783932,0.0023128423615337798,0.000426049908703591,0.001704199634814364,0.010468654899573951,0.12176135118685331,16430,Illinois,Pike County
17151,1.6275167785234899,0.0,0.21588366890380314,0.08699944071588366,0.12963199105145415,0.06017897091722595,0.0024608501118568234,0.00022371364653243848,0.006487695749440716,0.014317673378076063,0.12718232662192397,4470,Illinois,Pope County
17153,3.0,0.0,0.1824379159227398,0.0034235838337932155,0.188525564031813,0.3236487583184548,0.0021100470702807984,0.0004869339392955689,0.004220094140561597,0.01574419737055673,0.1652897256938809,6161,Illinois,Pulaski County
17155,0.0,0.0,0.17798867798867798,0.00035303030303030305,0.08797402597402598,0.005328005328005328,0.0021645021645021645,0.0001665001665001665,0.000999000999000999,0.04195804195804196,0.10701731601731601,6006,Illinois,Putnam County
17157,0.9233480702592902,0.4616740351296451,0.15951726610108735,0.12838875014936071,0.13287408889951008,0.09747281634603895,0.003106703309833911,0.0004480822081491218,0.00185207312701637,0.02589915163101924,0.11533800334568048,33476,Illinois,Randolph County
17159,0.5629273701718721,0.5629273701718721,0.19158504281402083,0.022415259040226697,0.15242567609191154,0.004805026797264831,0.007330746011211729,6.160290765724142e-05,0.0015400726914310354,0.012628596069734491,0.1169770837183515,16233,Illinois,Richland County
17161,1.242046548195139,0.8217640600219592,0.16185460805443727,0.029236317487427648,0.14883832160817642,0.09006682661678392,0.01639488701828582,0.00032532227237607256,0.00267713119976143,0.11601805538611687,0.11062528974014883,147546,Illinois,Rock Island County
17163,1.364976153094173,0.7845224694137513,0.12519625559143288,0.01648302759427674,0.1662985380809906,0.30475901294546315,0.012130817311964926,0.0008405664010427467,0.0024143140681932634,0.03253029001392304,0.12217571540717483,270056,Illinois,St. Clair County
17165,0.9018183277806767,0.549512302813792,0.1840404608035965,0.03524249989965079,0.22363304298960382,0.039938987677116365,0.004054108296873119,0.0006823746638301288,0.003532292377473608,0.013647493276602578,0.12814293742222937,24913,Illinois,Saline County
17167,1.2809004127313701,0.7665257134175677,0.13856632821006254,0.02007506748031297,0.15301496974147316,0.11817284075658978,0.0163066872610336,0.00023801686374800597,0.0019952903046109435,0.01762337629453321,0.10490587699085914,197465,Illinois,Sangamon County
17169,1.3317868504772004,0.43465005302226933,0.18531283138918345,0.06134936373276777,0.19807834040296923,0.03221102863202545,0.0011930010604453872,0.0,0.0015906680805938495,0.01193001060445387,0.11963056733828208,7544,Illinois,Schuyler County
17171,3.0,0.0,0.1803921568627451,0.008013949579831934,0.12966442577030812,0.0016806722689075631,0.002240896358543417,0.0,0.0016806722689075631,0.008029878618113911,0.11230308123249301,5355,Illinois,Scott County
17173,1.1658095962080222,0.22353888118767606,0.18924115726870278,0.009170943075615973,0.11285024370612172,0.0022358359790725754,0.0025041362965612843,0.00022358359790725752,0.0019228189420024146,0.00804900952466127,0.11526955238563699,22363,Illinois,Shelby County
17175,3.0,0.0,0.1991991991991992,0.015365015015015016,0.1615215215215215,0.004671338004671338,0.0031698365031698366,0.0,0.001668335001668335,0.009843176509843177,0.12330430430430431,5994,Illinois,Stark County
17177,0.6024396889606171,0.5094422669824569,0.18775544423717802,0.017498889145060887,0.14516476284295027,0.08960197857936325,0.006224979564461026,0.000293433380142944,0.0017815598080107313,0.0294690951772128,0.12160627528242964,47711,Illinois,Stephenson County
17179,1.3413888355466268,0.6645346174867424,0.15612951829475458,0.020996362468056192,0.08667392203494986,0.010148160184350857,0.007378465810892654,0.00024373310486432192,0.0026958358568326514,0.018568031079663795,0.0981304784554707,135394,Illinois,Tazewell County
17181,0.690532345013477,0.4035826594788859,0.18165992812219228,0.031791430817610065,0.18740071877807726,0.00876010781671159,0.003032345013477089,0.00033692722371967657,0.005446990116801438,0.04846136567834681,0.12190970350404312,17808,Illinois,Union County
17183,1.2874977029096477,0.5565451761102603,0.16296477794793263,0.03556761653905054,0.1972177641653905,0.12950689127105666,0.006909647779479326,0.00020826952526799386,0.0023399693721286373,0.042156202143950994,0.12698580091883616,81625,Illinois,Vermilion County
17185,1.163137189252532,0.6718004519963171,0.17845484221980412,0.007348874194358417,0.11983267765966352,0.006445132669289361,0.005859211517535783,0.0004185151083954131,0.001757763455260735,0.013225077425295053,0.11158726040010045,11947,Illinois,Wabash County
17187,0.8577398768848478,0.5709606370362004,0.1703281188230643,0.06304456429660586,0.1250585079347151,0.01711187665894844,0.005308635003106116,0.0007341729259614842,0.0023719432992601796,0.0841475122832778,0.10810097701473993,17707,Illinois,Warren County
17189,1.0905137265561293,0.227983147594455,0.17008698015765153,0.01672944414243001,0.08225027181299266,0.006863278064691492,0.0028540364229410167,0.0002718129926610492,0.0012231584669747215,0.013386789888556672,0.09961518075564012,14716,Illinois,Washington County
17191,1.6922434367541765,0.3554892601431981,0.19445107398568018,0.004536157517899762,0.1398352028639618,0.002505966587112172,0.004236276849642005,5.966587112171838e-05,0.002088305489260143,0.010501193317422435,0.11888210023866348,16760,Illinois,Wayne County
17193,0.39495397204227756,0.39495397204227756,0.20961472894647118,0.026646893965223323,0.1344434367541766,0.0038186157517899762,0.0021138765768837367,0.00040913740197749747,0.00320490964882373,0.010773951585407433,0.12425175588135015,14665,Illinois,White County
17195,1.067301446203289,0.6310130260863619,0.17516838182501965,0.017295575917125373,0.10597584532804541,0.013350883790898833,0.004718110020855414,0.0001538514137235461,0.0029060822592225375,0.11034565284283224,0.11437613251735103,58498,Illinois,Whiteside County
17197,1.5784210992384438,0.9279635751815337,0.09270618100242045,0.012614772861444004,0.07201722504280064,0.11178788594368026,0.045505933053899286,0.00020072023141861974,0.002513430544896393,0.15617362300017712,0.09129894179113289,677560,Illinois,Will County
17199,1.486414394864144,0.5907590759075908,0.1633135916331359,0.028183328058833283,0.1505230194252302,0.038277800382778004,0.0084542700845427,0.00012056000120560002,0.0037072200370722006,0.019606070196060702,0.10890784694907849,66357,Illinois,Williamson County
17201,1.2672625176113579,0.8769304757776092,0.13789015931505363,0.01586997094125935,0.15997912715400456,0.12229056031212746,0.023064105343015066,0.00024046277229868864,0.0032614880242765798,0.10897366424623388,0.1138372778259456,295264,Illinois,Winnebago County
17203,1.0144837575005172,0.5072418787502586,0.14799296503207118,0.02641175512104283,0.07367858990275192,0.0048365404510655905,0.005509000620732465,0.00012931926339747568,0.0019139250982826402,0.013630250362093938,0.09325059486861162,38664,Illinois,Woodford County
18001,0.6853171256579521,0.34265856282897605,0.13813359699886585,0.012249844417948644,0.1648440108180417,0.0031116410271323463,0.002268299066507692,0.0002035653008404339,0.002064733765667258,0.04106202925524181,0.12251868438654143,34387,Indiana,Adams County
18003,1.4145116216239035,0.8529137784982368,0.11858587393654894,0.017189028196403895,0.14472309887456414,0.1171252557488975,0.02735774451283177,0.000531901420936653,0.0035066093676564534,0.06499047361740809,0.11217455090915743,355329,Indiana,Allen County
18005,1.5334401125087898,0.7112144177930567,0.1397374794905852,0.014936317941505848,0.1324863661223533,0.018491027944891526,0.03427351095137641,0.0006250488319399953,0.002721566789072063,0.0620100528687137,0.11005232179597364,76794,Indiana,Bartholomew County
18007,0.0,0.0,0.1574429636322566,0.010403523831036819,0.1591355319629546,0.0047436187034108875,0.00169414953693246,0.00033882990738649197,0.001242376327083804,0.04867856336119268,0.12530765755590695,8854,Indiana,Benton County
18009,0.6879210402631991,0.45190349365502114,0.177659407801974,0.012762125959580133,0.12411781294062353,0.003838320538931537,0.0014883283722387593,0.00031333228889237035,0.001723327588908037,0.009164969450101833,0.13127353908820302,12766,Indiana,Blackford County
18011,1.0045197740112994,0.5022598870056497,0.11730225988700566,0.010138103813559323,0.05644576271186441,0.008739406779661016,0.01663135593220339,0.0001942090395480226,0.001818502824858757,0.022422316384180793,0.09121186440677966,56640,Indiana,Boone County
18013,0.0,0.0,0.1718934523028474,0.010665529458076367,0.09391890827975333,0.003477233958798058,0.0028867602676814065,6.560818790185015e-05,0.0032804093950925075,0.011678257446529327,0.12451351528670779,15242,Indiana,Brown County
18015,0.1628380054577028,0.1628380054577028,0.15787645745472587,0.005257613495410569,0.10113897295956338,0.0023815430414289257,0.001041925080625155,4.961548002976929e-05,0.001885388241131233,0.03527660630116596,0.12273564872240139,20155,Indiana,Carroll County
18017,0.8086023712980547,0.46389159780321304,0.15074680490684186,0.027350177077452135,0.1456127906379921,0.014833444541395062,0.010752964122568393,0.0007699019658163527,0.005107016373248473,0.1256736642200893,0.12620271518759946,38966,Indiana,Cass County
18019,1.287756731257711,0.644685753683141,0.12750381014587417,0.013747658574642573,0.10122457181217795,0.06949887509978954,0.007937803904492344,0.0004808041222149648,0.002748748094927063,0.0485340010160389,0.11137737680528341,110232,Indiana,Clark County
18021,0.7477872815172927,0.37389364075864634,0.15065079955373745,0.012702923019709928,0.14219642989959094,0.0032354034957233174,0.002231312755671253,0.0002975083674228338,0.002194124209743399,0.011416883599851246,0.11901030122722202,26890,Indiana,Clay County
18023,0.7375692270647725,0.45891524199373945,0.1437515049361907,0.024974157235733204,0.12629939200577897,0.00427401878160366,0.0021671081146159405,9.029617144233085e-05,0.0024981940765711535,0.1322838911630147,0.12346920900553815,33224,Indiana,Clinton County
18025,0.8056566788014562,0.0,0.15009801176141138,0.005779062820871838,0.15542397087650517,0.0022402688322598714,0.0018668906935498926,0.0008401008120974517,0.004013814991132269,0.011761411369364323,0.13865994586016991,10713,Indiana,Crawford County
18027,0.5922017189079879,0.36046511627906974,0.1409567745197169,0.018351061678463093,0.12718434024266936,0.005434782608695652,0.005087209302325582,0.0002527805864509606,0.002243427704752275,0.041519211324570274,0.12164645475227504,31648,Indiana,Daviess County
18029,0.9920674565908046,0.4960337282954023,0.13121665634303756,0.010590978480228585,0.10377826842767798,0.005994365296621176,0.003776450136871341,0.0005195116590405019,0.0017383659360201411,0.010030571263012768,0.10672693667952124,50047,Indiana,Dearborn County
18031,0.943045843045843,0.3146853146853147,0.14440559440559442,0.014644805749805749,0.12706503496503496,0.0031857031857031857,0.0072261072261072265,0.00027195027195027195,0.0015151515151515152,0.01655011655011655,0.11392661227661227,25740,Indiana,Decatur County
18033,0.9926817137579045,0.49634085687895224,0.1312081093243019,0.014568171375790445,0.10750657224735334,0.0035051985884470547,0.004547284655282666,0.00040262416218648606,0.0023446936503801244,0.024417971247898063,0.10914911304265448,42223,Indiana,DeKalb County
18035,1.337449329061536,0.7576718137858945,0.14682462118958792,0.07504636401492296,0.24410864189137513,0.0692269123233422,0.009722021568610788,0.0005098962361159504,0.002566477721783617,0.017744389016835074,0.11807085858027891,117671,Indiana,Delaware County
18037,1.2767313614552747,0.5836615817995178,0.14512163097710618,0.02130411802621213,0.10825343168851011,0.0029124591181455754,0.004511924371553391,0.00026259877294755184,0.0015755926376853112,0.06018286423643439,0.1072361240421113,41889,Indiana,Dubois County
18039,1.4409467551465638,0.8058352188460156,0.12129034870595619,0.0192495067296352,0.13500658537449572,0.05723353529831594,0.009693306809611306,0.0004100041000410004,0.003781148922600337,0.14115276955238687,0.11019808765988895,197559,Indiana,Elkhart County
18041,0.7878650574617951,0.5627548708654282,0.1665774189562137,0.015104811138114264,0.18741108868476333,0.013263582815010092,0.003336491329241669,0.0,0.0013181200313053508,0.009185648968159163,0.13714845326852576,24277,Indiana,Fayette County
18043,1.0265493845369948,0.6973236074981898,0.1295288154683687,0.017825869559387485,0.10191345973343345,0.05193220520797018,0.00943978116870927,0.00021454048110702888,0.0022526750516238033,0.026442114296441308,0.1062070181554882,74578,Indiana,Floyd County
18045,0.902262180974478,0.13120649651972158,0.17650812064965196,0.009989071925754059,0.1177767981438515,0.0016241299303944316,0.0020301624129930394,5.80046403712297e-05,0.0031322505800464038,0.021635730858468677,0.12166798143851508,17240,Indiana,Fountain County
18047,0.5061289903408844,0.0,0.1412483215662494,0.008093407545371854,0.08443076190063672,0.0016026335166977087,0.002382293065361459,8.662883874041669e-05,0.0014726902585870836,0.009096028067743752,0.11102447264694415,23087,Indiana,Franklin County
18049,0.8602418890382031,0.28556344787867155,0.16452294106354387,0.010737185640238048,0.13846304473027451,0.0071990785179497025,0.004847379535419466,0.00023996928393165676,0.00460741025148781,0.04233058168554425,0.11938169514302169,20836,Indiana,Fulton County
18051,0.7018177476643883,0.24066501507327703,0.15288183147777812,0.022031433005999464,0.10202710205056263,0.01781929976420022,0.0046562994358714145,8.954421992060413e-05,0.002149061278094499,0.013163000328328806,0.11227824373936664,33503,Indiana,Gibson County
18053,1.0439188706983915,0.6004624541471004,0.1623299695979218,0.07167737400265482,0.19775397153908736,0.06976777379711965,0.005866316495625241,0.00024264569446625083,0.0033399466179472176,0.0359258360571502,0.1329960034826794,70061,Indiana,Grant County
18055,1.2206241519674355,0.26241519674355496,0.16031961405095732,0.008468632594602744,0.14095615860093472,0.0014774611789537162,0.0028946178199909544,0.00012060907583295643,0.002804161013116237,0.009709030604552993,0.12173481079451229,33165,Indiana,Greene County
18057,1.7381022620907678,0.9022650044251171,0.08627703783019933,0.005929134753012904,0.048039239681100195,0.034974815073806585,0.04798429538658771,0.00035328096034148063,0.0019266559589757037,0.03433016837297728,0.07579318495532998,274569,Indiana,Hamilton County
18059,1.1738950315705265,0.49624296448672894,0.12766778092054512,0.0092682466215251,0.07223973600754265,0.020742264506728378,0.007971200822833634,0.00028570612268220906,0.00219993714465301,0.017370932259078313,0.10121215108139767,70002,Indiana,Hancock County
18061,0.0,0.0,0.13847678081495782,0.011693062188801952,0.10399136266639569,0.0045218981810791585,0.003937607966670054,0.00027944314602174573,0.002235545168173966,0.0147596788944213,0.11245683873590083,39364,Indiana,Harrison County
18063,1.4832861228755294,0.7808288872999285,0.10704169187613442,0.023097668582586217,0.052597670645179034,0.048704691711127,0.020818436829657335,0.0004056432539464276,0.002014465650954293,0.030106979814091633,0.08749458913151092,145448,Indiana,Hendricks County
18065,0.9359508309409243,0.43934737778496624,0.16176054344749505,0.060980492094941566,0.15599739193724477,0.02163276859002871,0.0031539363551817555,0.00010108770369172294,0.0014556629331608103,0.01397032065019611,0.12480374833205288,49462,Indiana,Henry County
18067,1.1338698762567672,0.666715003866976,0.1624250773395205,0.015496708236658933,0.16090535576179427,0.06863882443928848,0.008942382057231245,0.0002416860015467904,0.003456109822119103,0.026621713070378965,0.1257653591453983,82752,Indiana,Howard County
18069,1.279899795280681,0.5482167869841612,0.1472362891929749,0.03583427701756276,0.10235540351255253,0.0043098804008188775,0.004498437668354703,0.00021549402004094386,0.0037711453507165175,0.016997090830729446,0.11081841935136301,37124,Indiana,Huntington County
18071,1.6228525580517275,0.6939777232395695,0.1431942609023976,0.014042767132339061,0.1595341938833302,0.006654710213328299,0.008471776477251274,0.0006371531055314329,0.0021002454219369456,0.056871814234472344,0.12079346800075513,42376,Indiana,Jackson County
18073,0.6048151024553438,0.3024075512276719,0.14045044506840312,0.027665505705239263,0.08862844255929267,0.006332516876754884,0.003972758229284903,0.0003285739888882251,0.0020311846585817552,0.05445367106756676,0.107161419439632,33478,Indiana,Jasper County
18075,0.8445866465910695,0.42229332329553476,0.1537194748976615,0.011429793440925986,0.16685329130005175,0.0028231308521149954,0.0036700701077494943,0.0,0.001082200159977415,0.02714910836117254,0.1284891544723098,21253,Indiana,Jay County
18077,1.1210682126557296,0.35620451461699765,0.14623165165906007,0.05874617922782781,0.15314527568767733,0.016713950906623906,0.006506722585420007,0.00018502528678919454,0.002127790798075737,0.02328234858764031,0.11476248920685828,32428,Indiana,Jefferson County
18079,1.0450482033304118,0.25728308501314634,0.12624014022787028,0.010441314636283961,0.14788175284837862,0.007572304995617879,0.00217353198948291,0.0,0.0010517090271691498,0.020017528483786153,0.11938496056091148,28525,Indiana,Jennings County
18081,1.2089950878599969,0.662587537771922,0.12297535337333697,0.016699163647299755,0.0881210563249173,0.011299354118034571,0.019648560012602574,0.00032938548126083036,0.0022555744912426427,0.0305755653257336,0.10042446331648217,139654,Indiana,Johnson County
18083,0.6548126951092612,0.5311654526534859,0.1577003121748179,0.06880454474505723,0.1844812174817898,0.026248699271592093,0.005593132154006243,0.0002861602497398543,0.001899063475546306,0.015348595213319459,0.1188903485952133,38440,Indiana,Knox County
18085,0.6247834742366659,0.38041314408335275,0.13538354145660436,0.020266604617492696,0.10311666537397554,0.007394193231469273,0.00840249230848781,0.0002456113136327206,0.0029990434085679567,0.07283021794772357,0.10791592336927014,77358,Indiana,Kosciusko County
18087,0.2739711269123034,0.1369855634561517,0.11560008618832149,0.008731361775479422,0.07315225705666882,0.0031512605042016808,0.003178194354664943,5.3867700926524454e-05,0.0019123033828916181,0.03547188106011635,0.11301804567981039,37128,Indiana,LaGrange County
18089,1.511021058255461,0.931075291579722,0.1328010806342678,0.012797170391427507,0.16753937561113297,0.2585921512887975,0.012382939688107983,0.0002177397405268092,0.0032822249775707906,0.16665759417747805,0.1382299291337789,496005,Indiana,Lake County
18091,1.0568688490764082,0.5753272268922641,0.14234706235926328,0.059417336969686096,0.16937520521768773,0.10766415172203432,0.005230247517202401,0.00018839656579974342,0.002745207101653404,0.05466191787703984,0.129626382696224,111467,Indiana,LaPorte County
18093,0.603632895478389,0.36495859886417825,0.1639138162743313,0.014153541856331556,0.11942688689469806,0.004031733645467551,0.00485542116443404,0.0003034638227771275,0.003424805999913296,0.011813413100966749,0.12334519009840898,46134,Indiana,Lawrence County
18095,1.2506913002522106,0.7255158163420341,0.15371175058494638,0.04768738035187942,0.17012913640645416,0.08328268862621167,0.0042009784557415905,0.0003418517730711963,0.0024309459418396183,0.031822601719894254,0.13031385031450363,131636,Indiana,Madison County
18097,1.5347783301398172,0.9805046087361757,0.10637895135339769,0.018457039516578056,0.19067117301108155,0.2667443737111091,0.02027246170824879,0.0005069775833994729,0.0032112270075150017,0.09349862130877702,0.12182410977282312,903393,Indiana,Marion County
18099,1.1218677605151857,0.3670272682833521,0.14673439459310111,0.014245082995047927,0.11506231535992859,0.004675777347984102,0.0045695096809844635,0.00014877473379949416,0.0024654098743916177,0.08439778113111304,0.1216492954453678,47051,Indiana,Marshall County
18101,0.7480162570156764,0.3740081285078382,0.15724791948906522,0.008981207664021676,0.12492906909231663,0.0009676795045480937,0.0028062705631894717,0.0,0.002903038513644281,0.006773756531836656,0.12052448229146506,10334,Indiana,Martin County
18103,0.6533615153239574,0.44383925426117116,0.1395008535891391,0.09257602091970843,0.17720762539630924,0.04533506760967943,0.0034956507601008047,0.0002167845432620654,0.009077852749098989,0.02455084952442891,0.1261110207842181,36903,Indiana,Miami County
18105,1.082232884456492,0.7333917984547813,0.10180903648513488,0.10854725600475451,0.2901279878817748,0.03254961079623697,0.05228521315610187,0.00044936002435241423,0.002558453041877455,0.02920115384057866,0.08138485511763086,137974,Indiana,Monroe County
18107,1.0841464694155911,0.37110481586402266,0.15549260308467108,0.03071055240793201,0.10354978491239114,0.008577274158010701,0.005587031790997797,0.00015738117721120554,0.002570559227783024,0.04561431119504774,0.11754844717238486,38124,Indiana,Montgomery County
18109,0.9438848085464627,0.5263448195779022,0.12945974976050165,0.008599737277556826,0.11248580427903736,0.0025546491711905244,0.003599732923041194,0.0002757859900717044,0.0029030104218074142,0.011902342729410398,0.1143610474061602,68894,Indiana,Morgan County
18111,0.6866048862679023,0.0,0.16638584667228307,0.011937763268744734,0.13319762707104746,0.003931479921370402,0.0026677899466442012,0.00014040999719180006,0.0029486099410278013,0.05033698399326032,0.12521489750070205,14244,Indiana,Newton County
18113,0.3815003365870077,0.27511780545270953,0.12497896331201616,0.017474602406597105,0.07473836671154493,0.0038917872770111075,0.003702457085156513,0.00012622012790306295,0.00214574217435207,0.09607455402221474,0.1116760350050488,47536,Indiana,Noble County
18115,0.0,0.0,0.1662859007832898,0.0084690274151436,0.061589751958224546,0.0035900783289817234,0.003100522193211488,0.0,0.0019582245430809398,0.011259791122715405,0.11442689295039164,6128,Indiana,Ohio County
18117,0.1606350806451613,0.1606350806451613,0.15786290322580646,0.012998810483870967,0.16321532258064517,0.008568548387096774,0.003125,0.00010080645161290323,0.003125,0.009778225806451614,0.13490393145161292,19840,Indiana,Orange County
18119,0.0,0.0,0.14794901506373118,0.009129877172653535,0.1611800695249131,0.0030127462340672076,0.00305909617612978,4.634994206257242e-05,0.0034762456546929316,0.00917728852838934,0.13236908458864427,21575,Indiana,Owen County
18121,1.4788626795086222,0.29424995674491033,0.156237383932176,0.10039433646692428,0.14881538727723628,0.0228963608051214,0.0019608973989272737,0.0002306938116385028,0.0036911009862160447,0.012399792375569525,0.12548428398408212,17339,Indiana,Parke County
18123,1.6763367463026166,0.42357017271693037,0.1517737097941876,0.07922452683834937,0.13719453924914676,0.024356189885200125,0.0035681042506981076,0.0002068466232288758,0.001861619609059882,0.009928637914986037,0.11400904953976626,19338,Indiana,Perry County
18125,0.0,0.0,0.16932658622031918,0.016572534059945503,0.11447567146749708,0.003036200856364344,0.001946282600233554,0.0003114052160373686,0.002101985208252238,0.009342156481121059,0.12574783962631375,12845,Indiana,Pike County
18127,1.3451788387348027,0.7785174457520476,0.12389100512358675,0.020719171463690688,0.10563865934841607,0.029780087380885736,0.012133529676642043,0.0002190607163285424,0.0030059998296194427,0.08478258223904392,0.10618011050396134,164338,Indiana,Porter County
18129,1.8593979158626013,0.37448861443458126,0.14399845619451948,0.009351277499035122,0.10169386337321497,0.00899266692396758,0.002701659590891548,0.00015438054805094558,0.001852566576611347,0.009571593979158625,0.10949787726746431,25910,Indiana,Posey County
18131,0.5397701835546933,0.26988509177734665,0.16743769586628862,0.014404887330249217,0.1358824802268318,0.006566184151619161,0.0021638561408744966,0.00022384718698701685,0.0029846291598268917,0.024250111923593495,0.1281070735711088,13402,Indiana,Pulaski County
18133,0.9230830018702421,0.3329294312883597,0.13515791691910545,0.14287408265943155,0.1248187972499539,0.03964386376208413,0.007349261122672076,0.0003687801280193873,0.002581460896135711,0.015462423939098595,0.10952769802175803,37963,Indiana,Putnam County
18135,0.7331015245882847,0.36655076229414235,0.17099079133391923,0.012562557792976957,0.15800278934698714,0.004470597225937106,0.0023308241947193457,0.0003056818616025372,0.003400710710328226,0.030186083833250544,0.12657941996866762,26171,Indiana,Randolph County
18137,0.32604622111180515,0.16302311055590257,0.14855298771601083,0.01559253591505309,0.11509959053369422,0.002394336872787841,0.005066278020681519,0.00013880213755291832,0.0017697272537997085,0.015441737802762163,0.11353657436324519,28818,Indiana,Ripley County
18139,0.9981025758969642,0.37574747010119597,0.1576011959521619,0.010229128334866607,0.16992646044158233,0.007589696412143515,0.00327736890524379,0.00022999080036798528,0.0018399264029438822,0.010924563017479301,0.12517278058877646,17392,Indiana,Rush County
18141,1.4353709385571551,0.887641375486549,0.13323667914180068,0.042230289850186,0.1680825269451656,0.1272163967467248,0.018866298781333005,0.0007267795797415811,0.003858675088318704,0.07265922654169055,0.11297005593205735,266931,Indiana,St. Joseph County
18143,0.5574624705347173,0.39237417807369424,0.13419626979860222,0.01291100864314958,0.1582741822091725,0.0023572226127951696,0.004466316529506637,0.0005789669575286382,0.0019023200033083825,0.014639593068938422,0.12636458376411233,24181,Indiana,Scott County
18145,1.0288054730398777,0.4632505175983437,0.13925645872715817,0.01537644702493474,0.11141223332433162,0.010239445494643982,0.005491043298226663,0.00029255558556125666,0.002137906202178414,0.03706454226302998,0.11467193266720677,44436,Indiana,Shelby County
18147,0.0,0.0,0.15010500190912562,0.017567148720885835,0.0932139175257732,0.004581901489117984,0.003436426116838488,0.0,0.001956853760977472,0.02467544864452081,0.11728231195112639,20952,Indiana,Spencer County
18149,0.16072422206052306,0.16072422206052306,0.1530197320549587,0.0006911141548602491,0.14260664298249368,0.0028249796687069297,0.0017549116123785472,0.0,0.003253006891238283,0.03278688524590164,0.12818174035868682,23363,Indiana,Starke County
18151,0.8126956267368729,0.40634781336843645,0.1488957144946614,0.03802036565745209,0.10934050021939447,0.005236214714055872,0.004885183560040953,0.00032177855784700887,0.002720491443615621,0.028726049436887523,0.11125174784262104,34185,Indiana,Steuben County
18153,1.3739231664726426,0.26752037252619326,0.14835855646100116,0.10701717811408616,0.1341699650756694,0.04474970896391153,0.0018626309662398137,4.6565774155995343e-05,0.00270081490104773,0.013690337601862631,0.12043464493597206,21475,Indiana,Sullivan County
18155,0.0,0.0,0.1459530764157166,0.010067822481861867,0.2010146047300481,0.0030151700744370114,0.0016960331668708188,0.00018844812965231321,0.0016960331668708188,0.01385093752944502,0.13365570526712522,10613,Indiana,Switzerland County
18157,1.5963942585947448,0.8897268202338233,0.09479685148744067,0.0837193020025466,0.21520765134853567,0.04001041787243894,0.06210209514990161,0.00028938534552610254,0.002621831230466489,0.074933441370529,0.08513021761777984,172780,Indiana,Tippecanoe County
18159,1.3670306224899598,0.42287901606425704,0.17181224899598393,0.012876738202811246,0.08118386044176708,0.0018197791164658635,0.004078815261044177,0.0003137550200803213,0.0014432730923694779,0.021711847389558232,0.1176519829317269,15936,Indiana,Tipton County
18161,0.0,0.0,0.14462480042575837,0.008908036189462482,0.08828898350186268,0.004390633315593401,0.0025279403938265033,0.0007982969664715274,0.0030601383714741882,0.010910058541777541,0.1172533262373603,7516,Indiana,Union County
18163,1.463493494496199,0.9496922546106158,0.14409496143443853,0.04191752089663539,0.17578048237559407,0.09097131790710875,0.01114672721404165,0.0005787616726212339,0.0022204414170756952,0.021553307289058066,0.11937507095395505,179694,Indiana,Vanderburgh County
18165,0.3021835677276092,0.3021835677276092,0.1687638786084382,0.012903238341968909,0.15239933382679496,0.0014803849000740192,0.0019121638292622749,0.000308413520848754,0.0022822600542807795,0.008018751542067604,0.12510961016530964,16212,Indiana,Vermillion County
18167,1.1552370002225354,0.5890048957792449,0.13455047845115348,0.08851390104591648,0.19395773681477638,0.06895816334099844,0.01651398264223722,0.00033380313033157775,0.0033751205400192863,0.022893331355240708,0.11295568763444848,107848,Indiana,Vigo County
18169,0.9056494770128922,0.515598394551204,0.1809778642666018,0.05591861469228898,0.12614154098759425,0.004956215032838726,0.004196059352955485,0.00018243736317197763,0.006598151301386524,0.021193140355144732,0.12175702383848211,32888,Indiana,Wabash County
18171,0.0,0.0,0.16596144804889515,0.009873554301833568,0.10465303244005641,0.0012929007992477667,0.004231311706629055,0.0007052186177715092,0.0015279736718382699,0.008227550540667606,0.11823131170662905,8508,Indiana,Warren County
18173,1.1689255976813149,0.6352426745296453,0.13332439813030877,0.01217475246695371,0.0771419524535509,0.01345306505386252,0.016083365444219202,0.00030156310207911006,0.002077434703211647,0.01584881636482434,0.10186079512137915,59689,Indiana,Warrick County
18175,1.383836954214139,0.10972330337555729,0.1354115066166584,0.009238592456301747,0.13037378812539807,0.0022645248036232395,0.0030429552048687283,7.076640011322624e-05,0.0021937584035100132,0.010756492817210389,0.11513965749062344,28262,Indiana,Washington County
18177,1.195916827488138,0.6302799019109944,0.1643861456534672,0.037929618236429326,0.1672516650463601,0.04959589070911386,0.007646879579784378,0.0007110001886327031,0.002481245556248821,0.026176415108028497,0.1276066717936068,68917,Indiana,Wayne County
18179,1.1802721088435375,0.5901360544217688,0.15704154002026344,0.017071131856998118,0.09678169778549717,0.0034737299174989146,0.003871761470545665,0.00010855405992184108,0.0027500361846866405,0.02040816326530612,0.11245733825445071,27636,Indiana,Wells County
18181,0.20865965994400032,0.20865965994400032,0.1716511788337459,0.012453816499614495,0.0859312583695167,0.0027594042933084444,0.0036115732662419346,0.00020289737450797387,0.002881142718013229,0.07085176317818448,0.12442827577811143,24643,Indiana,White County
18183,0.4228042773038568,0.2114021386519284,0.139643157515319,0.013085897512916016,0.09063687973086627,0.0029736873723417035,0.003153910849453322,0.00021026072329688813,0.0027634266490448155,0.015469181785413913,0.11020978012735794,33292,Indiana,Whitley County
19001,0.7201249674563915,0.0,0.21400676907055455,0.019688284300963293,0.0922378286904452,0.0014319187711533455,0.002863837542306691,0.00013017443374121324,0.000520697734964853,0.013147617807862536,0.11840666493100756,7682,Iowa,Adair County
19003,0.0,0.0,0.2134524695954331,0.028297666914867216,0.11581409779101515,0.0019856043683296105,0.005956813104988831,0.0,0.0047158103747828245,0.009183420203524448,0.12013526929759245,4029,Iowa,Adams County
19005,0.7757850662944871,0.28527564549895323,0.19560362875087228,0.023182554082344733,0.09265666434054431,0.007885554780181438,0.0023726448011165387,0.0011863224005582694,0.002512212142358688,0.05282623866015353,0.1168774598743894,14330,Iowa,Allamakee County
19007,1.074028090323582,0.4717932800496625,0.20113292465275084,0.009766586482501744,0.16154946845658416,0.004888647474198805,0.002793512842399317,7.759757895553658e-05,0.0024831225265771707,0.014045161790952122,0.12511337006285403,12887,Iowa,Appanoose County
19009,0.0,0.0,0.2319006373590456,0.02223762052622978,0.10085471482268346,0.0016342539630658604,0.004085634907664651,0.00016342539630658605,0.0013074031704526884,0.0060467396633436836,0.12024235986272268,6119,Iowa,Audubon County
19011,1.4516413560362018,0.20747047093112442,0.15397300199417088,0.011993250498542721,0.09176537812547936,0.003911642890013806,0.0025310630464795212,7.669888019634913e-05,0.0017257248044178556,0.010546096026998006,0.09696165055990184,26076,Iowa,Benton County
19013,1.4084598367533756,0.8277519261576016,0.13830955831871233,0.04552206499351591,0.17501530246395608,0.08879395834922572,0.01302158822183233,0.0015332977343809596,0.0022656190403539554,0.03743229842093218,0.10116789991608818,131090,Iowa,Black Hawk County
19015,0.5763323956511822,0.4792442788717403,0.1594313084467422,0.02919884437010568,0.0800379761271193,0.007830913099673079,0.0033452444309283054,0.00011404242378164677,0.003079145442104463,0.019197141336577208,0.10228141868775184,26306,Iowa,Boone County
19017,0.4003954522985665,0.2556022408963585,0.17268083704069864,0.07077794941506015,0.09162778052397429,0.007867853023562367,0.007167572911517549,8.238589553468446e-05,0.0006590871642774757,0.009845114516394794,0.09190397923875433,24276,Iowa,Bremer County
19019,1.0180837866208607,0.18875846931959156,0.15292489741387538,0.016375083500334002,0.09587589464643574,0.003196869930336864,0.00429430289149728,4.7714476572192006e-05,0.0015268632503101442,0.011594617807042656,0.09952786525431817,20958,Iowa,Buchanan County
19021,1.4016781836130305,0.5572063178677197,0.15078973346495558,0.050034032576505426,0.13079160908193482,0.02665350444225074,0.05631786771964462,0.004935834155972359,0.0025172754195459035,0.22744323790720633,0.11043509378084897,20260,Iowa,Buena Vista County
19023,0.570054483083339,0.0,0.19802246586399408,0.016280749310553577,0.09385814219412121,0.001748839712114078,0.0023542073047689515,0.00013452613170108295,0.0014125243828613707,0.008945987758122016,0.11033120333624807,14867,Iowa,Butler County
19025,1.698862461220269,0.0,0.23702171664943122,0.02459905894519131,0.1333329886246122,0.002275077559462254,0.0021716649431230612,0.00010341261633919338,0.0019648397104446744,0.009307135470527405,0.12234550155118923,9670,Iowa,Calhoun County
19027,0.9851076095311299,0.49255380476556493,0.18610684089162183,0.022434833781706378,0.0881021329746349,0.003987317448116833,0.004419677171406611,4.803996925441968e-05,0.0012009992313604919,0.015997309761721753,0.10484166026133743,20816,Iowa,Carroll County
19029,1.6910289481226712,0.5252221266838636,0.20951562052163944,0.021802679850960162,0.11581871596445972,0.0025078819145887073,0.0021496130696474634,0.0032244196044711954,0.002006305531670966,0.01812840355402694,0.12409859558612782,13956,Iowa,Cass County
19031,1.1410346505216498,0.18698308016649548,0.16719822693118547,0.017521860641115737,0.06450078382615276,0.0028109627547434997,0.004594842964484567,0.00016217092815827883,0.0015676523055300287,0.015352181198983728,0.09712287150656791,18499,Iowa,Cedar County
19033,1.4672600847092931,0.7367443546012548,0.1793617358610224,0.026232504360037143,0.11366734615297502,0.013091436207560418,0.008538877941609476,0.000203845892505266,0.0020611084686643563,0.038368326878213406,0.10750816516047201,44151,Iowa,Cerro Gordo County
19035,1.981858846918489,0.46843936381709744,0.21570576540755468,0.030741161365142475,0.09918513916500994,0.0054671968190854875,0.00513585155732273,0.0007455268389662028,0.0026507620941020544,0.02269715043074884,0.11828015241882042,12072,Iowa,Cherokee County
19037,1.714687675858188,0.3076613875713482,0.1910121392394887,0.01472426240051451,0.07436763405418442,0.0032960848942841063,0.003215692579789372,0.0,0.000803923144947343,0.02162553259908353,0.11019454940107726,12439,Iowa,Chickasaw County
19039,0.5353219900926125,0.5353219900926125,0.1668102519922464,0.01638880034460478,0.14442817144087872,0.004199870773206978,0.00398449278483739,0.0004307559767391773,0.003122980831359035,0.09982769760930432,0.11757247469308636,9286,Iowa,Clarke County
19041,1.0563388732225356,0.6896262074758505,0.18395632087358252,0.014022943541129176,0.12097504049919001,0.004139917201655967,0.005939881202375952,5.999880002399952e-05,0.002279954400911982,0.02861942761144777,0.10510391792164157,16667,Iowa,Clay County
19043,0.0,0.0,0.1932814827072646,0.015819079927188482,0.09025621931711623,0.003364774670417563,0.0023167301009432402,0.0009377240884770258,0.0011032048099729715,0.016879033592586464,0.11981444095096254,18129,Iowa,Clayton County
19045,1.615278117110514,0.6800024431957,0.16831582376415016,0.01735266919130222,0.12510717485137227,0.026284713738903818,0.005700789966609659,0.0002443195699975568,0.002463555664142031,0.02530743545891359,0.11425559899014578,49116,Iowa,Clinton County
19047,2.148514272344408,0.5193027608797379,0.16337154890032757,0.03423604936827328,0.15941717360786148,0.012166588675713618,0.006083294337856809,0.0009358914365933552,0.0034510996724379972,0.24163547028544688,0.1168029948525971,17096,Iowa,Crawford County
19049,1.208815302033719,0.6282754970892871,0.09792091933167008,0.00780143796779315,0.06242730777954185,0.013880698571104558,0.02513041506010433,0.0005897028804717623,0.0019203145082029183,0.06137446132909957,0.07247722083616845,66135,Iowa,Dallas County
19051,0.0,0.0,0.1705700902547698,0.014154884039757797,0.12374408774134583,0.000799725808294299,0.0027419170570090255,0.0,0.002170684336798812,0.009710956243573632,0.11188609619559008,8753,Iowa,Davis County
19053,0.0,0.0,0.18126995388435616,0.07839921958141184,0.19928024122029084,0.01797327657561783,0.0069764691971148166,0.0018919238500650349,0.0039020929407591345,0.02140238855386071,0.11101785503133499,8457,Iowa,Decatur County
19055,1.2432447646926368,0.29559783832470166,0.165728439540644,0.012286759738797568,0.0858262215717181,0.002702094122945283,0.0027583877505066427,0.00011258725512272011,0.001013285296104481,0.007824814231029048,0.10682729115064175,17764,Iowa,Delaware County
19057,1.6792560446373217,0.7315809051456913,0.17597024178549286,0.016969998760074396,0.15775504029758214,0.05078735275883447,0.007191568505889647,0.0005207687538747675,0.0024550526968381897,0.025840049597024177,0.11615528828270302,40325,Iowa,Des Moines County
19059,0.6983860322793544,0.30599388012239753,0.22271554568908622,0.01266522469550609,0.07987952240955182,0.001739965200695986,0.004319913601727965,0.0002999940001199976,0.0007799844003119938,0.010679786404271915,0.11096586068278634,16667,Iowa,Dickinson County
19061,1.263792937759602,0.7513053506027569,0.15327859225011478,0.04557243654768134,0.12112204627721482,0.026544798351360876,0.009375033367857943,0.0030751817880900773,0.0019006331884723394,0.019294630177356838,0.09397851643834154,93653,Iowa,Dubuque County
19063,1.5099980586293924,0.634828188701223,0.18821588041157056,0.052413240147544164,0.12136953989516601,0.006309454474859251,0.0042710153368278,9.706853038245e-05,0.006697728596389051,0.07406328868180936,0.11065715395068919,10302,Iowa,Emmet County
19065,0.31982758620689655,0.31982758620689655,0.19420498084291188,0.03744794061302682,0.12656154214559387,0.009482758620689655,0.005124521072796935,0.0007183908045977011,0.0010057471264367816,0.018199233716475097,0.11232701149425287,20880,Iowa,Fayette County
19067,1.7840274796049806,0.4999079923940379,0.20014721216953935,0.018650714592406303,0.15964748819235725,0.0124516960068699,0.013249095258541373,0.0003066920198736429,0.0014107832914187573,0.020303011715635158,0.12031031098570816,16303,Iowa,Floyd County
19069,2.1157303370786518,0.44213483146067417,0.1907303370786517,0.018545308988764046,0.12864719101123595,0.0035580524344569287,0.0026217228464419477,0.0003745318352059925,0.0018726591760299626,0.11320224719101124,0.11939606741573035,10680,Iowa,Franklin County
19071,3.0,0.0,0.19567262464722485,0.018152466066388925,0.0948916812256417,0.00524123101733638,0.0026878107781212203,0.00013439053890606102,0.0030909823948394033,0.02513103077543341,0.1179157371321059,7441,Iowa,Fremont County
19073,1.2053341902313626,0.3055912596401028,0.20897600685518422,0.01522779562982005,0.08892641388174807,0.002784918594687232,0.003213367609254499,0.00032133676092544985,0.0026778063410454155,0.018316195372750643,0.11684554413024849,9336,Iowa,Greene County
19075,0.0,0.0,0.18806713241789128,0.01237246446639364,0.06149016301292861,0.0022484541877459247,0.0021681522524692846,0.0005621135469364812,0.00032120774110656067,0.0097968361037501,0.10119665943949249,12453,Iowa,Grundy County
19077,1.8050940295782363,0.0,0.198831477085996,0.015508471791126528,0.11071791126529122,0.001460653642505021,0.003377761548292861,0.0003651634106262553,0.002008398758444404,0.01844075223662589,0.11316194997261275,10954,Iowa,Guthrie County
19079,1.3738914056019906,0.3335672813118101,0.18088432335864224,0.012644586231098067,0.09694238499330057,0.003190199706501627,0.01984304217444012,0.0,0.0021055318062910737,0.04989472340968545,0.10617756651566389,15673,Iowa,Hamilton County
19081,0.5790494665373423,0.0,0.19098844899038886,0.016312468036328368,0.08167498456926196,0.004937836169649943,0.004144255356670488,8.817564588660611e-05,0.001410810334185698,0.03509390706286924,0.11265549775152105,11341,Iowa,Hancock County
19083,0.702064560282879,0.3510322801414395,0.20959279114862553,0.049610779057830505,0.0787879548306148,0.012375955286871222,0.004505532109045284,5.7032052013231435e-05,0.00239534618455572,0.03712786586061367,0.1120952435268621,17534,Iowa,Hardin County
19085,2.165594855305466,0.22266881028938906,0.17812165058949625,0.018959746784565915,0.10074718649517686,0.00167470525187567,0.0028135048231511255,0.0,0.0028804930332261523,0.012258842443729904,0.1108119640943194,14928,Iowa,Harrison County
19087,1.5375031025068255,0.4654753040456689,0.16023827252419956,0.07713831223628692,0.11048140977910152,0.022189128816083394,0.022884090344998758,0.0010920824025812857,0.0030280466617026557,0.037925043435095555,0.10528334574336064,20145,Iowa,Henry County
19089,2.1651683044114574,0.4174158477942714,0.193079657118963,0.02229637256951704,0.11983723604432366,0.0026134225381559692,0.0025088856366297305,0.0007317583106836714,0.0010453690152623877,0.012335354380096173,0.10772412711687226,9566,Iowa,Howard County
19091,1.8441161487519104,0.5882832399388691,0.20590932246561386,0.013532246561385634,0.1173207335710647,0.0044829342842587876,0.0032603158430973,0.00010188487009679063,0.0015282730514518594,0.036372898624554256,0.11724839531329599,9815,Iowa,Humboldt County
19093,0.0,0.0,0.2066582028494851,0.01721053745239103,0.1049661447312738,0.002398081534772182,0.002680208774157145,0.0001410636196924813,0.0016927634363097758,0.014106361969248131,0.11070771617999718,7089,Iowa,Ida County
19095,0.6997859981656985,0.0,0.1718740446346683,0.017728009782941,0.08275255273616632,0.003485172730051972,0.00342402934882299,0.0001222867624579639,0.001650871293182513,0.018771018037297464,0.10159669825741363,16355,Iowa,Iowa County
19097,1.923317210802096,0.32698508665860543,0.1860640870616687,0.01012953446191052,0.12467568520757759,0.0030733575171301895,0.0023679967754937524,0.004484079000403063,0.002015316404675534,0.011084240225715438,0.1121509471987102,19848,Iowa,Jackson County
19099,1.2454807013734326,0.4288583681667662,0.16527332935236957,0.04472533250095,0.09811465175614788,0.01275717930622659,0.004424298355138158,0.000217143477552793,0.00279572227349221,0.014575755930731231,0.1041780576515933,36842,Iowa,Jasper County
19101,1.5316155079261413,0.5930653684023036,0.148488986522591,0.10276760078370835,0.1426886540402541,0.012705575016327257,0.08460488036573056,0.00011874369174137624,0.0018405272219913318,0.02434245680698213,0.1057575253814641,16843,Iowa,Jefferson County
19103,0.8712580797970692,0.6400421753946303,0.08565730963768892,0.06002962974282178,0.19387646888036553,0.048173163613025476,0.052100365214467995,0.0003896639721275653,0.0021928149019727694,0.04737091425864519,0.06604347427453737,130882,Iowa,Johnson County
19105,1.009593952902413,0.43463513906386275,0.1723035177827309,0.06318696579125885,0.10173059404981104,0.019769357495881382,0.004360887682915011,9.690861517588914e-05,0.0023742610718092837,0.013082663048745034,0.10838288593855994,20638,Iowa,Jones County
19107,0.8168585291599277,0.0,0.19227475977547331,0.013339577585386737,0.10394510512796118,0.0047569213205213585,0.0017124916753876891,0.0,0.0013319379697459804,0.008562458376938446,0.11457615831034154,10511,Iowa,Keokuk County
19109,0.7880074631666988,0.3940037315833494,0.21868365180467092,0.016527330631152286,0.0988825194621373,0.0028308563340410475,0.0037959209933732226,0.0002573505758219134,0.001286752879109567,0.013832593450427845,0.12064086727144052,15543,Iowa,Kossuth County
19111,1.5346048742401428,0.6588868440131616,0.16948301823657352,0.04444394902682505,0.15191807484245162,0.03117505995203837,0.005102894428643132,0.0003067313590987675,0.0018961574926105627,0.03045005855780492,0.11803323852545872,35862,Iowa,Lee County
19113,1.4788473009951426,0.860680029920559,0.13013549468341964,0.024455479439084205,0.09850289737058884,0.0395121812655639,0.01801861513260678,0.0008521678202494011,0.002674860102449509,0.026199426207001032,0.08650567638453599,211226,Iowa,Linn County
19115,0.0,0.0,0.14964433125493984,0.010167770264336523,0.11259488890840431,0.005269166593483797,0.008957583208922456,0.0007025555457978396,0.0028980416264160883,0.15781153947483972,0.11082462457188022,11387,Iowa,Louisa County
19117,0.7843335581029445,0.5022476961114857,0.20161834120026972,0.008772870307934366,0.12065419195324793,0.001910541694762868,0.0016857720836142953,0.00033715441672285906,0.0017981568891885817,0.010002247696111485,0.12075679928073726,8898,Iowa,Lucas County
19119,1.4156808565754253,0.0,0.16820654520335032,0.013885191261549088,0.048662205336326744,0.0008634832915983075,0.002158708228995769,0.0,0.0007771349624384769,0.01830584578188412,0.09839236680770228,11581,Iowa,Lyon County
19121,2.328528605140634,0.335735697429683,0.14803240002551182,0.01225435295618343,0.06674162893041648,0.002933860577842975,0.00325275846673895,6.377957777919511e-05,0.001785828177817463,0.012564576822501434,0.0940836788060463,15679,Iowa,Madison County
19123,1.7173942183101738,0.5426031008444663,0.1607613600822126,0.029451700102765734,0.14244926500156382,0.011348912023591439,0.011393592779589831,0.00017872302399356597,0.0026808453599034897,0.016085072159420937,0.10438474598990216,22381,Iowa,Mahaska County
19125,1.4685520429913836,0.3601729262361524,0.15587378786514156,0.050816542075715274,0.09618556546278784,0.006754931099702783,0.011378306163499354,0.00018013149599207422,0.0018013149599207421,0.015941637395298566,0.09655300369269568,33309,Iowa,Marion County
19127,1.268278882109821,0.6881027356819523,0.1642639244243259,0.033838304467624473,0.1091989765794135,0.01670438889982287,0.013186380633733516,0.0012300728203109624,0.00457587089155678,0.17262841960244046,0.10908787640228301,40648,Iowa,Marshall County
19129,1.2561259047745534,0.4162294973105784,0.1343382694734046,0.04037456006374926,0.08806335082010759,0.0037851118932200013,0.003652300949598247,0.0006640547181087722,0.003253868118732983,0.02383956438010492,0.09931037917524405,15059,Iowa,Mills County
19131,2.2861915367483294,0.3569042316258352,0.21733481811432814,0.02294939680772086,0.09090720118782479,0.0019487750556792874,0.0025983667409057165,0.0001855976243504083,0.0009279881217520415,0.010207869339272457,0.11655772086117296,10776,Iowa,Mitchell County
19133,0.9151790544195607,0.3264091745104403,0.23693605972086984,0.021626355079519637,0.1587037758303581,0.0035702693930542034,0.0021637996321540627,0.0004327599264308125,0.010494428215947203,0.011576328032024234,0.12917029103105054,9243,Iowa,Monona County
19135,0.7739021329987453,0.0,0.18594730238393978,0.01533543287327478,0.11549937264742786,0.0027603513174404015,0.0038895859473023838,0.0,0.0013801756587202008,0.02120451693851945,0.11266122961104141,7970,Iowa,Monroe County
19137,1.9135940409683427,0.5432029795158286,0.19934823091247672,0.019833575418994415,0.16436387337057728,0.0023277467411545625,0.0021415270018621973,0.0004655493482309125,0.003538175046554935,0.028398510242085662,0.12071117318435755,10740,Iowa,Montgomery County
19139,1.1501228213826178,0.5815417007837174,0.13669435021639958,0.01293226108316762,0.1028286817171599,0.014177096736460405,0.008188092174523336,0.00030412913791086674,0.0031114750263188675,0.15915311732366358,0.10393826178500411,42745,Iowa,Muscatine County
19141,0.7103764411723851,0.35518822058619254,0.20398666481455757,0.02539983331018197,0.09678434504792333,0.004653424086678706,0.005695235449367968,6.945409084595081e-05,0.0012501736352271149,0.0378524795110432,0.11575552160022226,14398,Iowa,O'Brien County
19143,2.453419993809966,0.546580006190034,0.19746208604147322,0.01732658619622408,0.12213030021665121,0.002785515320334262,0.002940266171463943,0.0007737542556484061,0.0032497678737233053,0.06654286598576292,0.11254658000619003,6462,Iowa,Osceola County
19145,1.0620135576198846,0.47175495857393923,0.19928445895053978,0.09215449409992468,0.11648330404217927,0.02209389907105197,0.007280944012051218,0.0003766005523474768,0.005397941250313834,0.027491840321365806,0.11416947024855635,15932,Iowa,Page County
19147,1.3709797261437215,0.42437108587198813,0.21324700137989597,0.036503131302409515,0.06488610550896932,0.004670417153168453,0.0032905211760959558,0.0006368750663411527,0.0022290627321940345,0.016134168347309203,0.10591699394968687,9421,Iowa,Palo Alto County
19149,1.037661090210518,0.4023853357880413,0.16605298967421755,0.013946594092691908,0.08943296245897703,0.0030417033538781718,0.004682622268470343,0.0006403586008164572,0.002841591291123029,0.029696630112863203,0.10018622428559994,24986,Iowa,Plymouth County
19151,0.8971272229822161,0.0,0.22120383036935704,0.0193018878248974,0.12339316005471958,0.0035567715458276333,0.0016415868673050615,0.0013679890560875513,0.0016415868673050615,0.02270861833105335,0.12076361149110808,7310,Iowa,Pocahontas County
19153,1.2755851755526657,0.9093813858443247,0.10808331785249861,0.021722548764629392,0.11524595718001114,0.06003390302805127,0.03534274568084711,0.0005898198030837823,0.003213821289243916,0.07581042169793795,0.08737002600780233,430640,Iowa,Polk County
19155,1.2275596298761244,0.6323343137465381,0.14312243714978853,0.0222848418815346,0.109769101955817,0.013600549603898752,0.006118637154082312,0.00028983018098284637,0.004733892956053157,0.0660276090083514,0.10218851843105262,93158,Iowa,Pottawattamie County
19157,0.7760389129745162,0.4969863593105636,0.18441366183779212,0.08604845088294384,0.09986110817383947,0.011631595643438722,0.013746431214973036,0.0011102886750555144,0.0026435444644178916,0.02410912551549117,0.10026509463889183,18914,Iowa,Poweshiek County
19159,1.2342623270317676,0.0,0.23562658351198595,0.03491083609432859,0.1010116936269733,0.0033131943091015397,0.0031183005262132137,0.0,0.002728512960436562,0.017735334242837655,0.12435431689729096,5131,Iowa,Ringgold County
19161,0.7652173913043478,0.0,0.22135265700483092,0.02154417391304348,0.10588251207729468,0.002995169082125604,0.0015458937198067632,0.0004830917874396135,0.000676328502415459,0.01884057971014493,0.114692077294686,10350,Iowa,Sac County
19163,1.0870575703287657,0.82966155038009,0.13076187478816637,0.0201807134556723,0.12384697743669201,0.0709824238609403,0.020166561758582287,0.0004115624848690263,0.0030019851837505447,0.05566382607853581,0.10302019077131651,165224,Iowa,Scott County
19165,1.0686282567600887,0.28552642393359084,0.20876140379715624,0.018083200460261364,0.0864357688830443,0.0026300649297279527,0.003780718336483932,0.00016437905810799704,0.0023013068135119587,0.017999506862825677,0.11339845483685379,12167,Iowa,Shelby County
19167,0.38215048658912887,0.38215048658912887,0.14265369095656302,0.07150388084500356,0.06868069071920246,0.0038274388796582007,0.008070258723000238,0.00011868027533823879,0.0028483266081177306,0.08903987657251365,0.08792493472584856,33704,Iowa,Sioux County
19169,1.291807196622814,0.7454602309530723,0.09989725491947912,0.09128509526255835,0.26579882066516275,0.024524804002590963,0.060117040048245515,0.00022335887069754976,0.0018203747961850305,0.03009760782649483,0.0663838310513502,89542,Iowa,Story County
19171,0.41064895592953227,0.20532447796476613,0.1842742162435977,0.02247055777565149,0.1211048573197501,0.0033770473349468114,0.002589069623459222,0.0002251364889964541,0.07468903022457364,0.07429504136882985,0.1150441267518433,17767,Iowa,Tama County
19173,0.0,0.0,0.2100680702865284,0.01518461294918474,0.10327228114611367,0.002216241886971664,0.002691150862751306,0.0004749089757796422,0.0014247269273389266,0.05762228906126326,0.12212743390850088,6317,Iowa,Taylor County
19175,1.4988032551460029,0.6479974469443115,0.18086803893409925,0.02808889420775491,0.14324230094143928,0.007100686133716292,0.004786979415988511,0.00023934897079942556,0.0031115366203925323,0.01795117280995692,0.11331641933939685,12534,Iowa,Union County
19177,3.0,0.0,0.19788639365918098,0.012788243064729194,0.13058058124174374,0.0019815059445178335,0.005284015852047556,0.0001321003963011889,0.001321003963011889,0.011624834874504624,0.12166803170409511,7570,Iowa,Van Buren County
19179,1.6380912280701754,0.7350456140350877,0.16437894736842104,0.02432009543859649,0.15647413333333332,0.013529824561403508,0.007129824561403509,0.0013473684210526316,0.004940350877192983,0.09077894736842106,0.11665788070175438,35625,Iowa,Wapello County
19181,1.6918766901027582,0.7001622498647918,0.1332395889670092,0.037699532720389395,0.06951723093564088,0.004672796106003245,0.005408328826392645,0.00023796646836127638,0.002358031368307193,0.019448350459707952,0.08720363439697135,46225,Iowa,Warren County
19183,1.1868779948396608,0.34108920014743827,0.1731478068558791,0.014290034095097676,0.09216821784002949,0.00672687062292665,0.003317360855141909,0.0005989679321784003,0.002580169553999263,0.05243273129377073,0.10981072613343162,21704,Iowa,Washington County
19185,1.7935342808058723,0.0,0.22145869123848197,0.01419607996251757,0.15026581290020302,0.002811182258316414,0.002811182258316414,0.00015617679212868969,0.0018741215055442762,0.010776198656879588,0.13632797126347024,6403,Iowa,Wayne County
19187,1.213795280561913,0.6760055770394339,0.16670612685134034,0.06909828742798517,0.15922484413227053,0.03846052666193144,0.0064714702864809405,0.00023676110804198564,0.002946360455633599,0.03803961802541236,0.11003725041433193,38013,Iowa,Webster County
19189,0.7323762193999632,0.3661881096999816,0.19261917909074178,0.04490710473035155,0.08571424627277748,0.00782256580158292,0.008098656359285845,9.20301859009755e-05,0.0020246640898214613,0.03313086692435119,0.10676302227130499,10866,Iowa,Winnebago County
19191,0.8999810030395137,0.44999050151975684,0.168455547112462,0.10865158624620061,0.08797801101823707,0.006316489361702127,0.010733282674772037,0.00018996960486322188,0.0006174012158054711,0.019851823708206685,0.08770706686930092,21056,Iowa,Winneshiek County
19193,1.275447284970442,0.7623419332106643,0.12845985201425048,0.02579600869122656,0.13338033903613516,0.024037896879771366,0.02371491210899268,0.0010374662334103277,0.02206083858591395,0.13695533022745957,0.10317844419214658,102172,Iowa,Woodbury County
19195,0.0,0.0,0.18294287970518558,0.011831850486970257,0.09210673861542511,0.0035535667280863384,0.0031587259805211897,0.0,0.0018425901553040273,0.019347196630692287,0.10682956041063438,7598,Iowa,Worth County
19197,1.0632700884420592,0.5261168644644342,0.20931287323304862,0.0149858946254441,0.1278267442739436,0.00430871570035528,0.002494519615995162,0.0004535490210900295,0.0015118300703000982,0.09630357547811626,0.12366785093355508,13229,Iowa,Wright County
20001,0.9273053623513574,0.4761050033654925,0.18285842494951762,0.028578864707202153,0.1654730386657692,0.018622391743325105,0.005085633086530551,0.0001495774437214868,0.008077181960960288,0.02931717896941141,0.11959531822601153,13371,Kansas,Allen County
20003,1.1100962725253023,0.0,0.20155517156257713,0.012725351764996297,0.13903974327326585,0.004937052579609973,0.004566773636139226,0.00012342631449024932,0.0048136262651197245,0.015181436682300667,0.126,8102,Kansas,Anderson County
20005,1.9087095249350035,0.7348144646655637,0.15368707161427558,0.0812606298747341,0.16999834554478846,0.05040179626565824,0.004136138028834791,0.0004727014890096904,0.0054951548097376506,0.022630583786338927,0.10239689198770976,16924,Kansas,Atchison County
20007,0.0,0.0,0.2038675169718165,0.00823067270109031,0.15578420078173216,0.004525817732976754,0.004114379757251594,0.0,0.005554412672289653,0.024480559555646986,0.12706336144826166,4861,Kansas,Barber County
20009,1.7519693575196935,0.7949338729493387,0.16940088169400883,0.024271619570716198,0.169625099371251,0.014417865144178652,0.0019512900195129002,0.0005781600057816,0.005347980053479801,0.13308520633085205,0.1212454289224543,27674,Kansas,Barton County
20011,1.6986752784551507,0.43926711922493905,0.1732023989982205,0.026953021815066237,0.1640425097212153,0.028142094509984842,0.0045475515718710864,0.0003295327225993541,0.007513346075265274,0.020365122256640084,0.1270620839649377,15173,Kansas,Bourbon County
20013,0.7215544871794872,0.3607772435897436,0.18319310897435898,0.011578575721153846,0.14253195112179487,0.012319711538461538,0.0031049679487179485,0.00010016025641025641,0.09254807692307693,0.03064903846153846,0.12599639423076925,9984,Kansas,Brown County
20015,1.6008955676988463,0.47334547662416515,0.12639647844565877,0.03503881906496661,0.10656252276867033,0.01663630843958713,0.007088646023072253,0.0006830601092896175,0.009653916211293261,0.03949605343047966,0.09496860959319976,65880,Kansas,Butler County
20017,3.0,0.0,0.2118279569892473,0.052000000000000005,0.126,0.012186379928315413,0.0032258064516129032,0.0,0.004301075268817204,0.035842293906810034,0.124,2790,Kansas,Chase County
20019,3.0,0.0,0.24420823112564732,0.0215,0.17,0.004360861270100845,0.0008176614881439084,0.0005451076587626056,0.04088307440719542,0.023712183156173343,0.14800000000000002,3669,Kansas,Chautauqua County
20021,1.5071054946072304,0.7535527473036152,0.15960746192658426,0.009332754709993982,0.13815817247604498,0.005462204323473592,0.002962551497477202,0.0030088413646252835,0.040549923621719206,0.019626903670786466,0.1219770865157617,21603,Kansas,Cherokee County
20023,3.0,0.0,0.26302274394717534,0.018000000000000002,0.09500000000000001,0.0007336757153338225,0.006969919295671314,0.0,0.0022010271460014674,0.052090975788701394,0.136,2726,Kansas,Cheyenne County
20025,4.0,0.0,0.21986455981941308,0.025699999999999997,0.11,0.0004514672686230248,0.007674943566591422,0.0009029345372460496,0.006320541760722348,0.07358916478555305,0.12000000000000001,2215,Kansas,Clark County
20027,1.9124780316344463,0.5437609841827769,0.2043350908025776,0.016416942003514935,0.07684358523725834,0.003983596953719977,0.0030462800234329233,0.00023432923257176333,0.004452255418863503,0.01898066783831283,0.11180632688927944,8535,Kansas,Clay County
20029,2.0369243679848945,0.601804258890171,0.20434280918913247,0.05225502989615022,0.12084926046365257,0.00534983740690234,0.0020979754536871917,0.0001048987726843596,0.003146963180530788,0.029686352669673764,0.11792929822721074,9533,Kansas,Cloud County
20031,2.6569003604232067,0.3430996395767934,0.17242181141727705,0.015115672596209745,0.1196695733054296,0.00546448087431694,0.004185559818625741,0.0,0.00685966748052552,0.02046273689105918,0.11357365422625276,8601,Kansas,Coffey County
20033,0.0,0.0,0.24061343204653624,0.0344,0.062,0.0031729243786356425,0.0026441036488630354,0.0010576414595452142,0.0021152829190904283,0.03860391327340032,0.125,1891,Kansas,Comanche County
20035,1.7227011098565173,0.7643964638814684,0.15769326099529068,0.055205009501253066,0.1551327972239817,0.02765002340888436,0.016138360276500233,0.0004681776872022252,0.01993886150202418,0.09066123213351326,0.1132798050177632,36311,Kansas,Cowley County
20037,1.6403383247304135,0.549726580467113,0.13959728113660755,0.04531177492717331,0.21170647007717075,0.02005928348750447,0.01216333622936577,0.002018704962436756,0.009045842489906475,0.04502478663055144,0.09944020544794807,39134,Kansas,Crawford County
20039,1.1185410334346504,0.0,0.2728807835190814,0.02734387031408308,0.1818105369807497,0.005741303613644039,0.002364066193853428,0.0,0.004390408645727794,0.010131712259371834,0.1342887537993921,2961,Kansas,Decatur County
20041,1.0233370456616382,0.3796193176065607,0.1805204009314569,0.015535137187405082,0.1263557254226992,0.00774526678141136,0.003087982180824137,0.0005568492457223854,0.005011643211501468,0.038928824541864936,0.11699589956464515,19754,Kansas,Dickinson County
20043,0.871491504090623,0.0,0.16186280679672752,0.05374625550660793,0.14412473253618627,0.030585273757079926,0.002013845185651353,0.0,0.010320956576463184,0.02076777847702958,0.11215833857772185,7945,Kansas,Doniphan County
20045,1.4320105390431848,0.9208128056593218,0.08903145471279303,0.07932702975835995,0.20609767563568115,0.039313879414577806,0.03740999404471875,0.0005865049717575299,0.026627325717791854,0.05098983992925848,0.07086232472524498,110826,Kansas,Douglas County
20047,0.0,0.0,0.19130721106354956,0.011549226210075734,0.08407276918011194,0.00691471847217649,0.003951267698386566,0.0,0.00691471847217649,0.17583141257820217,0.13301712216002634,3037,Kansas,Edwards County
20049,3.0,0.0,0.24288688410825815,0.0139,0.146,0.0,0.004163775156141568,0.00034698126301179735,0.01457321304649549,0.027411519777931992,0.151,2882,Kansas,Elk County
20051,1.8259876282862364,0.6811823421903557,0.13457753409250667,0.036313914663292556,0.16693923098551947,0.00850555321242795,0.013742443413468298,0.0001757345705047097,0.0026008716434697036,0.045655841417123574,0.08620061858568817,28452,Kansas,Ellis County
20053,3.0,0.0,0.18901031245190086,0.15129641372941358,0.10928859473603202,0.04602124057257195,0.0036940126212097893,0.0,0.0055410189318146836,0.04956133600123134,0.11315437894412805,6497,Kansas,Ellsworth County
20055,1.4532575592777899,0.8514792255819013,0.08399499673700239,0.014911719599738962,0.14737410267565804,0.022868174896671742,0.03363606700021753,0.0003806830541657603,0.009136393299978247,0.46720687404829236,0.11080155536219273,36776,Kansas,Finney County
20057,1.6699361852989838,0.734607657764122,0.09976955802410778,0.020910739186953436,0.1448051878988419,0.02124202316237296,0.014446939257858662,0.0016249113684708107,0.010281257385960765,0.5117289056960529,0.11897169699834555,33848,Kansas,Ford County
20059,2.4946522006771312,0.5053477993228686,0.14131271160357034,0.01839374807633118,0.10403712680824868,0.012657740843336412,0.003847337642351493,7.694675284702985e-05,0.008233302554632194,0.03604955370883349,0.09971287319175132,25992,Kansas,Franklin County
20061,1.9406320935917583,0.747948314999127,0.07647983237297014,0.024650032012106398,0.1299176706827309,0.18389500029101916,0.0320412083115069,0.007682905535184215,0.009865549153134276,0.12374134218031546,0.08466468773645305,34362,Kansas,Geary County
20063,3.0,0.0,0.24007421150278294,0.020765454545454545,0.11777922077922079,0.002968460111317254,0.004081632653061225,0.00037105751391465676,0.0007421150278293135,0.015584415584415584,0.12794285714285716,2695,Kansas,Gove County
20065,1.150558336542164,0.0,0.2564497497112052,0.015412013862148636,0.09787485560261841,0.03812090874085483,0.0034655371582595304,0.0,0.006546014632268001,0.022718521370812476,0.13361648055448597,2597,Kansas,Graham County
20067,1.6175756801634946,0.8087878400817473,0.10473879167198875,0.010109848001021842,0.0889845446417167,0.006003320986077404,0.0034487163111508496,0.0,0.012262102439647465,0.43926427385362116,0.11389666624089921,7829,Kansas,Grant County
20069,1.4885114885114885,0.0,0.12670662670662672,0.013021278721278723,0.05940426240426241,0.004329004329004329,0.0021645021645021645,0.0,0.004662004662004662,0.14235764235764237,0.09643489843489843,6006,Kansas,Gray County
20071,0.0,0.0,0.20930232558139536,0.0209,0.085,0.0048115477145148355,0.0032076984763432237,0.0,0.0056134723336006415,0.13712910986367283,0.117,1247,Kansas,Greeley County
20073,2.1729705486619824,0.4135147256690088,0.22200627896546568,0.013439228584242785,0.12360592016743907,0.003438481088354014,0.002690985199581402,0.0,0.009866945731798474,0.032889819105994915,0.13404425175661536,6689,Kansas,Greenwood County
20075,0.0,0.0,0.13605947955390335,0.0,0.11199999999999999,0.002973977695167286,0.0026022304832713753,0.0011152416356877324,0.012267657992565056,0.30743494423791823,0.11100000000000002,2690,Kansas,Hamilton County
20077,0.7348359297315213,0.0,0.21660589990056348,0.021373748757043422,0.15689675174013923,0.003646005966191581,0.0008286377195889957,0.002154458070931389,0.01143520053032814,0.04938680808750414,0.13268942658269803,6034,Kansas,Harper County
20079,0.6334044516203436,0.4737054549648253,0.17134701879829317,0.037800207588513435,0.1115285434205974,0.016261100219121208,0.007380924922154307,0.0002883173797716526,0.007236766232268481,0.10803252220043824,0.10525501672240803,34684,Kansas,Harvey County
20081,3.0,0.0,0.10714285714285714,0.0078000000000000005,0.127,0.002819548872180451,0.002349624060150376,0.0,0.006578947368421052,0.26997180451127817,0.11900000000000001,4256,Kansas,Haskell County
20083,3.0,0.0,0.20668058455114824,0.0073,0.11599999999999999,0.010438413361169102,0.0041753653444676405,0.0,0.0015657620041753654,0.061586638830897704,0.11599999999999999,1916,Kansas,Hodgeman County
20085,1.5015599465161193,0.2975040855742089,0.15398900609121974,0.00987248551478235,0.09887520427871044,0.005422671222700936,0.003565592036844451,7.42831674342594e-05,0.07992868815926311,0.032536027336205614,0.11289407220323874,13462,Kansas,Jackson County
20087,0.0,0.0,0.15434487085642581,0.012269251280978772,0.07984659625640489,0.005437624176513646,0.0020391090661926172,0.0003137090871065565,0.008940708982536861,0.017724563421520442,0.10697275959426958,19126,Kansas,Jefferson County
20089,1.0685732856678583,0.0,0.2804679883002925,0.008755801104972377,0.15959051023724408,0.0016249593760155996,0.0019499512512187196,0.0,0.006499837504062398,0.020474488137796554,0.1496038349041274,3077,Kansas,Jewell County
20091,1.353624381602064,0.945911774002661,0.10901445930151356,0.009494894955048993,0.05652294963870124,0.04343119886501467,0.04179010122246154,0.000549482861280387,0.00369936120320207,0.07157795305688894,0.07540722928320971,544148,Kansas,Johnson County
20093,0.0,0.0,0.13452351018355543,0.0204,0.19899999999999998,0.0057832537088257484,0.0030173497611264773,0.00025144581342720644,0.009806386723661051,0.2853909982398793,0.128,3977,Kansas,Kearny County
20095,2.5568847034868925,0.44311529651310766,0.19979638584881648,0.02415568847034869,0.07685899720030544,0.0017816238228556885,0.004581318401628913,0.00025451768897938407,0.005981165691015525,0.025324510053448716,0.1096505472130313,7858,Kansas,Kingman County
20097,3.0,0.0,0.18879749314531924,0.0584,0.083,0.006658832745789268,0.00626713670191931,0.0003916960438699569,0.009400705052878966,0.038777908343125736,0.11099999999999999,2553,Kansas,Kiowa County
20099,1.5780071273198502,0.40000925625954553,0.16601101494885917,0.022213958439394638,0.17716698292220115,0.04665154810940899,0.003563659925024298,0.00023140648863794142,0.021613366038783728,0.04049613551163975,0.12666608043689545,21607,Kansas,Labette County
20101,0.0,0.0,0.21085714285714285,0.0017000000000000001,0.128,0.004571428571428572,0.002285714285714286,0.0005714285714285715,0.008,0.04228571428571429,0.124,1750,Kansas,Lane County
20103,1.422894774817322,0.689834310677319,0.11053826072126674,0.08607093024781245,0.09396570768887665,0.09407427814291525,0.012659556325186614,0.0013249898329988062,0.007661327351201018,0.05651540792632532,0.0934752515512876,76227,Kansas,Leavenworth County
20105,3.0,0.0,0.20333230484418388,0.0154,0.09199999999999998,0.002776920703486578,0.0018512804689910522,0.0,0.005245294662141314,0.022215365627892624,0.124,3241,Kansas,Lincoln County
20107,1.6631110190555096,0.0,0.1933512841756421,0.0065061930405965205,0.16794666528583266,0.004453189726594863,0.0031068765534382767,0.0006213753106876554,0.006524440762220381,0.019262634631317315,0.13177185169842587,9656,Kansas,Linn County
20109,3.0,0.0,0.20754716981132076,0.0149,0.076,0.007619738751814224,0.00362844702467344,0.0,0.0047169811320754715,0.02902757619738752,0.12,2756,Kansas,Logan County
20111,1.5762540813297714,0.7416740872662511,0.12505194419709112,0.04285222617987533,0.16912330068269515,0.02430988423864648,0.023181953101810628,0.0005046007717423568,0.006945681211041852,0.20050460077174237,0.10048987830216681,33690,Kansas,Lyon County
20113,2.061651816312543,0.5928032899246058,0.1829677861549006,0.0317060966415353,0.09919866346812885,0.010075394105551748,0.005037697052775874,0.0007196710075394106,0.0037697052775873888,0.03512679917751885,0.10796648389307746,29180,Kansas,McPherson County
20115,1.3824644549763032,0.0,0.20860979462875198,0.05710067930489731,0.09291184834123224,0.008214849921011059,0.0021327014218009478,0.0005529225908372828,0.005529225908372828,0.023380726698262244,0.11282417061611374,12660,Kansas,Marion County
20117,0.7079173668083424,0.3539586834041712,0.21093209449441533,0.016240031629929822,0.0945483839082732,0.0026687753286547397,0.0022734012058910746,0.00029653059207274883,0.0032618365128002373,0.01907680142334684,0.11859671839478104,10117,Kansas,Marshall County
20119,1.8039344262295083,0.0,0.17158469945355193,0.02602072131147541,0.12103934426229511,0.0067759562841530055,0.004153005464480874,0.0,0.007650273224043716,0.14775956284153005,0.11459475409836065,4575,Kansas,Meade County
20121,1.108976118583585,0.35620825327111355,0.13075304236435173,0.019662433281483514,0.0810159209442767,0.012992954524659164,0.0035379876170433403,0.0002744990392533626,0.005855979504071736,0.02525391161130936,0.09273065544270595,32787,Kansas,Miami County
20123,2.296092891887651,0.703907108112349,0.21041895496626392,0.038581374548878083,0.1642734975678644,0.0020398556409854073,0.0029813274752863643,0.0007845598619174643,0.0037658873372038285,0.011454573983994978,0.11725702181076417,6373,Kansas,Mitchell County
20125,1.208818471427363,0.39251783146795977,0.17355022412675142,0.03133110428237152,0.18586019565278677,0.05804741901835302,0.00577936906205069,0.0010712976797947618,0.03349214851568887,0.05198612951425108,0.12911423416311918,35471,Kansas,Montgomery County
20127,1.7256457876076312,0.0,0.223197703866284,0.01112936012156002,0.09349569474928247,0.004220834036805673,0.002363667060611177,0.00016883336147222692,0.004727334121222354,0.0357926726321121,0.1228760763126794,5923,Kansas,Morris County
20129,3.0,0.0,0.1695020105165481,0.0257,0.07400000000000001,0.004330343334364367,0.018558614290133002,0.001546551190844417,0.010516548097742036,0.19270027837921436,0.12,3233,Kansas,Morton County
20131,1.436628021222244,0.3404401650618982,0.20131656514049912,0.025453841619178623,0.09942670465710354,0.005600314403615641,0.0014737669483199057,0.00039300451955197487,0.004617803104735705,0.011888386716447239,0.10908567498526232,10178,Kansas,Nemaha County
20133,1.3298812984496124,0.5938105620155039,0.17357073643410853,0.0272547238372093,0.17184199370155037,0.011930717054263566,0.005026647286821706,0.0003633720930232558,0.010840600775193799,0.04154554263565891,0.12208175872093022,16512,Kansas,Neosho County
20135,1.45799806887673,0.0,0.24557450917283552,0.02254560669456067,0.0761599613775346,0.005793369810106212,0.001287415513356936,0.0,0.0032185387833923397,0.07370453813968458,0.13440199549404572,3107,Kansas,Ness County
20137,3.0,0.0,0.18638688062070183,0.1449,0.127,0.02909539763710104,0.005290072297654735,0.00017633574325515782,0.0022923646623170518,0.04232057838123788,0.113,5671,Kansas,Norton County
20139,1.2827861307149433,0.18809450751764345,0.17017490027615834,0.011904166922368824,0.127798772629641,0.002945688861613992,0.0022706351641607857,0.0003068425897514575,0.006873274010432648,0.020251610923596196,0.11664725375882173,16295,Kansas,Osage County
20141,3.0,0.0,0.2524624157594609,0.0259,0.134,0.002073613271124935,0.004665629860031105,0.0,0.004924831518921721,0.011923276308968377,0.129,3858,Kansas,Osborne County
20143,1.9326875718272862,0.0,0.17501231324905597,0.016105729765227388,0.10444229190609096,0.008044656049909702,0.0014775898867181087,0.0,0.003940239697914957,0.019865375143654572,0.11237497947791825,6091,Kansas,Ottawa County
20145,2.2330417323963863,0.766958267603614,0.17424351068406713,0.14710259572637316,0.08324508819733258,0.04660834647927721,0.004589129499498064,0.000860461781155887,0.005879822171231895,0.06611214685214398,0.11623304173239637,6973,Kansas,Pawnee County
20147,1.9946827366182205,0.5026586316908898,0.2020560085076214,0.012063807160581355,0.09631832683445589,0.004076568592697625,0.007266926621765332,0.0,0.004076568592697625,0.021446295639844026,0.1243084012761432,5642,Kansas,Phillips County
20149,0.5832253286428439,0.0,0.12312534715793372,0.013837752268098502,0.0959936585817441,0.010507313460470282,0.0066654323273467875,0.0005554526939455656,0.007776337715237919,0.04429735234215886,0.09201476578411406,21604,Kansas,Pottawatomie County
20151,2.2240057995029,0.7759942004971002,0.18869096934548468,0.03932110604805303,0.11431203396851698,0.011806130903065452,0.002796188898094449,0.00010356255178127589,0.006006628003314002,0.05437033968516984,0.10768661971830985,9656,Kansas,Pratt County
20153,3.0,0.0,0.2667725287812624,0.0159,0.092,0.0031758634378721714,0.001984914648670107,0.0,0.001984914648670107,0.031758634378721715,0.13699999999999998,2519,Kansas,Rawlins County
20155,1.3716730480073165,0.6741950985103315,0.17042054843360047,0.048503425772348896,0.1318581327215514,0.02991737843158531,0.004789880795523244,0.00029452341461146163,0.0067895397684115885,0.08074591930058439,0.11867901598177055,64511,Kansas,Reno County
20157,1.6903614457831326,0.0,0.2704819277108434,0.02069228915662651,0.10695281124497992,0.0050200803212851405,0.0030120481927710845,0.0,0.0024096385542168677,0.010642570281124497,0.1316327309236948,4980,Kansas,Republic County
20159,1.5180005950609938,0.3876822374293365,0.17861747495784985,0.06427976792621243,0.16941475751264506,0.012694634533373004,0.003669542794803134,0.0004958841614598829,0.006942378260438362,0.10096201527323218,0.11239155013388871,10083,Kansas,Rice County
20161,1.7346832595092456,0.8447866132320889,0.07323349504323982,0.12833970470364903,0.2289504605216902,0.06369964142585953,0.04212894607326162,0.002024889263868382,0.006088729522604233,0.0648245799057864,0.05920684806299655,71115,Kansas,Riley County
20163,1.812391430225825,0.0,0.19764524223122948,0.0138919127581548,0.07981412854661263,0.004632310364794441,0.003667245705462266,0.0005790387955993051,0.003281219841729396,0.020652383709708552,0.11575043427909669,5181,Kansas,Rooks County
20165,1.1185364378590867,0.0,0.24070154218324766,0.0202570910190505,0.09704959177502268,0.002419110976716057,0.002419110976716057,0.0,0.004838221953432114,0.025400665255518595,0.12343967342001813,3307,Kansas,Rush County
20167,2.3299856527977045,0.6700143472022956,0.2278335724533716,0.012797274031563843,0.06430989956958394,0.0077474892395982785,0.004878048780487805,0.00028694404591104734,0.006456241032998565,0.01649928263988522,0.1253299856527977,6970,Kansas,Russell County
20169,1.6507211452001582,0.8618494407078373,0.14390533395676725,0.026347460705679244,0.12625964823939861,0.03262237887997698,0.020789123475883898,0.00048555911232600797,0.0053051828939323096,0.09716577347768227,0.10356384203143545,55606,Kansas,Saline County
20171,2.0,1.0,0.18233387358184766,0.0213,0.023,0.0038492706645056724,0.004862236628849271,0.0002025931928687196,0.006077795786061589,0.15255267423014587,0.11400000000000002,4936,Kansas,Scott County
20173,1.344747323748658,0.8578511733368114,0.11431179958464179,0.014551156481695145,0.14499355693116492,0.09263692273735114,0.04090375527976483,0.0008267033198559289,0.011515656195760136,0.1296961062674947,0.11070958032767149,498365,Kansas,Sedgwick County
20175,1.599381317532241,0.8955646566747996,0.08487277797141861,0.020754583478563963,0.16756979783896828,0.03372255141164169,0.026620773788776576,0.0018734750784245382,0.007668177065179505,0.5659637504356919,0.1221498344370861,22952,Kansas,Seward County
20177,1.116357750626637,0.6954320141175941,0.14394101183584926,0.024712047725561164,0.1353925331864624,0.08587453774995223,0.011717827958681308,0.0007081277327548416,0.012234873604819764,0.10848404464576754,0.11542482043903919,177934,Kansas,Shawnee County
20179,1.4330985915492958,0.0,0.2202660406885759,0.012900821596244134,0.05117840375586855,0.0011737089201877935,0.0019561815336463224,0.0,0.004303599374021909,0.03286384976525822,0.11943309859154928,2556,Kansas,Sheridan County
20181,2.186189683860233,0.8138103161397671,0.19051580698835274,0.01700863560732113,0.19070532445923463,0.0064891846921797,0.0028286189683860235,0.0011647254575707154,0.0028286189683860235,0.10765391014975041,0.1096757071547421,6010,Kansas,Sherman County
20183,1.5969374513366208,0.0,0.26420970672203475,0.014520918764599013,0.12803062548663383,0.0025953802232026994,0.0018167661562418895,0.0010381520892810796,0.0028549182455229693,0.014793667272255385,0.129741500129769,3853,Kansas,Smith County
20185,1.6396213657876944,0.0,0.20960108181203516,0.015584471489745325,0.1409044399368943,0.002929907595221997,0.0038314176245210726,0.00022537750732476897,0.012395762902862295,0.11922470137480279,0.1297088122605364,4437,Kansas,Stafford County
20187,0.0,0.0,0.15570469798657718,0.021,0.147,0.0058165548098434005,0.0013422818791946308,0.00044742729306487697,0.012080536912751677,0.3704697986577181,0.125,2235,Kansas,Stanton County
20189,2.2819706498951784,0.7180293501048218,0.13137665967854648,0.012565513626834383,0.17598637316561844,0.002795248078266946,0.002620545073375262,0.00017470300489168413,0.008560447239692523,0.3259958071278826,0.1214622641509434,5724,Kansas,Stevens County
20191,1.697289905519642,0.35952262555942316,0.15688712083540526,0.016969240013260403,0.12533689706613627,0.009530913310127632,0.002320570197248467,0.0001657550140891762,0.011685728493286921,0.045458312613956574,0.11121631029338638,24132,Kansas,Sumner County
20193,2.250886075949367,0.7491139240506329,0.1539240506329114,0.044647189873417724,0.11048759493670887,0.00620253164556962,0.004810126582278481,0.0007594936708860759,0.004556962025316456,0.04683544303797468,0.10325443037974683,7900,Kansas,Thomas County
20195,3.0,0.0,0.23425524825058314,0.0213,0.076,0.00433188937020993,0.0023325558147284237,0.0006664445184938354,0.001999333555481506,0.016994335221592802,0.12300000000000001,3001,Kansas,Trego County
20197,1.917907273500638,0.0,0.15752162200482064,0.012795789025946405,0.05675372182050191,0.004111725506876506,0.001417836381681554,0.0,0.005104210974053594,0.029065645824471856,0.10280348787749893,7053,Kansas,Wabaunsee County
20199,0.0,0.0,0.20404040404040405,0.012800000000000002,0.11699999999999998,0.0013468013468013469,0.0006734006734006734,0.0,0.0047138047138047135,0.07272727272727272,0.11599999999999999,1485,Kansas,Wallace County
20201,3.0,0.0,0.23159165373340232,0.019659406794274876,0.1307252974650802,0.004311088118641145,0.00327642697016727,0.0,0.002414209346439041,0.024831867563372995,0.12211501983100534,5799,Kansas,Washington County
20203,0.0,0.0,0.17949865711727842,0.0116,0.044000000000000004,0.008504923903312443,0.0013428827215756492,0.0,0.004923903312444047,0.24619516562220234,0.11800000000000001,2234,Kansas,Wichita County
20205,1.3100223190562228,0.3227760654692316,0.1926878520565416,0.012873227760654691,0.14386661706876397,0.0032947178233606123,0.0038261239239026465,0.0005314061005420342,0.010521840790732278,0.023063024763524287,0.12857073015198214,9409,Kansas,Wilson County
20207,1.5593834995466909,0.0,0.22665457842248413,0.011765034753702025,0.2196128739800544,0.003626473254759746,0.0006044122091266244,0.0,0.01118162586884255,0.02085222121486854,0.1441136294953158,3309,Kansas,Woodson County
20209,1.28397538875731,0.8981579665881426,0.10669316587190217,0.008456090901586777,0.20299196134333192,0.25234143336994963,0.02513191397494428,0.0010730908190413298,0.008235495812405945,0.2642597260761069,0.13437716919911866,157489,Kansas,Wyandotte County
21001,0.2777122641509434,0.0,0.1532482847341338,0.05657089408233276,0.21545325900514578,0.026961835334476845,0.0024120926243567753,0.00026801029159519727,0.0019296740994854203,0.017099056603773585,0.1394707332761578,18656,Kentucky,Adair County
21003,0.4695329725395871,0.23476648626979355,0.14687312086590498,0.009877791140509119,0.19058944678292242,0.008218079775506114,0.0015534175185407898,0.0,0.002906394066947284,0.014882742032471438,0.13299363599919825,19956,Kentucky,Allen County
21005,0.8187759675085197,0.2507819429531768,0.12039587320853368,0.005040717053358853,0.14014383082022314,0.020213808879137294,0.004901731945287335,0.00023341580691844453,0.001447178002894356,0.013444750478502404,0.11596148639185848,21421,Kentucky,Anderson County
21007,0.0,0.0,0.17577888228876226,0.015405188507697905,0.1711905685537641,0.028851982058431324,0.0018184022305734028,0.0001212268153715602,0.0016971754152018427,0.010910413383440417,0.1393576191053461,8249,Kentucky,Ballard County
21009,0.7972636520996846,0.31418205961159984,0.15412704811135086,0.016648580845564698,0.2360407843881156,0.03865032129561568,0.004339269200673417,0.0007824911673345506,0.002110354966447727,0.02632015744670761,0.1462895691556209,42173,Kentucky,Barren County
21011,0.0,0.0,0.14718315934776982,0.008867845742386334,0.20904322319040636,0.013113622638253818,0.001466655163488914,0.0006039168320248468,0.002501941161245794,0.013544991803985851,0.1378253817617117,11591,Kentucky,Bath County
21013,0.8577254191209787,0.2647520128263218,0.15712244257781185,0.033195277264647445,0.37598037712174553,0.022446063225401693,0.002718622564567286,0.00045310376076121433,0.0017078526367153462,0.006901118817747726,0.17174821372555854,28691,Kentucky,Bell County
21015,1.6130408800531937,0.8474804521466868,0.09521845620355017,0.007028193517435255,0.07252381513496226,0.025182853439496344,0.021327991515937075,0.0007995892636203718,0.0019190142326888924,0.03539234582656488,0.09567009788655932,118811,Kentucky,Boone County
21017,1.000050037528146,0.500025018764073,0.15256442331748812,0.011810422817112835,0.1771748311233425,0.05994495871903928,0.0032024018013510134,0.00010007505629221917,0.0021015761821366026,0.06845133850387791,0.13630698023517637,19985,Kentucky,Bourbon County
21019,1.2492026967017884,0.740926890315288,0.16636389326228251,0.04720449315732106,0.19127346493883976,0.02827903596948044,0.0045416010657623835,0.00010092446812805296,0.002220338298817165,0.014412014048685964,0.14361360058132494,49542,Kentucky,Boyd County
21021,0.9900464265616207,0.3734524479459764,0.16207090602138435,0.08091875351716375,0.14891590461451884,0.07459904333145752,0.0075970737197523916,0.0002462014631401238,0.0019344400675295442,0.027996623522791222,0.1303206949915588,28432,Kentucky,Boyle County
21023,0.0,0.0,0.13654571159283693,0.004820782280867107,0.191629123468426,0.0034165881244109333,0.000589066918001885,0.00011781338360037699,0.002002827521206409,0.011310084825636193,0.1287884071630537,8488,Kentucky,Bracken County
21025,0.53220925205361,0.266104626026805,0.13445741461305663,0.023191641446894368,0.35762271220636976,0.003098429168468079,0.004899841475716962,0.0008646779074794639,0.0013690733535091512,0.006413027813806024,0.15994293125810635,13878,Kentucky,Breathitt County
21027,0.5230071289695398,0.0,0.1560895358691859,0.01502047958522359,0.17496166309387307,0.020389849942669125,0.0020938232214965853,9.970586769031357e-05,0.0031905877660900342,0.008724263422902438,0.14492741412832144,20059,Kentucky,Breckinridge County
21029,1.5905892167548004,0.7356665186560637,0.1115058060522881,0.0045747251712213565,0.10648673959552739,0.006512466529420472,0.004978538462573501,0.00033638773395766895,0.003175500208560395,0.013966818713922415,0.10567023237664662,74319,Kentucky,Bullitt County
21031,0.3697399527186761,0.0,0.15799842395587077,0.01599758865248227,0.19361079590228525,0.0037825059101654845,0.0015760441292356187,0.0,0.0028368794326241137,0.025374310480693458,0.1358323877068558,12690,Kentucky,Butler County
21033,0.0,0.0,0.17821934688847813,0.011413146950092422,0.15631685150955021,0.051447935921133704,0.0025415896487985213,0.00015403573629081948,0.001463339494762785,0.009935304990757857,0.14110959642637091,12984,Kentucky,Caldwell County
21035,1.1804468823102363,0.32736414723992363,0.15111182813046167,0.0793784060659837,0.2511830012637466,0.03742841009921755,0.01766556424941518,0.0002957704821058858,0.002339275631201097,0.023930520824930763,0.11206442418864777,37191,Kentucky,Calloway County
21037,1.3897892313142048,0.8600779312787814,0.12793349273822174,0.032799475292242294,0.14312786707403471,0.025349805171803047,0.008335547290116896,0.0002213956783563585,0.0013947927736450586,0.016549326957137796,0.10283967631951824,90336,Kentucky,Campbell County
21039,0.0,0.0,0.18906739811912227,0.011769122257053293,0.19217711598746082,0.007641065830721003,0.00274294670846395,0.0,0.0054858934169279,0.01626175548589342,0.14881152037617557,5104,Kentucky,Carlisle County
21041,0.0,0.0,0.12903524188326704,0.03008567200073999,0.2538170382018315,0.015077236148367404,0.005549902876699658,0.00018499676255665526,0.002589954675793174,0.0729812228286005,0.13511488298954769,10811,Kentucky,Carroll County
21043,0.3129148629148629,0.15645743145743146,0.14859307359307358,0.02259530663780664,0.25899458874458875,0.005303030303030303,0.00183982683982684,0.00018037518037518038,0.002417027417027417,0.01158008658008658,0.14731002886002886,27720,Kentucky,Carter County
21045,0.8530868066436854,0.0,0.1612660607959887,0.030102099655280476,0.2639151363209025,0.00532748354747728,0.001880288310874334,0.00031338138514572234,0.002005640864932623,0.02369163271701661,0.15526681291131308,15955,Kentucky,Casey County
21047,1.2616455952944359,0.7180447569467919,0.10267054289770806,0.0728633425731864,0.1943792847001555,0.21238591035088905,0.010195389087958895,0.003934825231559733,0.0058008248259076465,0.06140220404299912,0.11657962274356028,73955,Kentucky,Christian County
21049,0.8699070564119844,0.5542638923988431,0.14168983236458596,0.012873366467301266,0.1573333614129672,0.0479600146014096,0.0037626709347710107,0.00016847780304944825,0.0014601409597618847,0.025018953752843062,0.1269973605144189,35613,Kentucky,Clark County
21051,1.8906580763920846,0.30253106304647953,0.12066267832489645,0.10310020248504373,0.38295931891394386,0.04210768522779568,0.0011965025310630465,0.00013805798435342844,0.0015646571560055224,0.01849976990335941,0.15877979751495627,21730,Kentucky,Clay County
21053,0.0,0.0,0.1657904984423676,0.013214223130841122,0.23271816588785044,0.003796728971962617,0.0012655763239875389,0.0025311526479750777,0.0018496884735202492,0.022488317757009345,0.16703271028037384,10272,Kentucky,Clinton County
21055,0.9125067096081588,0.4562533548040794,0.181105743424584,0.022538915727321526,0.16402104133118625,0.008158883521202361,0.0018250134192163178,0.0007514761137949544,0.003542673107890499,0.0051529790660225444,0.14248856682769726,9315,Kentucky,Crittenden County
21057,0.0,0.0,0.19092765460910152,0.012537397899649944,0.21581767794632442,0.025962660443407233,0.0013127187864644108,0.0,0.0011668611435239206,0.009189031505250874,0.1569507001166861,6856,Kentucky,Cumberland County
21059,1.1987771064393313,0.7092989571263036,0.1460643933123655,0.026705606480715117,0.16170290514815427,0.047860453567290184,0.007086988909121007,0.0006311041218341334,0.001344975997351432,0.026123572256248964,0.12727181964906473,96656,Kentucky,Daviess County
21061,0.0,0.0,0.16646095614251624,0.026087583312762286,0.16967785731918042,0.01390603143256809,0.0020571052415041553,8.228420966016621e-05,0.00304451575742615,0.008228420966016621,0.1417560273183576,12153,Kentucky,Edmonson County
21063,0.0,0.0,0.1444218033622007,0.13510086602139582,0.29969383596535915,0.03413143148242486,0.0006367804381049414,0.000891492613346918,0.0012735608762098828,0.007896077432501274,0.15502394294447275,7852,Kentucky,Elliott County
21065,0.0,0.0,0.15314885496183206,0.008041862050163577,0.3266029852780807,0.0019765539803707744,0.0009541984732824426,0.0,0.0021810250817884407,0.006883860414394765,0.15275797437295527,14672,Kentucky,Estill County
21067,1.309797398944568,0.9472824819220901,0.10526600473964091,0.04328161614317637,0.18673111158439906,0.14527236032088925,0.032295142375161845,0.0004766685936248111,0.0025523743843030664,0.06921498429698143,0.09842112148964006,295803,Kentucky,Fayette County
21069,0.9227069974909395,0.0,0.14761639252857542,0.0015376359074435462,0.17795762475606358,0.012754390855868413,0.002230275996654586,6.969612489545581e-05,0.0008363534987454698,0.010384722609422916,0.13894891274045165,14348,Kentucky,Fleming County
21071,0.17571164229043623,0.08785582114521812,0.13563661250665382,0.02002153304098755,0.31540067425413804,0.007452282578388381,0.001926440394413323,0.0,0.0009885680971331524,0.005551190083901549,0.15092043294213073,39451,Kentucky,Floyd County
21073,1.121132190321599,0.6603834838186061,0.13963680633052653,0.0418121659734199,0.1271263061783504,0.10404788475195292,0.014263974840215075,0.000162321193060769,0.0020898853606574007,0.027878664908187075,0.11611064218322005,49285,Kentucky,Franklin County
21075,0.0,0.0,0.1795097607515045,0.0653500073389109,0.29949067958314984,0.23616615294290327,0.0066050198150594455,0.0002935564362248642,0.002642007926023778,0.007779245559958902,0.17562542198737707,6813,Kentucky,Fulton County
21077,0.0,0.0,0.11398300151356386,0.00992301781348236,0.15330073349633253,0.013156362789614625,0.0017464198393293748,0.00034928396786587494,0.0012807078821748749,0.04331121201536849,0.12331435557107928,8589,Kentucky,Gallatin County
21079,0.0,0.0,0.14563623462630085,0.006448994796594136,0.17371333964049196,0.02045884578997162,0.0021877956480605486,0.00017738883632923368,0.0014191106906338694,0.023829233680227057,0.13171653263954589,16912,Kentucky,Garrard County
21081,0.2653069499635066,0.0,0.10737166490957749,0.018536667747952314,0.18050040548211824,0.007217581704646825,0.0032438569459086854,0.0015408320493066256,0.0023112480739599386,0.023396318222366392,0.11916138188305896,24662,Kentucky,Grant County
21083,1.0956331995366504,0.23097438107809595,0.16553972145146953,0.014772263678241426,0.18229740578109427,0.04329085962123865,0.0033404272514210285,0.0005387785889388756,0.0024514425796718837,0.05654481290913499,0.14255001212251825,37121,Kentucky,Graves County
21085,1.0640876252621767,0.0,0.1508583857686631,0.02983343043579585,0.25268997125767106,0.010254020041948263,0.002369300085450167,0.0002718868950516585,0.0019032082653616096,0.010020974131903984,0.1447499805795075,25746,Kentucky,Grayson County
21087,0.8457985432581275,0.0,0.17285485876709894,0.010028521939953811,0.1780889145496536,0.019896962160241605,0.0015100373068040504,8.882572392965002e-05,0.003553028957186001,0.014123290104814354,0.1489491028601883,11258,Kentucky,Green County
21089,0.924762936873476,0.5218369005689515,0.17036033595231645,0.012285776212408561,0.15875814142508804,0.006962882687618532,0.005093470604172311,0.0001625575724735844,0.0025467353020861556,0.007694391763749662,0.13585564887564344,36910,Kentucky,Greenup County
21091,0.6019848219497956,0.3009924109748978,0.13963806187974315,0.010496077057793344,0.12637302977232925,0.008756567425569177,0.002218330414477525,0.0,0.0025685931115002917,0.010974897840046701,0.12587402218330415,8565,Kentucky,Hancock County
21093,1.3129624892224023,0.580786977819467,0.10998360857659911,0.030852004396312402,0.1378339065594118,0.11630330765659494,0.01993500279506931,0.0033540831698928397,0.005125872866983125,0.050377571226893306,0.11229407919047213,105543,Kentucky,Hardin County
21095,0.2783660086071453,0.1601885374684063,0.1427351595054307,0.02142618348247831,0.3597488557961609,0.021961882642256986,0.0034155338479404333,6.831067695880866e-05,0.0014345242161349818,0.007172621080674909,0.16735685497643282,29278,Kentucky,Harlan County
21097,1.355088612968269,0.24854080441472992,0.14920938130107184,0.014588814602568185,0.17301729810039268,0.020428738193781174,0.002016342990555025,0.0005836782341080335,0.0019102196752626551,0.0178817786267643,0.13353523294067707,18846,Kentucky,Harrison County
21099,1.1041266003626573,0.0,0.14907412495192043,0.012483037529534589,0.21605654156821802,0.0486290455519534,0.0019781306665201384,5.494807407000384e-05,0.0017033902961701192,0.014341447332271004,0.1502671025880543,18199,Kentucky,Hart County
21101,1.2323027027027027,0.47385945945945945,0.14164324324324323,0.025184823783783783,0.1875670918918919,0.07762162162162162,0.004237837837837838,0.00028108108108108106,0.0020756756756756755,0.01855135135135135,0.13155174054054053,46250,Kentucky,Henderson County
21103,0.0,0.0,0.14206019719771665,0.005183134405812143,0.18959606901920084,0.02717955371043072,0.0020108977685521535,0.0005838090295796575,0.0024649714582252206,0.028995848469122988,0.13392553191489362,15416,Kentucky,Henry County
21105,0.0,0.0,0.20787433700530394,0.0432,0.154,0.09220726234190127,0.002243982048143615,0.0002039983680130559,0.0024479804161566705,0.011627906976744186,0.16399999999999998,4902,Kentucky,Hickman County
21107,0.7548167092924126,0.4006606990622336,0.1543904518329071,0.02314884910485934,0.18149693094629155,0.06577152600170504,0.00552003410059676,0.00044757033248081843,0.0013853367433930093,0.01564364876385337,0.13671470588235296,46920,Kentucky,Hopkins County
21109,1.223654957759004,0.0,0.13798725359419,0.008135230472802728,0.30153712761227214,0.0011857121683711278,0.0008151771157551504,7.410701052319549e-05,0.0018526752630798873,0.006224988883948421,0.1464553134726545,13494,Kentucky,Jackson County
21111,1.4252337079136845,0.9861961203406846,0.13371412070770858,0.019096864103975732,0.15258343723350282,0.20813227975862778,0.022045726869393437,0.0006207023111715621,0.0024126428964668543,0.0439106404568369,0.1145812188974168,741096,Kentucky,Jefferson County
21113,1.3467665582678137,0.7530564360103733,0.11307784135347632,0.03661759972008398,0.1794787181492611,0.030852508953196394,0.009776478821059564,0.0003498950314905528,0.0025110114024616144,0.02784752809451282,0.1077051825628782,48586,Kentucky,Jessamine County
21115,0.3443654735399897,0.0,0.1413341325569447,0.022601421476280182,0.226129645487241,0.002397670834046926,0.0038962151053262544,0.00017126220243192326,0.0012844665182394246,0.004666895016269909,0.1407323599931495,23356,Kentucky,Johnson County
21117,1.4752003506135738,0.9254257450538442,0.11177685950413223,0.014601354244928625,0.12647312797395444,0.04607438016528926,0.009059604307538192,0.0009704482844978713,0.0018407212622088655,0.02645254194840972,0.10698623215627348,159720,Kentucky,Kenton County
21119,0.0,0.0,0.1335494922305151,0.041413703658387375,0.3299623761164811,0.007218891471919736,0.0008564786492108161,0.0002447081854888046,0.0005505934173498104,0.006056527590847914,0.15683837024348463,16346,Kentucky,Knott County
21121,1.0114794718188376,0.42119624878461875,0.145845748518019,0.02012987171847066,0.33425402251983816,0.01085217827682464,0.0021014333657434995,9.409403130194775e-05,0.0021955273970454474,0.008468462817175297,0.15601577643258163,31883,Kentucky,Knox County
21123,0.8753610934967941,0.43768054674839707,0.15599239061509196,0.02206954836891425,0.1544350736278447,0.03128302684421898,0.0017614316916789968,0.00014091453533431975,0.0026069189036849153,0.028253364334531107,0.13440259282745015,14193,Kentucky,Larue County
21125,0.8461486176485582,0.45016907678975004,0.12875324984281805,0.01188884942819759,0.23845310880388793,0.007085931791534265,0.004876888307362912,8.496321092966746e-05,0.0029737123825383607,0.012183724447314312,0.13526664854118167,58849,Kentucky,Laurel County
21127,0.2992433795712484,0.0,0.14155107187894073,0.006795176544766709,0.26834029003783105,0.002080706179066835,0.001639344262295082,0.00018915510718789407,0.0010718789407313997,0.004854981084489281,0.14663537200504415,15860,Kentucky,Lawrence County
21129,0.0,0.0,0.13224293140611132,0.12882130087485735,0.34233307975148974,0.023456320527450236,0.001394700139470014,0.0,0.002789400278940028,0.007353873462660074,0.1681986813744136,7887,Kentucky,Lee County
21131,0.7647214854111406,0.0,0.14173297966401416,0.02006498673740053,0.3536326259946949,0.0019451812555260832,0.001326259946949602,8.841732979664014e-05,0.001237842617152962,0.0035366931918656055,0.15973793103448275,11310,Kentucky,Leslie County
21133,0.0,0.0,0.1417676087931808,0.009924201639544843,0.32306872221542476,0.0034666992944247317,0.00159060320567723,0.0,0.0015090338105142951,0.005057302500101962,0.15393315388066398,24519,Kentucky,Letcher County
21135,0.0,0.0,0.14729632299927903,0.010022451333813985,0.27941031002162936,0.002667627974044701,0.0005767844268204759,0.0,0.001946647440519106,0.005623648161499639,0.15840605623648163,13870,Kentucky,Lewis County
21137,1.1739552178481933,0.0,0.14873494462856682,0.008850072750788135,0.2400873817799693,0.02283566405302724,0.0016166841807452913,4.0417104518632284e-05,0.0017379354943011882,0.01503516288093121,0.14367585482176057,24742,Kentucky,Lincoln County
21139,0.9372833280806807,0.0,0.18121651433974156,0.0072483244038239305,0.13411387750814163,0.002206114087614245,0.0021010610358230906,0.0006303183107469272,0.0028364323983611725,0.012921525370312008,0.1426225443849144,9519,Kentucky,Livingston County
21141,0.9341531581889324,0.0,0.15658654741941494,0.010333530836594,0.17315599031116077,0.06584684181106763,0.0023849450344699086,0.00040991242779951555,0.0023104155021427242,0.024259362772498603,0.14099981367616918,26835,Kentucky,Logan County
21143,0.0,0.0,0.2095261005532836,0.13509612701467405,0.156279769064229,0.0530430598989656,0.0028866971373586723,0.00012027904738994468,0.0014433485686793362,0.00926148664902574,0.14404859273514556,8314,Kentucky,Lyon County
21145,1.5015175779760543,0.7848394722794174,0.167787691603752,0.01814020437733547,0.16075845344314804,0.11018073667353008,0.008037825059101654,0.00016777243956379165,0.0022878059940517046,0.021093571265156714,0.1322226492793411,65565,Kentucky,McCracken County
21147,0.0,0.0,0.12285589424232492,0.11531100185731454,0.3756098546924506,0.05511854036927783,0.0013656724571178848,0.00021850759313886157,0.007046869878728286,0.021413744127608433,0.16186692887577844,18306,Kentucky,McCreary County
21149,0.0,0.0,0.16902738432483475,0.008606861819326407,0.17025065575490503,0.00577064316441087,0.0010492078480747037,0.0,0.002413178050571818,0.011121603189591859,0.1321925296401217,9531,Kentucky,McLean County
21151,0.9621303487867239,0.5263278498721597,0.11230643060446717,0.06868332770514739,0.21486161898789136,0.0435500988952675,0.00914178204447875,0.00039799314969366585,0.003015099618891408,0.02186550243620049,0.10529430990399924,82916,Kentucky,Madison County
21153,0.0,0.0,0.1290782269556739,0.009523880597014926,0.275908872721818,0.001350033750843771,0.0006000150003750093,0.0,0.002775069376734418,0.0071251781294532366,0.15022298057451436,13333,Kentucky,Magoffin County
21155,0.4503531786074672,0.2251765893037336,0.1301715438950555,0.06542754288597377,0.218255751765893,0.08092835519677094,0.005852674066599395,0.0002522704339051463,0.0015136226034308778,0.024318869828456106,0.13994349142280527,19820,Kentucky,Marion County
21157,0.9437166115492241,0.17098066649707452,0.19288984991096414,0.014738899135080133,0.11380310353599593,0.0015581277028745865,0.0027982701602645636,6.35970490969219e-05,0.0018761129483591962,0.011129483591961333,0.13004919231747647,31448,Kentucky,Marshall County
21159,0.0,0.0,0.11230566942532291,0.1281899141464924,0.264046097919406,0.06930157011369789,0.001701601051898832,7.734550235903782e-05,0.0037125841132338157,0.030010054915306675,0.126375048340939,12929,Kentucky,Martin County
21161,0.6671240708976558,0.43567753001715265,0.1512292738707833,0.01703446540880503,0.18043887935963407,0.06403659233847914,0.00577472841623785,5.717552887364208e-05,0.002058319039451115,0.014179531160663237,0.13653007432818753,17490,Kentucky,Mason County
21163,0.6169342146679258,0.12695414961703913,0.10387157695939565,0.007402231315356905,0.11604857832336585,0.03315496799916064,0.005525827999860106,0.0012590494176896443,0.005141118455566048,0.030042318049872348,0.10526786276361347,28593,Kentucky,Meade County
21165,0.0,0.0,0.15937202664129402,0.03647034570250555,0.2282029812876626,0.018395179194418017,0.0011100539169045353,0.00015857913098636217,0.0009514747859181732,0.008087535680304472,0.1499594037424675,6306,Kentucky,Menifee County
21167,0.40635694529089117,0.20317847264544558,0.1591580329098495,0.006007960245651868,0.16088814401575172,0.03586329754816933,0.0035628896910599598,0.0005156814026534152,0.0018283249730439268,0.02297126248183395,0.12997065304017627,21331,Kentucky,Mercer County
21169,0.0,0.0,0.16278839489058322,0.01198618675116348,0.23646281810080205,0.015249034557877017,0.0013862758688979106,0.0,0.0013862758688979104,0.011387266065947123,0.15233429052381423,10099,Kentucky,Metcalfe County
21171,0.0,0.0,0.1714859071422056,0.013036960685943627,0.24411246921463103,0.02107087476055824,0.0007297272644349174,9.121590805436468e-05,0.0010945908966523761,0.026361397427711392,0.15023716136094134,10963,Kentucky,Monroe County
21173,0.43526170798898073,0.21763085399449036,0.12804256764406205,0.013464915657194609,0.20848194271481943,0.02758594663949583,0.0031699309407902184,0.00022642363862787276,0.001811389109022982,0.024906600249066,0.12938367485565494,26499,Kentucky,Montgomery County
21175,0.5556992027580263,0.0,0.13000071823601236,0.1418760755584285,0.24881419234360408,0.043094160741219564,0.0033038856568268333,7.182360123536594e-05,0.002226531638296344,0.007756948933419522,0.13772857861093155,13923,Kentucky,Morgan County
21177,0.5788437728181847,0.3428362805168418,0.16222737229753326,0.06194138861551161,0.17409965395726848,0.045271278453284235,0.0013651227023080098,0.00015873519794279184,0.0014603638210736848,0.01165116352900092,0.1431176862757548,31499,Kentucky,Muhlenberg County
21179,0.3267490848815526,0.0760411630637475,0.11734235789764487,0.011419810299974676,0.11010942284227733,0.050256693602228515,0.0050187628059028015,0.0002071966296014918,0.0012431797776089508,0.02044340078734719,0.11047745010014504,43437,Kentucky,Nelson County
21181,0.0,0.0,0.15557112824106517,0.013290679747722496,0.2564022424667134,0.005746320953048353,0.002242466713384723,0.0,0.0009810791871058165,0.013735108619481429,0.15615557112824108,7135,Kentucky,Nicholas County
21183,0.6476386209210637,0.0,0.15443335290663535,0.012870124150658501,0.2029790705477728,0.008220786846741044,0.0021390822917540476,0.0003355423202751447,0.0020971395017196546,0.035399714789027766,0.13709395184967704,23842,Kentucky,Ohio County
21185,0.9527820147224617,0.47639100736123086,0.09239671065720538,0.07573227170236753,0.05584330857483918,0.04343789375953312,0.013213740964254924,0.0004973804628954175,0.002818489289740699,0.03536375091186418,0.09270934743683268,60316,Kentucky,Oldham County
21187,0.7834148141315377,0.0,0.14482058850659532,0.0,0.16423438797158932,0.008394059588598837,0.0015681210220459365,9.224241306152569e-05,0.0015681210220459367,0.02269163361313532,0.13850290563601145,10841,Kentucky,Owen County
21189,0.0,0.0,0.1676130389064143,0.01892870662460568,0.35188475289169296,0.002733964248159832,0.0004206098843322818,0.0,0.002523659305993691,0.008201892744479496,0.15557665615141958,4755,Kentucky,Owsley County
21191,0.0,0.0,0.12280701754385964,0.014444444444444444,0.17772030651340998,0.00356254621227398,0.0013443570612354642,0.00020165355918531965,0.0022181891510385156,0.009612152987833569,0.11991954022988506,14877,Kentucky,Pendleton County
21193,0.0,0.0,0.13391613262747284,0.021277438005015328,0.27329809835608804,0.015150459738088604,0.005154639175257732,0.00013931457230426304,0.001288659793814433,0.006443298969072165,0.14149818891056004,28712,Kentucky,Perry County
21195,0.050688976377952756,0.050688976377952756,0.13721087598425197,0.016918150221456693,0.2675361251230315,0.0053672490157480315,0.004552165354330708,0.00021530511811023622,0.000984251968503937,0.006859005905511811,0.14429915108267716,65024,Kentucky,Pike County
21197,0.0,0.0,0.13018314437485135,0.014887996511535717,0.21902323000079282,0.006263379053357647,0.0013478157456592406,0.00031713311662570366,0.0011099659081899628,0.01046539284864822,0.1349303099976215,12613,Kentucky,Powell County
21199,0.9853796996654139,0.32226503655075084,0.1623931623931624,0.015248061462347178,0.23648210519639093,0.011528154385297243,0.004598576027147455,0.00030128601557172983,0.0022675736961451248,0.02089973518544947,0.14101571444428587,63063,Kentucky,Pulaski County
21201,3.0,0.0,0.18711656441717792,0.025,0.271,0.0017528483786152498,0.0008764241893076249,0.0,0.0013146362839614374,0.009640666082383873,0.149,2282,Kentucky,Robertson County
21203,0.0,0.0,0.14827626641651032,0.019996529080675424,0.2102120075046904,0.0011139774859287054,0.0008208255159474672,5.863039399624765e-05,0.0026383677298311443,0.006038930581613509,0.14366234756097562,17056,Kentucky,Rockcastle County
21205,0.0,0.0,0.12257317961685167,0.10433109758710842,0.25763146616380234,0.014957356533664767,0.007714395919941714,0.0001714310204431492,0.001457163673766768,0.012600180002571465,0.12005095787082672,23333,Kentucky,Rowan County
21207,0.2753202391118702,0.0,0.17364076288072872,0.010088773128380302,0.2463680045545118,0.004668374608596641,0.0023341873042983206,5.6931397665812695e-05,0.0025619128949615714,0.033304867634500426,0.14689490463990892,17565,Kentucky,Russell County
21209,1.5161215101859113,0.5722341169736925,0.09257414198800161,0.027898242638797616,0.1277718610221949,0.05231806329892099,0.008818603862378904,0.0003391770716299578,0.002734615140016535,0.042269942551883495,0.09876225807135439,47173,Kentucky,Scott County
21211,0.2135760802395779,0.2135760802395779,0.12026429623995817,0.04031068355754147,0.130168322479441,0.07477301896658269,0.006132053049389172,0.001069544136521367,0.0027570471074773017,0.09060227218709892,0.11491277273375482,42074,Kentucky,Shelby County
21213,0.7030645812893173,0.35153229064465863,0.14260979973451837,0.018887008714722684,0.15751399549835515,0.09378426732844693,0.006579327061811045,0.00023085358111617706,0.002366249206440815,0.018756853465689387,0.13161811046343858,17327,Kentucky,Simpson County
21215,0.0,0.0,0.10245589355840806,0.006618170095539535,0.08530777797315514,0.015122208545806225,0.0041029247992497506,0.0005275189027606822,0.0018756227653713147,0.014008557528867007,0.10487462634077721,17061,Kentucky,Spencer County
21217,0.3558257180156658,0.1779128590078329,0.16004406005221933,0.042227007180156664,0.24428439131853782,0.04960835509138381,0.005262728459530026,0.0004079634464751958,0.001264686684073107,0.01766481723237598,0.1342650130548303,24512,Kentucky,Taylor County
21219,0.7415730337078652,0.0,0.142215088282504,0.01566922150882825,0.18093852327447832,0.07993579454253612,0.0009630818619582664,0.00016051364365971107,0.0015248796147672551,0.03964686998394864,0.13724991974317818,12460,Kentucky,Todd County
21221,0.9910583304226336,0.0,0.19035976248690184,0.004458023052741879,0.1042640586797066,0.08180230527418791,0.0030736989172196996,0.00034928396786587494,0.0026545581557806497,0.012224938875305624,0.14153112120153685,14315,Kentucky,Trigg County
21223,0.0,0.0,0.12941310023839256,0.004665773640594846,0.18929742309002157,0.0030650471109092974,0.0043137700079464185,0.0005676013168350551,0.0035191281643773414,0.025315018730843457,0.12698092859575436,8809,Kentucky,Trimble County
21225,0.7515159592190311,0.37575797960951557,0.13706936762844005,0.09135338841873793,0.21987172652762046,0.12047711068168188,0.0033984140734323984,0.0004664489904711135,0.001865795961884454,0.016192443526354367,0.12916512294262678,15007,Kentucky,Union County
21227,1.0420855596175478,0.6347897919010124,0.109322272215973,0.05456848108830146,0.19018861607142856,0.0906126968503937,0.02798087739032621,0.0011336473565804275,0.0027682086614173227,0.04546892575928009,0.10591666373734532,113792,Kentucky,Warren County
21229,0.7084577963642571,0.0,0.15891439788341727,0.03320918323803021,0.16449483656225997,0.06332679013399334,0.0026457284287786974,0.00017069215669539986,0.0008534607834769992,0.03354100879064607,0.13009737987539474,11717,Kentucky,Washington County
21231,0.9707394416950944,0.29409503675587373,0.15980396867342525,0.015900768750300293,0.2447310815355787,0.015182818430788449,0.003219141882477298,0.00038437515014654304,0.001969922644501033,0.028876183154759046,0.15152630567433817,20813,Kentucky,Wayne County
21233,1.58358417149989,0.0,0.1512370604214081,0.02885651567432641,0.21907495778577196,0.04133323544526834,0.002569561706188973,0.003156890096175024,0.0020556493649511783,0.04258130827398869,0.1482775126642684,13621,Kentucky,Webster County
21235,0.3209304935881247,0.15433397872997165,0.14266071779330472,0.044615436203945334,0.26463363919521843,0.005752448298117126,0.0036198333193029715,0.0003647894042708421,0.0027499508937340405,0.00869882425568931,0.1382651457754581,35637,Kentucky,Whitley County
21237,0.0,0.0,0.1556764106050306,0.017926390210740994,0.32352984364377974,0.0013596193065941536,0.0004078857919782461,0.0,0.0028552005438477225,0.00557443915703603,0.17167002039428958,7355,Kentucky,Wolfe County
21239,1.2309635510645975,0.6908055655800153,0.12995709531256266,0.013196607722843739,0.1397234452063034,0.04932034163358595,0.004972132002085088,0.00044107622599141904,0.0015237178716067203,0.06736436906050763,0.11474802518144273,24939,Kentucky,Woodford County
22001,0.8070516244961391,0.5225583993006654,0.1276609521959432,0.016998068735531707,0.2433183915302802,0.18090427856830654,0.002217797419584608,9.712981399640619e-05,0.0026386932802357015,0.01715960047269843,0.13123963543943146,61773,Louisiana,Acadia Parish
22003,1.1311519950318274,0.3288309268747089,0.12917248874398385,0.163013631423692,0.19512172022977803,0.2323008849557522,0.006831237385499146,0.0002328830926874709,0.02414221394193448,0.01327433628318584,0.11962346685297313,25764,Louisiana,Allen Parish
22005,1.6483514433614699,0.8241757216807349,0.08855104229818589,0.0073654731147693876,0.11870949960360025,0.22241290864151472,0.00949494007368372,0.0007554913025229679,0.003161871006855384,0.046859114862659146,0.09475016555519283,107215,Louisiana,Ascension Parish
22007,0.0,0.0,0.13428120063191154,0.008482135690192563,0.17162170701507196,0.3048973143759874,0.002476410059348448,0.0005123607019341616,0.0056786644464369585,0.02126296913026771,0.13853900345843473,23421,Louisiana,Assumption Parish
22009,0.8101157511943526,0.3027357212464051,0.1443918902859316,0.07945268937323224,0.2452523708791862,0.2946782972452642,0.003351317947377178,7.130463717823782e-05,0.011955410833551209,0.014403536710004041,0.14496356333040192,42073,Louisiana,Avoyelles Parish
22011,2.389100802154036,0.4902956190048802,0.12963482358220677,0.03646838503393728,0.17187897571100016,0.1305603859314523,0.006282605037302967,0.0004768048465810288,0.009984854434285073,0.028131485948280698,0.11431783250126214,35654,Louisiana,Beauregard Parish
22013,1.6604194245105552,0.2560440326064237,0.18470006270466105,0.022226795791820523,0.2921376018950742,0.42332613390928725,0.0023688427506444645,0.0,0.0034835922803595066,0.014422072040688358,0.1761512575768132,14353,Louisiana,Bienville Parish
22015,1.1130886740355106,0.6249412287675565,0.1199018627274981,0.016779325348994265,0.1708662922404876,0.2091059078979988,0.01647304216996213,0.0013934124928405953,0.005479615999452893,0.06006206242146026,0.11030885030646526,116979,Louisiana,Bossier Parish
22017,1.435633351505477,0.8164208197859347,0.13587141966278254,0.02450472881016908,0.24082241762724094,0.471680871007848,0.010522847875624096,0.0004941777235663943,0.004282873604242085,0.024038216410622468,0.1424339194176547,254969,Louisiana,Caddo Parish
22019,1.6522348107569722,0.8918233316733067,0.12619314409030544,0.019697082503320053,0.1717844144256308,0.2478730909694555,0.010753859561752989,0.000482445219123506,0.004658449535192563,0.025652597941567067,0.11761234229747676,192768,Louisiana,Calcasieu Parish
22021,0.0,0.0,0.14844058428740622,0.05766623568890643,0.27117824713778127,0.1723253059613107,0.00246742992499013,0.0,0.0021713383339913147,0.021910777733912357,0.13959731543624163,10132,Louisiana,Caldwell Parish
22023,3.0,0.0,0.12882000292440415,0.0,0.10329419505775699,0.017400204708290685,0.000877321245796169,0.0,0.005263927474777014,0.022517911975435005,0.11129010089194327,6839,Louisiana,Cameron Parish
22025,2.2329201498991065,0.0,0.144422023637936,0.08319233208417412,0.22929057365234937,0.31517248006149706,0.0002882675122513693,0.0,0.0032670318055155185,0.008648025367541078,0.13837561256846354,10407,Louisiana,Catahoula Parish
22027,1.0117476010468158,0.20744402442570514,0.1601628380343123,0.16965196859552198,0.2978882814771736,0.5078801977318989,0.0023844140738586797,5.815644082582146e-05,0.003663855772026752,0.009944751381215469,0.17820535039255597,17195,Louisiana,Claiborne Parish
22029,1.5262702910383248,0.48664873691288063,0.1453270579195082,0.07131565651714533,0.2685626740947075,0.4088464124483719,0.0023532801844203246,0.00019210450485063874,0.0031216982038228796,0.010037460378445875,0.1595102775910095,20822,Louisiana,Concordia Parish
22031,1.9933223289315727,0.11104441776710684,0.1443577430972389,0.008070408163265307,0.2521929021608643,0.3919942977190876,0.0015756302521008404,0.00041266506602641057,0.007653061224489796,0.024797418967587036,0.15209903961584634,26656,Louisiana,De Soto Parish
22033,1.450638501854961,0.9012088483793799,0.10911668419773224,0.025227225782707176,0.19190750640092147,0.4532443073260165,0.028095899093761287,0.0003066989874389726,0.002492213253485577,0.036971994974680296,0.1134472852595923,440171,Louisiana,East Baton Rouge Parish
22035,2.330326072947545,0.6696739270524552,0.12514499291145767,0.13751474416806292,0.42888194354942644,0.6902951411264339,0.005670833870344116,0.0,0.0024487691712849593,0.01636808867122052,0.19145328006186363,7759,Louisiana,East Carroll Parish
22037,0.0,0.0,0.12986628509399517,0.11795604184141709,0.19471712636305324,0.449400503281196,0.0025657472738935213,9.868258745744314e-05,0.0031578427986381804,0.010262989095574085,0.14188138352987617,20267,Louisiana,East Feliciana Parish
22039,0.3037900188323917,0.20527306967984935,0.13212099811676084,0.04060080331920904,0.2742266066384181,0.2834274952919021,0.0033545197740112993,8.827683615819209e-05,0.002913135593220339,0.02283427495291902,0.1529294668079096,33984,Louisiana,Evangeline Parish
22041,2.1186497809023934,0.2578610295179853,0.16314344874079068,0.03524443588385419,0.2774504743102037,0.3147782539606106,0.0020224394471998843,0.0002889199210285549,0.0017816728463427554,0.00943805075359946,0.15754682910386672,20767,Louisiana,Franklin Parish
22043,1.5857277332018467,0.0,0.12057913846429692,0.13164293334528665,0.17792729391725312,0.15554260612308934,0.0026446725536778876,0.0003585996682953068,0.010220090546416245,0.04173203639786633,0.11737877089963691,22309,Louisiana,Grant Parish
22045,0.8017749863462589,0.5336428181321682,0.12170944838885854,0.012883900873839432,0.21907164117968322,0.3199754232659749,0.023948661933369742,0.00027307482250136535,0.003672856362643364,0.03138995084653195,0.1370361141452758,73240,Louisiana,Iberia Parish
22047,0.35792374277413364,0.2703447449606134,0.11992691766256328,0.11916224877946506,0.17597316320723635,0.4928265492556983,0.0031149848743522927,8.985533291400844e-05,0.0018570102135561746,0.01988798035163387,0.13873022433881452,33387,Louisiana,Iberville Parish
22049,1.5639670640285117,0.10323214944082586,0.16695342263733562,0.06378935111220352,0.2520533366105444,0.29820572692638564,0.0017205358240137644,0.00012289541600098315,0.0021506697800172054,0.012842570972102741,0.1450620007373725,16274,Louisiana,Jackson Parish
22051,1.1191486803898723,0.9816600085076477,0.13637204313007453,0.007655810168488413,0.15577007851079178,0.263290887569587,0.03856877323420074,0.0004138230779189554,0.0047115722502728,0.12415154709722762,0.1159855809243744,432552,Louisiana,Jefferson Parish
22053,0.7132050389314427,0.4816420839399886,0.14512249161233146,0.017937393175919476,0.20048407925555486,0.1730708362347281,0.0019623979236563904,9.495473824143825e-05,0.004969297967968601,0.017028549724631258,0.12697733746913972,31594,Louisiana,Jefferson Davis Parish
22055,1.44321638429808,0.8951024018630008,0.10283963209343888,0.0232390756302521,0.17143188854489166,0.25757521053534194,0.015033080901533546,0.0003655597577376815,0.0033667602379297583,0.03879897823791171,0.10407717823971693,221578,Louisiana,Lafayette Parish
22057,1.139714279781557,0.6201644552420108,0.12490915509042962,0.016867155671837036,0.15627603355551403,0.1323324819867522,0.007361033244045765,0.00034261508752258147,0.02806329035071326,0.037864158308934984,0.11595814904794535,96318,Louisiana,Lafourche Parish
22059,1.664607118871726,0.3938885157824043,0.14795164539959704,0.08348803223640026,0.21946642041638684,0.11880456682337139,0.001880456682337139,0.0001343183344526528,0.010208193418401611,0.022229684351914036,0.12429865681665547,14890,Louisiana,LaSalle Parish
22061,1.388038942976356,0.6066973360436504,0.11310580935059378,0.10448070610891196,0.3099026425591099,0.4049427623836525,0.016903819407296457,0.0007275061517064299,0.0026318604899967903,0.025441318069968973,0.10984487001176849,46735,Louisiana,Lincoln Parish
22063,0.9655694936965928,0.4827847468482964,0.09897208379547905,0.00931573664724353,0.12300892006311218,0.05080999172043179,0.0049052536203583645,0.00020308374861356286,0.0041085404527205415,0.029689281864621248,0.09393800478027901,128026,Louisiana,Livingston Parish
22065,0.559497229802365,0.559497229802365,0.1185809972711486,0.1315664268585132,0.37022318696766726,0.6103530968328785,0.002232696601339618,0.0,0.0019846192011907715,0.015546183742661044,0.17335218721574464,12093,Louisiana,Madison Parish
22067,1.6244683512634477,0.42060116515958396,0.15404410450695163,0.02745649594338611,0.28001536866935917,0.46938775510204084,0.0036455913363594122,0.0005003752814610958,0.001286679295185675,0.009113978340898532,0.16571324922263125,27979,Louisiana,Morehouse Parish
22069,2.032982864075216,0.5149623414042359,0.13468634686346864,0.05535036142142243,0.34221796491937523,0.4135368750947783,0.0033867461962290854,0.00027801647879492495,0.009503108729717434,0.018576555628569986,0.13972635596218977,39566,Louisiana,Natchitoches Parish
22071,0.9083693265273476,0.9949856754359175,0.10946293791719384,0.038280043337259866,0.24340201271032388,0.6016636854122129,0.02899815307650917,0.0003897444846792607,0.003045242354173029,0.052499163794482495,0.13346835362040632,343815,Louisiana,Orleans Parish
22073,1.2251670277197708,0.7256646955118822,0.12308332845423733,0.03600121912345414,0.2488654605541352,0.36571101439658593,0.00946544624212026,0.0003317785280743184,0.002478580768555202,0.017948567822687146,0.13438980724318064,153717,Louisiana,Ouachita Parish
22075,2.0588056592309694,0.804661053727975,0.11183925006509851,0.011802352226369238,0.20197183404218383,0.20462633451957296,0.031724676677371756,0.0013453693255793767,0.01610103289644996,0.0463067442062321,0.11828851662182104,23042,Louisiana,Plaquemines Parish
22077,0.9767564248750109,0.5295588106306465,0.15498640470134198,0.005089921936672221,0.18258872028769405,0.3633014647837909,0.0024997807209893867,0.0,0.0007894044382071748,0.021577054644329446,0.1489792123497939,22802,Louisiana,Pointe Coupee Parish
22079,1.7360854665785255,0.5071918666940208,0.1368468242570684,0.03419301176989066,0.20240788103976234,0.31994498772861624,0.01184587445956522,0.0002735416809136292,0.00786432332626684,0.025971262926744017,0.13538523026890667,131607,Louisiana,Rapides Parish
22081,1.6288637113628863,0.0,0.15245847541524585,0.01805329446705533,0.2327561324386756,0.3954460455395446,0.0013199868001319986,0.00021999780002199978,0.0036299637003629963,0.01110988890111099,0.15636772632273677,9091,Louisiana,Red River Parish
22083,1.2188178528347406,0.38258142340168877,0.14398069963811821,0.05014297225572979,0.28694455971049454,0.3596622436670688,0.0026537997587454767,0.00019300361881785283,0.0030880579010856453,0.016019300361881785,0.15456091676718936,20725,Louisiana,Richland Parish
22085,1.9817191433169645,0.14191391903602527,0.17245079024470764,0.01814812033177898,0.1933845582470185,0.16613708579210168,0.0023108983617381256,0.0,0.0859158998060496,0.03383815458259398,0.1362154500061899,24233,Louisiana,Sabine Parish
22087,1.3125609382399643,0.9897484469454272,0.09159539794411789,0.008159598295122155,0.20017513998384265,0.17689500515363402,0.01922166197732401,0.0006128645847842438,0.007242945092904699,0.09218040504777558,0.11419767668607406,35897,Louisiana,St. Bernard Parish
22089,1.4101174687381584,0.7333649109511179,0.09918529746115953,0.01121158393330807,0.11396561197423268,0.26621826449412656,0.008336491095111784,0.0003978779840848806,0.0032588101553618796,0.05017051913603638,0.10476780977643045,52780,Louisiana,St. Charles Parish
22091,1.0874765687762207,0.0,0.14103365170043738,0.010778541462108363,0.20691314826385787,0.5332500223154513,0.000803356243863251,0.0003570472194947782,0.0033919485852003926,0.00883691868249576,0.1496500937248951,11203,Louisiana,St. Helena Parish
22093,1.2366301692154555,0.7864446656411185,0.12854040358338611,0.009219156637408379,0.16795651977196635,0.5058365758754864,0.0014025880010858746,0.0001357343226857298,0.0020360148402859468,0.011582662202515609,0.1428910505836576,22102,Louisiana,St. James Parish
22095,1.4085663269750022,0.731904886333943,0.10312690532183608,0.010259295793049385,0.1958644935110182,0.5351450222106088,0.007011584356763348,0.00047905234735650206,0.003135615364515286,0.04736085706819963,0.12946790349272713,45924,Louisiana,St. John the Baptist Parish
22097,1.0878825673990213,0.49354792286289934,0.13734049697783748,0.013243990453804087,0.2897001463110429,0.4130528638587739,0.003909622949246858,9.594166746618056e-05,0.003297994819149957,0.015842367840353064,0.153945361220378,83384,Louisiana,St. Landry Parish
22099,0.5064800613496933,0.25324003067484663,0.11667944785276074,0.013429384585889569,0.17685327837423312,0.30749616564417176,0.007611196319018405,5.7515337423312883e-05,0.004256134969325153,0.0205329754601227,0.12915143788343558,52160,Louisiana,St. Martin Parish
22101,1.2105215004574565,0.7338700823421775,0.12903934126258004,0.01588236230558097,0.19050161024702655,0.3250686184812443,0.017346752058554436,0.0005306495882891125,0.01818847209515096,0.05343092406221409,0.140447978042086,54650,Louisiana,St. Mary Parish
22103,1.362663643364422,0.6818045691794301,0.12675622486523488,0.0054512779156327545,0.11056314280824847,0.113994181569265,0.012714982459142637,0.0003978779840848806,0.004962779156327543,0.04693248909044237,0.10009007016342945,233740,Louisiana,St. Tammany Parish
22105,1.2936654087219337,0.5738953070678877,0.11398300535934003,0.03003986556231781,0.22471736706937412,0.30268297315375275,0.006119061578734403,0.0003798607727689373,0.003162753825445717,0.035178410695558104,0.12075203349381075,121097,Louisiana,Tangipahoa Parish
22107,3.0,0.0,0.1728865194211729,0.0030476389946686978,0.40169878141660315,0.564927646610815,0.0017136329017517135,0.0,0.0011424219345011425,0.012376237623762377,0.21160415079969536,5252,Louisiana,Tensas Parish
22109,1.1757643482925084,0.6450563204005006,0.1123368496334704,0.013227143751117467,0.21905809047023064,0.18897729304487754,0.010191310566779903,0.0005185052744502057,0.05674056856785267,0.039522617557661364,0.11955831396388342,111860,Louisiana,Terrebonne Parish
22111,1.7669116676202632,0.16359315170987193,0.16504555257251002,0.018256885700453324,0.18594458870648298,0.27208309493420185,0.0014083887152854188,0.0007482065049953787,0.0025527045464548213,0.041503454953567186,0.13592689582324724,22721,Louisiana,Union Parish
22113,0.5707339781720374,0.32260901050018104,0.1294505077673753,0.009238069621890032,0.17575659925171125,0.14286453214710598,0.02000034483353161,8.62083829031535e-05,0.0036035104053518162,0.023810755357850998,0.11702253487129088,57999,Louisiana,Vermilion Parish
22115,2.093304543891161,0.4186761952077044,0.0941835135858142,0.043156370619482555,0.16520554515229105,0.1422211182023159,0.01756028585623113,0.004968089578476708,0.01410173118813773,0.07213283907211374,0.09562387740283564,52334,Louisiana,Vernon Parish
22117,0.971908921302578,0.2241986092265943,0.14492876526458617,0.03353392342265943,0.2684847990162822,0.3100619063772049,0.0023320895522388058,6.360244233378561e-05,0.002819708276797829,0.01880512211668928,0.150093368385346,47168,Louisiana,Washington Parish
22119,1.7190283204309946,0.4911786832334312,0.1673016720460116,0.029873895211978547,0.26723947387579783,0.3354527143446502,0.002912126580435363,0.0001941417720290242,0.0036401582255442036,0.016259373407430777,0.16976952944888005,41207,Louisiana,Webster Parish
22121,0.8712375987893055,0.5259794854548512,0.11001345216075333,0.023381604170169833,0.16246351101395662,0.3771649571212376,0.0033210021859761225,0.0005464940306036657,0.001261140070623844,0.022868673280645704,0.11436253573230201,23788,Louisiana,West Baton Rouge Parish
22123,0.0,0.0,0.1683902102723199,0.03741144432954154,0.22611099620820407,0.15701482247500861,0.002326783867631851,0.0,0.0044812133746983795,0.025766976904515685,0.13833126508100654,11604,Louisiana,West Carroll Parish
22125,1.588224,0.0,0.10176,0.33898826239999996,0.13657433600000002,0.464832,0.001984,0.000192,0.00128,0.016064,0.11892697599999999,15625,Louisiana,West Feliciana Parish
22127,2.136224123293933,0.19160190687651016,0.1437340821524195,0.1149481290406844,0.23656834062561222,0.3070593613269771,0.002546855612877947,0.000130607980147587,0.006530399007379351,0.015672957617710443,0.13650401619538954,15313,Louisiana,Winn Parish
23001,0.5414384133999368,0.4326753449332417,0.14098159737052238,0.025631367105531933,0.14070070193682568,0.03649885795992646,0.007223635587082877,0.00029711611669235483,0.00379751536647416,0.015496462461235632,0.0948135689216542,107702,Maine,Androscoggin County
23003,0.7031723946013636,0.031362181716989006,0.1899401697509392,0.027886337832197024,0.17322677055795188,0.006330875191317657,0.004341171559760679,0.00015305412550438292,0.01704466397662446,0.0092806456101294,0.1216771114512314,71870,Maine,Aroostook County
23005,0.8966287268260471,0.602409168045329,0.14256551900423894,0.03263014513231608,0.09822206522433735,0.02407392943615669,0.020481123568380468,0.00030886769811910224,0.003198733287417369,0.01791077628748127,0.0749435020626682,281674,Maine,Cumberland County
23007,0.5044201768070723,0.25221008840353615,0.16770670826833073,0.03608249479979199,0.12054901196047842,0.0023075923036921476,0.004290171606864275,0.0003250130005200208,0.0037701508060322413,0.010237909516380655,0.09619494279771192,30768,Maine,Franklin County
23009,0.2742107390936822,0.0,0.18260502039766255,0.02159668859568525,0.11290065787055754,0.004061156235069279,0.008195817560366055,0.00012863390789812196,0.004042779962512404,0.010915505898783491,0.09094198610753795,54418,Maine,Hancock County
23011,0.40810963479627677,0.25233522443533,0.15521772232728345,0.029772800877602312,0.13259247161300358,0.0056241864577449225,0.007302437147465023,0.00036839649286538793,0.004797340995980385,0.012312629450434298,0.09638888752445743,122151,Maine,Kennebec County
23013,0.7365109724179585,0.30569257096839136,0.19111133480974432,0.03426321975035232,0.11097808033017918,0.004957720958324944,0.004630561707267968,0.00012583048117576002,0.0035484195691564326,0.008480974431246225,0.0958893950070465,39736,Maine,Knox County
23015,0.4593551382883014,0.0,0.21455727428389007,0.014459735322285748,0.11959656963751923,0.003163363032185042,0.005398032330150623,2.9021679194358184e-05,0.0033084714281568332,0.0083292219287808,0.0978348666453841,34457,Maine,Lincoln County
23017,0.8120796085280031,0.1279200456486781,0.17019694638009442,0.014678443103418464,0.15681009112444452,0.0036657271799837464,0.006207528573651721,0.00024207632320647382,0.003648436014040427,0.01014991440872858,0.10521363235522971,57833,Maine,Oxford County
23019,0.7544226658783938,0.3763700031834099,0.14457228614307155,0.047546690228231006,0.16321751784983402,0.007529738895421737,0.009238385426479473,0.0002858572143214464,0.011752629561534014,0.010524742890925982,0.10253184384399992,153923,Maine,Penobscot County
23021,0.0,0.0,0.20325064157399486,0.012537428001140575,0.1912729398346165,0.003022526375819789,0.0073567151411462785,0.0003992015968063872,0.0052466495580268035,0.009637867122897064,0.12691502708867977,17535,Maine,Piscataquis County
23023,0.7210494999008302,0.3605247499504151,0.16399852662000963,0.007518884764684216,0.09787283597313917,0.007196894568327997,0.007621908027087524,0.00017000538350381097,0.0035984472841639986,0.012835406454537727,0.09171781939761427,35293,Maine,Sagadahoc County
23025,0.40397870873860764,0.1624416022057134,0.16345638354905415,0.013697832580225167,0.19297491766868347,0.0036761890173853105,0.005648311250670139,0.0002489086313854637,0.00461438308953052,0.007831048479742666,0.11921454009343646,52228,Maine,Somerset County
23027,0.8055226112514825,0.1719177022637034,0.16191409271386584,0.012905994430980252,0.13957804362398804,0.0035322023410508945,0.003944722322487495,0.00036095498375702574,0.004383024802763884,0.008998092095085855,0.09511447429484866,38786,Maine,Waldo County
23029,0.5858290723155588,0.0,0.19558071585098613,0.02544124969564159,0.18630444971999027,0.004261017774531288,0.004534940345751156,0.0002739225712198685,0.04878865351838325,0.01375700024348673,0.12271088994399806,32856,Maine,Washington County
23031,0.7500596050342159,0.4186860514074397,0.15397375349386955,0.01575434710928266,0.08429306400312483,0.005620627907330658,0.010632523550329476,0.00018769244816898407,0.003058879628267497,0.012570321258452501,0.0898909861969959,197131,Maine,York County
24001,1.2109020203230918,0.6151131354295684,0.17848628923781745,0.10554104438850934,0.16501195946035932,0.08028020829171495,0.007564558445536511,0.0004128544222035772,0.0014250136508317018,0.014449904777125202,0.12378190632199981,75087,Maryland,Allegany County
24003,1.5658974998047013,0.9373686383774956,0.11840494905494031,0.026276269162521994,0.05974769640538802,0.15527734274735044,0.034130772006442996,0.0009002339864369706,0.0030968793128461902,0.061197311201961174,0.09531780305707557,537638,Maryland,Anne Arundel County
24005,1.2714734500247817,0.9297366927154177,0.14592766223328602,0.025816441022621546,0.09951302251223249,0.2605347136562782,0.04978329973205934,0.0003962590167559181,0.00326075209712942,0.041905322665394665,0.09985452573758213,805029,Maryland,Baltimore County
24009,1.025524865614118,0.512762432807059,0.1091202091573977,0.007328230614061779,0.051061958371367074,0.1344422281573639,0.014199262990635248,0.0004958472790380563,0.003707585336443648,0.027463177704903252,0.09655758026527829,88737,Maryland,Calvert County
24011,0.48170326014637393,0.24085163007318697,0.1334603520232263,0.013362381298010042,0.148177523740398,0.13866206979979434,0.0056855984999697575,0.0016028548962680699,0.0037198330611504264,0.05492046210609085,0.12320023589185265,33066,Maryland,Caroline County
24013,1.0396927016645328,0.5466511900630632,0.13048811133581437,0.01986005181471155,0.053217544006605486,0.03190254526308232,0.014467433316979191,0.0003350604903849606,0.0019624971579690546,0.026104802134813983,0.09157596299974871,167134,Maryland,Carroll County
24015,0.8289749574712189,0.4144874787356094,0.11744866875024726,0.01534830181588005,0.0952892056019306,0.062151362899078216,0.01084978438897021,0.0004747398821062626,0.0029077817779008587,0.0336966412153341,0.09856559322704435,101108,Maryland,Cecil County
24017,1.2450955640016104,0.6908789431665427,0.09451999645174718,0.009594599149784033,0.06277432429666123,0.40962531814863085,0.029791676617696227,0.0007028270022040109,0.006530149913681927,0.042708681619368,0.11147898001378359,146551,Maryland,Charles County
24019,1.0436568765712184,0.36814029063707154,0.17692685020540805,0.015506781531669631,0.15968707462137469,0.2772089030596603,0.009228033601079159,0.0002759212704641609,0.00343368692133178,0.034643448402722425,0.147753878226746,32618,Maryland,Dorchester County
24021,1.1218801551085116,0.6870107333376181,0.11103541358699145,0.01791967007305525,0.072412691475459,0.08632945562054116,0.038331512307988945,0.00045846991023416243,0.0031278788268312018,0.0734194571202091,0.08630822460740836,233385,Maryland,Frederick County
24023,0.41107087085091537,0.20553543542545769,0.17380469814267202,0.017123231551317408,0.09676672093564143,0.010000996777087417,0.002525168621457288,0.0,0.0014287138252982025,0.007309698641060571,0.11313875137056849,30097,Maryland,Garrett County
24025,1.3297484744267358,0.8035257693218858,0.12483968205991194,0.011200461143832764,0.07521005938911716,0.12685744161159354,0.023796492202625537,0.0008128221675802406,0.002507903572333004,0.035180087082254334,0.09856792170766178,244826,Maryland,Harford County
24027,1.3662120974624241,0.9003779368479718,0.10117212672205096,0.008091128063117195,0.05346201995924552,0.1748193043872024,0.14358465262901232,0.00042844453733214904,0.003016528205932041,0.058271940366093664,0.08176835083686017,287085,Maryland,Howard County
24029,0.28593355448829033,0.28593355448829033,0.21770559984156063,0.07556065257216417,0.1274318958261128,0.15130960043570826,0.008169530128236867,0.00029707382284497696,0.002079516759914839,0.04490765955339902,0.12011457147101053,20197,Maryland,Kent County
24031,1.262184637010343,0.9762846825969332,0.12324741170042099,0.009159046983001243,0.0676826988084715,0.1721742745506428,0.13938485887194285,0.0005371602744250996,0.0037446862809060104,0.1702015997497368,0.08518545304118126,971777,Maryland,Montgomery County
24033,1.282146579880012,0.9662713395566468,0.0944071251534595,0.022387269926571078,0.09666372564916263,0.6446688749391953,0.040735679043802556,0.0006265780269162169,0.004931551272845197,0.1493734219730838,0.12240535081420398,863420,Maryland,Prince George's County
24035,0.5317377296121176,0.2658688648060588,0.14939955646679778,0.008899313778819197,0.055447047993639906,0.06899870287459726,0.00981212603037784,0.00025105652956190636,0.003117285242060337,0.03037784007699067,0.09794083434453325,47798,Maryland,Queen Anne's County
24037,0.7249098914893819,0.384865574269384,0.10252874437713384,0.027831334937375777,0.083295299141235,0.1429372996928227,0.024688305389392397,0.0006942397124135766,0.004032296411826801,0.03777424846173598,0.09512806345160768,105151,Maryland,St. Mary's County
24039,0.5807329051756706,0.24506989044200983,0.1382697393275406,0.21348326785039667,0.18668137514166983,0.42281828485077444,0.0069512655836796375,0.00026445032111824707,0.0032111824707215715,0.032602946732149606,0.1283928220627125,26470,Maryland,Somerset County
24041,0.6772537187020274,0.3386268593510137,0.23709703033190407,0.010144994971150283,0.09488695675189245,0.1278121856968927,0.01249272140172569,0.0005822878619448415,0.0017203959557461224,0.05486739717325711,0.11650383780636281,37782,Maryland,Talbot County
24043,1.1625110221800177,0.7324221664518754,0.14314589974903344,0.05714086210404938,0.12419873838431797,0.09586244319337991,0.013945601302312961,0.00044767008071627216,0.002129824323407719,0.03461981957539171,0.11083019738180831,147430,Maryland,Washington County
24045,1.359413772497544,0.645620005469296,0.13011860269616035,0.044603416284322364,0.15365743976178178,0.24179352394842657,0.025027093271753113,0.0004760313167836488,0.002390284909807258,0.04535464333100382,0.11305378141047068,98733,Maryland,Wicomico County
24047,1.2740311734753371,0.6370155867376686,0.2324600614140786,0.014290123216853889,0.097633206359078,0.13647141135771756,0.011136160453997745,0.00021378318498075952,0.0028180510747463756,0.0315233023671629,0.12698707583472618,51454,Maryland,Worcester County
24510,0.7338063803368768,1.0,0.11725467396958478,0.040583168394963114,0.2193725696082868,0.6373895020283796,0.02342903248145148,0.00044126717761325994,0.00365575362475219,0.0417995970618692,0.13217177371690295,620939,Maryland,Baltimore city
25001,1.6254354109538278,0.8717205217520195,0.2495692210775958,0.018347685373897575,0.06973939728007116,0.018815311643074185,0.010593455866004594,0.00039372267101460016,0.00613280960498036,0.021710331282887425,0.09284064422293041,215888,Massachusetts,Barnstable County
25003,1.2336170828919593,0.7065287801309261,0.18584198934605506,0.04693343265838026,0.11553450338746675,0.02722166759386979,0.012277185468567814,0.00022862542772007102,0.0019128327452579276,0.03452243958573072,0.09810890191207067,131219,Massachusetts,Berkshire County
25005,1.2144140364956182,0.8352809214186053,0.1420410917679674,0.028939493693973025,0.11456514039231422,0.03252323153104681,0.01868006602405683,0.0003738931395168571,0.0038666022232962784,0.06022415349681279,0.08868081928194278,548285,Massachusetts,Bristol County
25007,1.2783187178711823,0.7585727245237375,0.16322951315391593,0.008661657091019051,0.0798479588751134,0.030904142727547625,0.007741155125491382,0.0006047777441790142,0.01106743271847596,0.023223465376474146,0.08656951920169337,16535,Massachusetts,Dukes County
25009,1.3554784373196045,0.9310255275116093,0.14140042709568207,0.02216607011420167,0.10567370912550343,0.03765681368320911,0.031244996023731125,0.00040771894036134934,0.0036573599996770545,0.16516653905826345,0.08525890018152239,743159,Massachusetts,Essex County
25011,0.7235890825533823,0.4359272543854733,0.15241271086700667,0.020745921369724824,0.1050770750434344,0.011152833043770667,0.012539931625847671,0.000182144258252536,0.0029983747127725158,0.031524967774477386,0.08887280726335257,71372,Massachusetts,Franklin County
25013,1.2473494573777213,0.9079527066387625,0.1418477205549203,0.03190973440635181,0.1708967162182571,0.08984875617596928,0.01967248484325444,0.0005027077175343589,0.004036764547239423,0.20879846382877731,0.10189858896632074,463490,Massachusetts,Hampden County
25015,1.4691232287449392,0.7673140182186234,0.1266573886639676,0.13178420167004049,0.17120076543522267,0.0248292004048583,0.04545167004048583,0.0003352732793522267,0.002074898785425101,0.047159665991902834,0.07059447747975708,158080,Massachusetts,Hampshire County
25017,1.2754794306376551,0.9473536094099801,0.13107375830375528,0.03686457858338018,0.08133633161131938,0.04658485714380757,0.09310384974901618,0.0003240003060372501,0.0017104821084635933,0.06543209465865205,0.07095842217838645,1503085,Massachusetts,Middlesex County
25019,1.0900511207235548,0.851946519858435,0.1206252457727094,0.0056965690129768,0.08646637829335431,0.06763664962642549,0.011600471883602045,9.830908375933936e-05,0.0005898545025560362,0.09408179315768778,0.07323623672827369,10172,Massachusetts,Nantucket County
25021,1.5962063054334055,0.9874502496832377,0.1450458373705001,0.026253307743906985,0.0641648908101662,0.05686517105165089,0.0861638220168443,0.0001922933591712007,0.0016262949988820154,0.03280017887754341,0.07780919579637773,670850,Massachusetts,Norfolk County
25023,1.45564829800432,0.8502158939139536,0.1391055910159036,0.023884104671673546,0.0780487170627921,0.07194712670154106,0.012070662067934348,0.0002747924407832393,0.0024509061078681563,0.03155869950436334,0.08440605230350826,494919,Massachusetts,Plymouth County
25025,0.42655691202176255,0.9992589760850114,0.10488189325377369,0.06539759257258572,0.2038034333646364,0.21645516320532318,0.08231321349522282,0.00040306160609661845,0.004133112826777695,0.19869413579990416,0.08449963295077108,721974,Massachusetts,Suffolk County
25027,1.2956401085965599,0.8097293601418568,0.12777502279125216,0.03386966158747332,0.106706015387852,0.04171800959737124,0.03984086196014787,0.00030805758422745166,0.0024744788066400182,0.0944484516975726,0.08332578842705297,798552,Massachusetts,Worcester County
26001,0.49543045147139464,0.0,0.31447632973862183,0.011618707731676111,0.16026028148418936,0.0011880826174373972,0.0022847742643026868,9.139097057210747e-05,0.0060318040577590935,0.011332480350941327,0.15252878815573023,10942,Michigan,Alcona County
26003,1.611915425476513,0.0,0.2057077387772107,0.10645636912821582,0.11482845536923238,0.06374336006665972,0.0033329861472763253,0.0,0.041349859389646915,0.01187376314967191,0.12577710655140087,9601,Michigan,Alger County
26005,0.659898750538561,0.36010878931495044,0.12959572023553068,0.008568909773086313,0.10390797788309637,0.012189429843458279,0.005816458423093494,0.00019747235387045813,0.005708746230073244,0.06690722389774523,0.10164942373976735,111408,Michigan,Allegan County
26007,1.0690925062504224,0.4862828569497939,0.19477667409960134,0.017362311642678558,0.14536769376309208,0.0026690992634637476,0.005135482127170755,0.000439218866139604,0.005270626393675248,0.01027096425434151,0.12149283735387527,29598,Michigan,Alpena County
26009,0.0,0.0,0.22120441051738762,0.009588197625106022,0.12117167090754877,0.0017387616624257845,0.002035623409669211,0.00033927056827820186,0.010008481764206954,0.017133163698049195,0.12170004240882103,23580,Michigan,Antrim County
26011,0.0,0.0,0.20296874017233787,0.013019592427196679,0.18081546009182967,0.001824014088936411,0.001824014088936411,0.0005660733379457827,0.01195043713441097,0.014151833448644568,0.1309470406943833,15899,Michigan,Arenac County
26013,3.0,0.0,0.17279909706546276,0.11401841986455982,0.16342776523702032,0.0716704288939052,0.0014672686230248306,0.0,0.1309255079006772,0.009706546275395033,0.12794221218961624,8860,Michigan,Baraga County
26015,0.0,0.0,0.1455224511179085,0.01018501850506143,0.08677161881263415,0.0037010122860088217,0.0037010122860088217,0.00010139759687695402,0.004596691058421916,0.02257786490460176,0.09991942270968178,59173,Michigan,Barry County
26017,0.8258158502751204,0.5463900307132716,0.1624462981692663,0.013349625595011645,0.16085278971151792,0.01579274572937061,0.005363223872841488,0.00012990507650481112,0.005233318796336677,0.04725761104564308,0.11318247023781908,107771,Michigan,Bay County
26019,0.0,0.0,0.20639087018544935,0.014370961483594865,0.09490179743223966,0.0041084165477888734,0.0025677603423680455,0.0,0.014379457917261055,0.01723252496433666,0.11198721825962911,17525,Michigan,Benzie County
26021,1.0658236243168615,0.6218872159833687,0.16292654307997423,0.022495953141640043,0.16479192413894256,0.1532844853424142,0.015630081689655833,0.0007524886329577268,0.005318436609209696,0.04498351539732037,0.12196136162180432,156813,Michigan,Berrien County
26023,0.6888260254596889,0.3780498585572843,0.14716672560113153,0.06957091584158415,0.15204621198727017,0.03078589108910891,0.004596888260254597,6.63012729844413e-05,0.004000176803394625,0.03986916548797737,0.11344108026874115,45248,Michigan,Branch County
26025,1.2850763151322844,0.6786097277922231,0.14770173196421488,0.031398879144447875,0.17134681151117184,0.10923567346818856,0.016004877117212404,0.00041132313839554595,0.006103741571548191,0.045370411176237274,0.11977682047214021,136146,Michigan,Calhoun County
26027,0.2662689078844205,0.13313445394221024,0.15977281854167863,0.009068565582391525,0.12133438509934406,0.05394603484213948,0.006482703229877804,0.0001912301837722066,0.009638001262119214,0.030023138852236435,0.1154131910580766,52293,Michigan,Cass County
26029,0.10536051485606382,0.10536051485606382,0.18624995182858683,0.010750364175883464,0.10792666384061042,0.0030829704420208873,0.003969324444101892,0.000423908435777872,0.014721183860649736,0.013834829858568732,0.10751793903425952,25949,Michigan,Charlevoix County
26031,0.6615555215662282,0.11402569593147752,0.21493576017130622,0.014849078464362191,0.14809987763842153,0.005085653104925054,0.0028296115019883755,0.0003059039461609055,0.02974915876414806,0.008068216579993882,0.1291613643315999,26152,Michigan,Cheboygan County
26033,1.3560228452751817,0.34600207684319834,0.14607995846313604,0.12798995327102802,0.18226843198338524,0.065134994807892,0.005970924195223261,0.0006230529595015577,0.15752855659397716,0.012461059190031152,0.1208613707165109,38520,Michigan,Chippewa County
26035,0.12481407230162322,0.12481407230162322,0.19941149841557265,0.012641560499256289,0.23423637069132772,0.004817952531850223,0.0029425079221367134,0.0002586820151328979,0.006661061889672121,0.015003556877708078,0.13975425208562375,30926,Michigan,Clare County
26037,0.9052691623995118,0.47791249900506755,0.12874426255604787,0.009025202302937041,0.10456555941736755,0.02054867209678703,0.014791329495104932,0.00019898649544984213,0.004417500198986495,0.039094213472712316,0.09065279509697276,75382,Michigan,Clinton County
26039,0.45147079721472216,0.0,0.2080432002273696,0.013998706835299135,0.15533032542276537,0.003623703282648856,0.0036947562881909906,7.105300554213443e-05,0.005400028421202217,0.012931647008668466,0.1312792383117806,14074,Michigan,Crawford County
26041,1.216083519922307,0.4532088807359249,0.19148075211092827,0.016803898135908713,0.13236102943160052,0.0020232539318568075,0.003938600987347919,0.0001888370336399687,0.023577652485904665,0.008578596671072865,0.12289546521352074,37069,Michigan,Delta County
26043,1.4013298685417304,0.42230969122592477,0.18981198410272088,0.017329455823907065,0.13330445582390707,0.003324671354325894,0.0045857535921736475,0.0002675022928767961,0.00554111892387649,0.010317945582390705,0.11239517731580558,26168,Michigan,Dickinson County
26045,1.0642080939875092,0.6206163754303585,0.14020174648985237,0.014469290732096624,0.10589301125660038,0.06320585751538155,0.016787460908137604,0.00016703941202126968,0.004324464777883982,0.047337113373360926,0.09803272116482149,107759,Michigan,Eaton County
26047,1.667247813054383,0.4125221753226892,0.16629962684284577,0.015411326237230072,0.09538802226708265,0.004771517709671499,0.005322077445402826,0.0002446932158805897,0.03664280907811831,0.013121673701596623,0.10093937725576559,32694,Michigan,Emmet County
26049,1.4190493415103336,0.8413940673686485,0.13666332352312524,0.014030644960504712,0.20094636016225598,0.20699147615837574,0.009111044822394521,0.00018555621061334547,0.005284828783291486,0.030494636485988158,0.12973721482476683,425747,Michigan,Genesee County
26051,0.9556671337381286,0.17908298302973688,0.2278141055581504,0.01125563988790285,0.18209068970885878,0.002335357309668379,0.0029581192589132805,7.784524365561264e-05,0.004748559862992371,0.01206601276661996,0.14269659816285224,25692,Michigan,Gladwin County
26053,0.8179217142509283,0.32811834175442867,0.21391611371522493,0.09429414987520544,0.1783290923479637,0.04127351311864613,0.0022523893589821635,6.087538808059901e-05,0.02398490290375601,0.00864430510744506,0.13028599257320267,16427,Michigan,Gogebic County
26055,0.7925873129009265,0.4600280504908836,0.14977122755385924,0.030358203618973168,0.09984913664267814,0.011875474214241372,0.006909157795507323,0.000436851907203458,0.011611063849355069,0.021543696686823165,0.09496044191019244,86986,Michigan,Grand Traverse County
26057,1.105330068744703,0.42652321310857894,0.14763631227045862,0.13090297579809776,0.17657802052924004,0.05541953102928713,0.0034372351445522177,0.00023542706469535738,0.00463791317449854,0.054171767586401735,0.11085031547226669,42476,Michigan,Gratiot County
26059,0.31134338588074023,0.15567169294037012,0.1572995202193283,0.035156104352296096,0.16356309972583963,0.004712131596984236,0.004026730637422892,8.567511994516793e-05,0.003726867717614805,0.017691912268677175,0.11479718557230979,46688,Michigan,Hillsdale County
26061,1.1966528338975646,0.4259036802446216,0.14950311237304795,0.07410991318117288,0.2216068308397947,0.0054057005569509665,0.02877579993447636,0.00046412580539477997,0.005624112700666157,0.011330129955225511,0.09969004586655018,36628,Michigan,Houghton County
26063,1.146174285886829,0.11748897880306781,0.2173440425146446,0.015821722326227427,0.12820239748777099,0.003683797330756688,0.004468868893049097,0.00012078024035267829,0.0032308714294341447,0.01983815447792741,0.12499858083217587,33118,Michigan,Huron County
26065,1.4195948856899725,0.8697104240918041,0.10471802577093844,0.065788035277488,0.19360976860275086,0.11763197903574392,0.05197981905511306,0.0004058976212263093,0.0055045414247006505,0.07306869283163438,0.09301304925247188,280859,Michigan,Ingham County
26067,0.6342696189656521,0.3621782333150771,0.11349659651044519,0.08644044284484782,0.1194436272592129,0.04724199984351772,0.0038807605038729365,0.00010953759486738127,0.004522337845239027,0.043674203896408734,0.10009653391753384,63905,Michigan,Ionia County
26069,0.5612855873604512,0.2806427936802256,0.26094178545215746,0.015440773361146522,0.1632070151041063,0.004712790203577085,0.004867307915169776,0.0005794414184725924,0.006567002742689381,0.01556765944296365,0.14340278904469425,25887,Michigan,Iosco County
26071,0.45002961834645006,0.22501480917322503,0.263010916476263,0.030027096555809426,0.1414768553778455,0.0011847338580011847,0.002707963104002708,0.00016924769400016924,0.009477870864009478,0.013624439367013625,0.14013768299906915,11817,Michigan,Iron County
26073,0.6962068524128515,0.53608965880161,0.0970971825176715,0.09301562059990612,0.29347361010368217,0.023836952966107723,0.016327459430245623,0.0002560054614498443,0.034333176885551334,0.031246888822517103,0.0829575742060275,70311,Michigan,Isabella County
26075,0.9914195496979682,0.5603190055414108,0.14152438719984026,0.060356228470870146,0.13579924242424243,0.07949553192551545,0.007095252358843792,0.00020593080724876442,0.003694273875492986,0.030184464080674954,0.10790814237931205,160248,Michigan,Jackson County
26077,1.3036699409981185,0.7967690777410709,0.1229572046610288,0.03377456966975725,0.16944759937842296,0.10891979019777814,0.020820433745720665,0.0003515345682316613,0.004230398951787833,0.03978332687521721,0.09391261569681741,250331,Michigan,Kalamazoo County
26079,0.0,0.0,0.1653938086632076,0.008042453215181019,0.17122211857984027,0.002914941992654346,0.002448551273829651,0.00011659767970617384,0.008744825977963038,0.012475951728560601,0.1234022619949863,17153,Michigan,Kalkaska County
26081,1.1494386198977136,0.845266186763842,0.11135338570447147,0.01883709074676995,0.12585948571409605,0.09732137226984744,0.02331975931844506,0.0004131943407310055,0.00507117231033716,0.09697123569999104,0.09422209278785042,602622,Michigan,Kent County
26083,3.0,0.0,0.24025974025974026,0.0046,0.11900000000000001,0.0013914656771799629,0.00046382189239332097,0.0,0.0013914656771799629,0.006957328385899814,0.125,2156,Michigan,Keweenaw County
26085,0.0,0.0,0.23710893491637056,0.03440471444665916,0.24097166132247164,0.0916890545107895,0.0014732645809862207,8.666262241095416e-05,0.007799636016985874,0.02105901724586186,0.165498310078863,11539,Michigan,Lake County
26087,0.3416592126269546,0.1951448725642274,0.13336881078816562,0.019422459493427236,0.10060049366500978,0.010439429794268503,0.003498680918035757,0.00010190332770977932,0.004563004563004563,0.041010428107202304,0.10425411293153229,88319,Michigan,Lapeer County
26089,0.24322830292979547,0.0,0.23410724156992813,0.013085493827160495,0.06258434678459554,0.0030403537866224434,0.00423806891468583,0.00018426386585590566,0.035148332412014004,0.03657637737239727,0.1078127879122904,21708,Michigan,Leelanau County
26091,0.9792575982060625,0.48962879910303125,0.1459576342449846,0.054026723861770716,0.12450175189204342,0.025417450846914668,0.005195611260160974,0.0002602811035918792,0.004755135546390101,0.07622232010571417,0.10426890041244545,99892,Michigan,Lenawee County
26093,0.9043361496847492,0.5054181149049274,0.11960191637149314,0.00636468527411075,0.05636393375587815,0.004470428310133892,0.007868837964932833,0.0004199660711621456,0.0039067896356794335,0.01911950797659242,0.08773127144728045,180967,Michigan,Livingston County
26095,2.32378223495702,0.6762177650429799,0.17870607751470366,0.18260945558739256,0.16789684813753583,0.11114462373699291,0.002563715879957774,0.000452420449404313,0.05021866988387875,0.012366158950384558,0.1256189111747851,6631,Michigan,Luce County
26097,1.9039863223252047,0.0,0.2237919553675875,0.00854815081436156,0.15843093674075406,0.005129128048231801,0.001979663457212274,0.0001799694052011158,0.17304058310087286,0.011338072527670296,0.14227589309817332,11113,Michigan,Mackinac County
26099,1.4227051273056346,0.9637948031284449,0.14291099486401349,0.008794973178472856,0.11477577655188487,0.08646627717678901,0.029800375537054852,0.0002128598252646775,0.003145330937570235,0.0227058408022556,0.10371451929948902,840929,Michigan,Macomb County
26101,0.46355072170783973,0.3848299842315934,0.20652569441636678,0.05453454898313993,0.13103796547123275,0.02923219989487729,0.002708931387215461,0.0005660453644927829,0.020862814862734,0.025633768649173168,0.12276565721909997,24733,Michigan,Manistee County
26103,1.026536666815749,0.4823710064552678,0.1465032723586326,0.07091741580571581,0.179189364461738,0.017010301593690835,0.0057396723168895445,0.00019380711719367295,0.017308466389373407,0.011434619914426703,0.09606945748915424,67077,Michigan,Marquette County
26105,1.1264239679498345,0.4050862219125588,0.19191778435812576,0.015405020031353425,0.15133380944086397,0.0059919874586309005,0.004598502003135343,0.0,0.010067932415955409,0.0400627068454973,0.11992280090576554,28705,Michigan,Mason County
26107,0.6312210850974345,0.22865554465161925,0.15367540539277535,0.07885363568391046,0.25483824010467776,0.025164727323706716,0.006518996214776391,0.0002570213561381373,0.006261974858638254,0.01708023739427076,0.103792794055797,42798,Michigan,Mecosta County
26109,0.6273253152440801,0.31366265762204004,0.19089433601065378,0.01589844770901827,0.1295609055724333,0.0029963793749219693,0.0029131466145074702,0.00033293104165799657,0.026967414374297723,0.011569353697615381,0.12295380581796994,24029,Michigan,Menominee County
26111,0.872209401045092,0.4608329646414521,0.14808260292482273,0.015208463571249211,0.10772218967104713,0.012113022994415813,0.018605985961807507,0.0005500484281768287,0.004412344999940212,0.020375706991593825,0.09432403831206879,83629,Michigan,Midland County
26113,0.7842952387366152,0.0,0.1738164186140481,0.013074227220688264,0.1551513906660381,0.0028958179001952996,0.003097851707185669,6.734460233012324e-05,0.005656946595730353,0.020607448313017713,0.12191534783487104,14849,Michigan,Missaukee County
26115,0.7272942553989251,0.44929318975667837,0.13413936232494195,0.009612475250129916,0.10690385538840028,0.02129311082021563,0.005538708467909039,0.00017102900257201308,0.0030719440077357735,0.030699705961676347,0.09970184382420849,152021,Michigan,Monroe County
26117,0.1757443718228032,0.0878721859114016,0.14117015566290927,0.04994040131350447,0.16479686463957563,0.023412585646174735,0.003536358182564491,0.00029995895298538095,0.004704619367875975,0.030501089324618737,0.1088451738183196,63342,Michigan,Montcalm County
26119,0.0,0.0,0.27004608294930876,0.015975391705069127,0.1653115207373272,0.0015360983102918587,0.0015360983102918587,0.00010240655401945725,0.0044034818228366615,0.009831029185867896,0.14816620583717358,9765,Michigan,Montmorency County
26121,1.370827235347411,0.7425139963295933,0.13561920691337376,0.036854038608962296,0.1764312669872465,0.14450484354310406,0.005464956907566149,0.00016261295792970474,0.008171301135967663,0.047976630194903246,0.11336801054661184,172188,Michigan,Muskegon County
26123,0.18782501031778787,0.09391250515889393,0.1553446141147338,0.011485268262484524,0.17775414775072226,0.010214609987618655,0.0038588526619892697,0.00022699133305819234,0.0076764341725134135,0.05495253817581511,0.12023223276929428,48460,Michigan,Newaygo County
26125,1.4396238404074646,0.9392504087787206,0.13234283851286052,0.010395079851159634,0.08728842478388373,0.1364630618732129,0.056412295132414365,0.00021125085456792547,0.0028078066339421903,0.03486470796648597,0.09250914533227098,1202362,Michigan,Oakland County
26127,0.6565299209634926,0.14975536319156943,0.17030485509973656,0.011401392547986451,0.170229544599172,0.004478735415882574,0.0022958223560406474,0.0001505457282649605,0.010726383138878434,0.1365826119683854,0.1290786225065864,26570,Michigan,Oceana County
26129,0.0,0.0,0.2195953730586663,0.011249264943084933,0.16708101755841284,0.0017973178487487903,0.003502465551407899,0.00027651043826904464,0.007235356468040002,0.0142402875708558,0.1422693672519471,21699,Michigan,Ogemaw County
26131,1.7557522123893805,0.0,0.2635693215339233,0.012249365781710915,0.15260457227138643,0.0008849557522123894,0.0016224188790560472,0.00014749262536873156,0.010766961651917404,0.00943952802359882,0.1442772861356932,6780,Michigan,Ontonagon County
26133,0.0,0.0,0.1703502210132608,0.01933757225433526,0.19628425705542335,0.005652839170350221,0.0020826249574974498,0.0002550153009180551,0.005440326419585175,0.014620877252635158,0.12364467868072085,23528,Michigan,Osceola County
26135,0.0,0.0,0.23541666666666666,0.00753287037037037,0.17389560185185185,0.0016203703703703703,0.0008101851851851852,0.00034722222222222224,0.005671296296296297,0.009143518518518518,0.14299097222222223,8640,Michigan,Oscoda County
26137,1.259104452905148,0.5650140705181261,0.1702532693262705,0.014372057606356564,0.1501770402251283,0.0033107101473266016,0.0038487005462671743,0.0004552226452574077,0.006621420294653203,0.012373779175633173,0.11383243668266843,24164,Michigan,Otsego County
26139,1.2698359748446746,0.6929314142099537,0.11760000909776688,0.03131563299608416,0.09570066451605566,0.01468531203445021,0.025541980508034464,0.0002805144787169116,0.004325230002918867,0.08628094662264359,0.08379680516753159,263801,Michigan,Ottawa County
26141,1.5467254784688995,0.19542464114832536,0.26151315789473684,0.017195753588516747,0.1475773773923445,0.004186602870813397,0.0030651913875598086,7.476076555023923e-05,0.006653708133971292,0.008672248803827751,0.1358293211722488,13376,Michigan,Presque Isle County
26143,0.35510654832508487,0.17755327416254243,0.2801341568162297,0.011332533027935703,0.17927301730132114,0.003722033621006994,0.002985807190478138,8.180293672542844e-05,0.0060125158493189905,0.011247903799746412,0.148713689721461,24449,Michigan,Roscommon County
26145,1.1553137598729073,0.6818138672821465,0.15287581993215732,0.03555134011760063,0.1791020038067833,0.1904091043068607,0.010531101219469548,0.00032472560686220143,0.004381297803356164,0.07779925962561636,0.12581314289425435,200169,Michigan,Saginaw County
26147,1.0685046614327773,0.5764904317958783,0.1451852306182532,0.012259613591756625,0.1339911371442591,0.02438665358194308,0.004765701668302257,0.00017787046123650638,0.004471295387634936,0.028876349362119726,0.10790361874386653,163040,Michigan,St. Clair County
26149,0.6688800065258178,0.4570193327351334,0.1485112978220083,0.012483476629415124,0.1552300350762705,0.026103271066155478,0.006819479566033119,3.262908883269435e-05,0.004568072436577209,0.0658128721755445,0.11520784729586427,61295,Michigan,St. Joseph County
26151,0.7401076216542191,0.15278099921139304,0.1757897666651204,0.013137052929442871,0.1555106925824558,0.0034791483044950594,0.003339982372315257,0.00016236025420976946,0.004522892795843577,0.033376629401122605,0.12300250498677924,43114,Michigan,Sanilac County
26153,2.91632292280495,0.39139658220388923,0.21237477902180318,0.016485091337654686,0.2065073659398939,0.0012964054213317618,0.0015321154979375368,0.0,0.08768414849734826,0.007542722451384797,0.13706800235710076,8485,Michigan,Schoolcraft County
26155,0.9946212206998075,0.5413316725172687,0.14303306533801383,0.011619870343109502,0.1150909721435851,0.004600271769901483,0.003623598686445476,0.0003821764239610463,0.004954138829124675,0.023992186615332353,0.09935382459517608,70648,Michigan,Shiawassee County
26157,0.7723985716592797,0.17461285865527823,0.15846327764718549,0.02217400635216853,0.1545892264350697,0.011376482621256437,0.0028710366236609306,0.00030504764126397386,0.0048089863446320585,0.02818999084857076,0.11623564033088697,55729,Michigan,Tuscola County
26159,0.24752812819638595,0.12376406409819297,0.13799207951952583,0.011490200372419943,0.1546381363266805,0.04065147263237955,0.004104487398043484,0.00022292743056466206,0.008772850061632878,0.10173358860709696,0.11684062000052453,76258,Michigan,Van Buren County
26161,1.180760250032632,0.7878058331278734,0.10136763788777538,0.051668865136111145,0.15704398775942335,0.12695102319038157,0.07863265217328247,0.0003712781540514278,0.0034053168191904397,0.04020246261838117,0.07417845136401212,344755,Michigan,Washtenaw County
26163,1.0675105670648142,0.9913063061825912,0.1267212849111378,0.013094779499207641,0.2349537378159477,0.4053369513571709,0.025220336003823094,0.00022136593216754599,0.00384012216323403,0.05231486694699027,0.12996074462446067,1820515,Michigan,Wayne County
26165,1.2281044753322132,0.4815640751489232,0.15882083396975713,0.011872246830609438,0.16197259813655107,0.003940736215060333,0.005956926836719108,0.0005498701695433023,0.006262410264243165,0.015854589888498548,0.11531278448144189,32735,Michigan,Wexford County
27001,1.7908900135785706,0.0,0.27237378101468956,0.01688350203678558,0.12861899765461052,0.0035180841871373905,0.0016664609307492902,0.0002468831008517467,0.024071102333045304,0.009319837057153437,0.12767491667695346,16202,Minnesota,Aitkin County
27003,1.434525032946041,0.8347620026356832,0.09742355913965495,0.009094690246762824,0.06150038386671664,0.04383637001124397,0.038894463856077185,0.00031434754748461513,0.0068219462949305415,0.036331322315048785,0.08340053922694683,330844,Minnesota,Anoka County
27005,1.5948498646320453,0.2350172286487817,0.17342480925424564,0.014090176593650014,0.12217927024366232,0.004245631306916072,0.003845680531626877,0.0002153581097711051,0.07552916564115186,0.012244646812699975,0.1056536118631553,32504,Minnesota,Becker County
27007,1.9747986139237659,0.33292831105710813,0.12947212096665317,0.04678174924620854,0.18745587507312902,0.005895324242833356,0.00695288240853247,0.0004050222762251924,0.20260114306286844,0.015210836596012781,0.09999684982674048,44442,Minnesota,Beltrami County
27009,1.284153858157135,0.6414657616186835,0.11854048009154508,0.0272485214948896,0.1269338898858287,0.01947933733843073,0.01105302852981717,0.00010402850381004395,0.004135133026449247,0.016436503601986945,0.07951764583495878,38451,Minnesota,Benton County
27011,1.8732207249952553,0.0,0.2512810780034162,0.026022774720060732,0.11323325109128866,0.0020876826722338203,0.0007591573353577528,0.0,0.0041753653444676405,0.007781362687416967,0.11592769026380717,5269,Minnesota,Big Stone County
27013,1.2152375298767437,0.6663021573742833,0.11813225438582788,0.07075362192054739,0.1939528377048412,0.027197600487400997,0.019511661693718464,0.0003436801899614141,0.0027806851733241686,0.02477621733085467,0.07121322231421742,64013,Minnesota,Blue Earth County
27015,0.8194492720040165,0.5691113428339706,0.18920171474916,0.04290048275595721,0.07722326497508979,0.0023558490711775384,0.005908932916232186,7.72409531533619e-05,0.0008110300081103001,0.033213609855945625,0.09528107982852507,25893,Minnesota,Brown County
27017,2.0412027355451308,0.25707907081896797,0.1502571638501102,0.05607874865766122,0.12310959136381619,0.014073362346690781,0.00452156219974001,0.00011303905499350026,0.05894986717911038,0.01367772565421353,0.09686992030746623,35386,Minnesota,Carlton County
27019,1.482260934513741,0.7902286856615628,0.08465323696755343,0.009180833022121658,0.03978740581270183,0.012345950220777224,0.027218206981393205,0.0001647591221633971,0.00228465982733244,0.03860855429362273,0.06790505480986798,91042,Minnesota,Carver County
27021,0.9234081282598803,0.0,0.21104771239542128,0.007801449224629818,0.14656873315363883,0.0021353309763013266,0.0030804774740084712,0.00010501627752301607,0.11187734098785311,0.01190184478594182,0.12152928203871599,28567,Minnesota,Cass County
27023,1.4894301101197653,0.4748814403986818,0.19291053773812394,0.019032039225142672,0.09985644240816653,0.00522466039707419,0.004581625271280444,0.007796800900249176,0.009565147496181979,0.04911180773249739,0.10634547062133269,12441,Minnesota,Chippewa County
27025,1.0226214114721548,0.5113107057360774,0.11592777478798226,0.031045467366897398,0.0569540334403474,0.011969491714142558,0.008870414014511848,0.00018557351494794664,0.006012581884313471,0.015495388498153543,0.08230972219644812,53887,Minnesota,Chisago County
27027,1.373938541331209,0.6818590145595688,0.1199681350531365,0.06343981592908354,0.13008544212613773,0.014271428329293716,0.014339226088577772,0.00035593823624129224,0.013610400176274174,0.03484804827200461,0.07254019559653553,58999,Minnesota,Clay County
27029,2.0725704427832086,0.0,0.18642898217366302,0.01321159286946521,0.16886509488211615,0.0034502587694077054,0.0024151811385853938,0.00011500862564692352,0.0899367452558942,0.013801035077630822,0.11461391604370327,8695,Minnesota,Clearwater County
27031,2.4157650695517776,0.0,0.20305255023183927,0.00983693972179289,0.1310305255023184,0.0032843894899536323,0.005216383307573416,0.000579598145285935,0.08616692426584235,0.011205564142194745,0.10762364760432767,5176,Minnesota,Cook County
27033,0.6178660049627791,0.0,0.21237272182767178,0.02085131342517327,0.12377701719859673,0.007444168734491315,0.027124155044066057,0.0014546076837511765,0.0023102592624283393,0.06160691366475571,0.11409266706597074,11687,Minnesota,Cottonwood County
27035,0.9044,0.353424,0.185024,0.0120029472,0.105140224,0.005008,0.003712,0.000256,0.008416,0.010432,0.097767872,62500,Minnesota,Crow Wing County
27037,1.5641070675846565,0.9612999056584837,0.09990164395110299,0.007161189255103474,0.06404963216844979,0.04694243160240069,0.04378600533932837,0.0005419619020855497,0.004132459503402316,0.06013268030269576,0.0742032708404424,398552,Minnesota,Dakota County
27039,0.6798426843231941,0.4806591327724399,0.12246726738686713,0.007431383481853936,0.05480161298352169,0.0029870065216309055,0.004480509782446358,0.00019913376810872703,0.002688305869467815,0.04555184945487131,0.07891243092547419,20087,Minnesota,Dodge County
27041,1.026271209975284,0.2387458690882835,0.1963120331028354,0.014514426948818354,0.08251234413618819,0.004165625260351579,0.004554416951317726,0.0001110833402760421,0.002915937682246105,0.009469854758532589,0.09373623260851453,36009,Minnesota,Douglas County
27043,0.7368240225383083,0.229712086854944,0.218442932728647,0.023102672988387276,0.1158968597540026,0.003229574658146087,0.002954717240431526,0.0,0.004260289974575689,0.056139627568199,0.1090328454614169,14553,Minnesota,Faribault County
27045,0.0,0.0,0.19169941531678328,0.017202554394709097,0.11016088373430462,0.002348317837630595,0.003402664621872903,0.0,0.001054346784242308,0.009920444742643536,0.10572476756445892,20866,Minnesota,Fillmore County
27047,1.3149256119020956,0.4284114541673332,0.201855703087506,0.020390715085586306,0.1224122540393537,0.0073908174692049276,0.00761478163493841,0.0005759078547432411,0.0021756518956966885,0.0879859222524396,0.11049150535914253,31255,Minnesota,Freeborn County
27049,0.6263343654591517,0.31316718272957583,0.16443279994803284,0.019509947383236255,0.09951889223307278,0.009635580191845483,0.005932919039473399,0.00036810081631769264,0.011541043241019422,0.02905831149990256,0.0917307667323474,46183,Minnesota,Goodhue County
27051,3.0,0.0,0.22166832834828848,0.018319341974077766,0.10411033565968761,0.0031571950814223994,0.002326354270521768,0.00016616816218012627,0.0014955134596211367,0.015619807244931871,0.10951379195746097,6018,Minnesota,Grant County
27053,1.2698015055209666,0.9716224483155086,0.11351194220882053,0.021768513439052433,0.1118471232401241,0.11823936481766709,0.0623945159120984,0.00043907412629889145,0.009190185912315334,0.06740221706401718,0.07220496431438055,1152425,Minnesota,Hennepin County
27055,0.9456036159142271,0.4728018079571136,0.17380564461029063,0.013494786356230621,0.076753455615704,0.005308246176486046,0.0046775634624481,0.00010511378567299102,0.0017343774636043518,0.006937509854417407,0.09319256845535291,19027,Minnesota,Houston County
27057,1.9022909731740747,0.1768650871353045,0.20780301546896418,0.007530433718425691,0.10946377521049541,0.002349716075974153,0.002447620912473076,9.790483649892304e-05,0.02726649696495007,0.01600744076757392,0.10740718621499902,20428,Minnesota,Hubbard County
27059,1.4898720118468374,0.4681880685424159,0.12375713983499048,0.012297614766236514,0.07143463084408716,0.006478739158028348,0.00817114448910514,0.0005024328326634229,0.004601226993865031,0.015390310979479585,0.08471123334038502,37816,Minnesota,Isanti County
27061,1.3546096142749344,0.28620888632429314,0.19028807315016202,0.022667137911136757,0.1322939766523148,0.0031958808646633226,0.0031514936304318877,0.0002663234053886102,0.034799591637445074,0.009254738337254206,0.10835418793554974,45058,Minnesota,Itasca County
27063,1.3219364893824275,0.32593025521137736,0.1991038379115527,0.01070356516656926,0.07811094876290668,0.004578219364893824,0.013637249172024158,9.74089226573154e-05,0.0023378141437755697,0.02698227157607637,0.09936206896551725,10266,Minnesota,Jackson County
27065,1.1286409261654042,0.23381981649116326,0.1637416097050311,0.015154338321325204,0.10750760514810026,0.0033869080608411846,0.0032637477677196873,0.00018474043968224647,0.005542213190467393,0.013178151364000246,0.10387536178336104,16239,Minnesota,Kanabec County
27067,1.3757664717441227,0.5652832690167854,0.16174625346243993,0.025034065673903264,0.10601382608489783,0.023296006060749545,0.004072066100049717,0.00044982125523805014,0.0030777243779445537,0.1115083216932219,0.09513482800255688,42239,Minnesota,Kandiyohi County
27069,3.0,0.0,0.22605448154657293,0.02438675307557118,0.10594617750439368,0.002416520210896309,0.0035149384885764497,0.0,0.0008787346221441124,0.01515817223198594,0.11149868189806676,4552,Minnesota,Kittson County
27071,2.6044624746450302,0.5772669220945083,0.1956276763578995,0.018073826158816014,0.16433799113515135,0.005859815190443994,0.003305536774096612,0.000225377507324769,0.023364134926001052,0.01104349785891368,0.11406964164976334,13311,Minnesota,Koochiching County
27073,0.7848188455710153,0.0,0.2377737980438077,0.021179845708775315,0.0854692106350737,0.00234192037470726,0.003995040639206502,0.00041328006612481057,0.00234192037470726,0.014878082380493181,0.11057693897231025,7259,Minnesota,Lac qui Parle County
27075,1.5991165102153506,0.364715626725566,0.22344929136756855,0.020643005705871527,0.08689987115773976,0.0014724829744156083,0.002852935762930241,0.0,0.004693539480949751,0.007362414872078042,0.10347321921590283,10866,Minnesota,Lake County
27077,1.7436341161928306,0.0,0.20296662546353522,0.0131346847960445,0.09402373300370827,0.0034610630407911,0.008158220024721878,0.0,0.0069221260815822,0.00865265760197775,0.11393152039555007,4045,Minnesota,Lake of the Woods County
27079,0.3267516153485182,0.1633758076742591,0.14352236219903983,0.009753943616214851,0.08737263112298307,0.0033931343175829334,0.005811644948200556,0.000180485867956539,0.0029238710608959317,0.05212431866584846,0.08677255170920116,27703,Minnesota,Le Sueur County
27081,0.0,0.0,0.24491180461329715,0.02290444369063772,0.10260379918588874,0.0013568521031207597,0.0023744911804613297,0.0,0.0015264586160108548,0.012211668928086838,0.11090027137042063,5896,Minnesota,Lincoln County
27083,1.6783076149591987,0.5320416134895772,0.13609467455621302,0.042241041110724374,0.14046354952237305,0.022701782882778358,0.026259813590130333,0.0002707197277333024,0.004408864137370925,0.05959701434814557,0.08854882623660904,25857,Minnesota,Lyon County
27085,1.5307085754822516,0.6456031213336607,0.1528744099751712,0.012996995989195383,0.08883713950506127,0.005429592644129765,0.007284930834083654,0.00046383454748847235,0.0027557228997844535,0.04941202150009549,0.0918051622056697,36651,Minnesota,McLeod County
27087,1.367263994088306,0.0,0.1579530759283207,0.014600868280066506,0.209,0.002032144836504711,0.0005542213190467393,0.00018474043968224645,0.40920007389617585,0.018289303528542397,0.1488230186587844,5413,Minnesota,Mahnomen County
27089,2.433626443479182,0.0,0.192393261998093,0.00806242186672317,0.07496959423667762,0.0027545290814704948,0.002012925097997669,0.00031783027863121094,0.004555567327047357,0.035702934632906025,0.10090475685983685,9439,Minnesota,Marshall County
27091,1.760700575815739,0.5170825335892515,0.2071497120921305,0.016705767754318618,0.13032826295585412,0.003071017274472169,0.004990403071017274,0.00028790786948176584,0.0028310940499040307,0.03570057581573896,0.10649500959692897,20840,Minnesota,Martin County
27093,1.4683690987124463,0.30085836909871244,0.16459227467811158,0.015178467811158797,0.0759355364806867,0.0033047210300429183,0.0025321888412017167,0.0005579399141630901,0.001888412017167382,0.032918454935622316,0.09597888412017168,23300,Minnesota,Meeker County
27095,0.7447216155113615,0.21745794535770396,0.16116795033911943,0.020034141855385674,0.12322132812200635,0.0037169023259378473,0.0031804421964210447,0.00026823006475840133,0.06019849024792122,0.014446104916273902,0.10214334981032301,26097,Minnesota,Mille Lacs County
27097,2.124977408277607,0.24444243629134285,0.16040122898969816,0.015928305922043497,0.1108464064100247,0.0039460208446291944,0.0030423519489125852,0.0003313452617627568,0.0019880715705765406,0.012109163202602566,0.09741321766371468,33198,Minnesota,Morrison County
27099,1.4117662079003142,0.6548783290350586,0.17409289380282408,0.016129507443250007,0.13084960294155196,0.020887061767484616,0.016571764165155888,0.00102137221356893,0.002476827617904655,0.1056609554937058,0.10406488266986696,39163,Minnesota,Mower County
27101,1.1161031518624642,0.0,0.2236103151862464,0.018673787965616046,0.07384126074498569,0.0028653295128939827,0.008939828080229226,0.00022922636103151864,0.0012607449856733525,0.027736389684813754,0.10541363896848137,8725,Minnesota,Murray County
27103,1.851345983438751,0.7272588382680967,0.11968710850368197,0.08309570385308766,0.10316252635438627,0.02038072539493385,0.013169554190729368,3.055581018730712e-05,0.0030250252085434045,0.03746142328963852,0.07631613041219788,32727,Minnesota,Nicollet County
27105,1.4901768172888015,0.6067452521283563,0.15997754701094583,0.018027996070726915,0.14327458134530827,0.03475535597343063,0.054635606698475066,0.0004677706052951633,0.005192253718776312,0.22546543175226869,0.1079622509121527,21378,Minnesota,Nobles County
27107,0.8323117338003503,0.0,0.21380618797431408,0.021733391710449506,0.10358172796263863,0.0018972562755399883,0.0036485697606538237,0.0,0.01590776415645067,0.040280210157618214,0.11016287215411559,6852,Minnesota,Norman County
27109,1.1043757972380899,0.7271504630913427,0.1257071155232655,0.019203531418113248,0.0892894667517054,0.04762631024346958,0.054115135045199936,0.00045061283345349673,0.0024471743109089903,0.04215656369585714,0.07893190893461262,144248,Minnesota,Olmsted County
27111,1.608606879220983,0.2535818369020819,0.20997155471790308,0.020732893565781896,0.09252808753468406,0.007503970123728251,0.004729246287279898,0.0005933371725738618,0.004868855033767865,0.02600212903338394,0.10425160986335795,57303,Minnesota,Otter Tail County
27113,1.2244795405599427,0.49325197415649674,0.15879396984924624,0.02349647523330941,0.09939590811198852,0.013783201722900216,0.00624551328068916,7.178750897343863e-05,0.015290739411342427,0.027279253409906678,0.0912427135678392,13930,Minnesota,Pennington County
27115,1.2978823529411765,0.12094117647058823,0.16322689075630253,0.060408823529411765,0.12688460504201682,0.020067226890756303,0.0044033613445378155,0.0002689075630252101,0.030957983193277312,0.024302521008403362,0.1050975462184874,29750,Minnesota,Pine County
27117,1.3194039182992914,0.45268862025844103,0.19810337640683617,0.021367486452688617,0.1120817007086286,0.005835764902042517,0.007190496040016673,0.0,0.010421008753647354,0.036994581075448105,0.1068579616506878,9596,Minnesota,Pipestone County
27119,2.063354430379747,0.537246835443038,0.1651898734177215,0.04208445569620253,0.12699382911392407,0.008544303797468355,0.00689873417721519,6.329113924050633e-05,0.014335443037974684,0.05443037974683544,0.09565746835443037,31600,Minnesota,Polk County
27121,1.3298772169167803,0.0,0.21264211005002273,0.016736807639836287,0.0727843565256935,0.0034561164165529787,0.0035470668485675307,0.00018190086402910413,0.00218281036834925,0.008640291041382447,0.10269768076398364,10995,Minnesota,Pope County
27123,1.2276246461151306,1.0,0.12028350110097515,0.03614516141082101,0.1455910034602076,0.11043173954073608,0.11658737024221454,0.000485608681975464,0.007948647373387858,0.07172656495753381,0.08824887150047185,508640,Minnesota,Ramsey County
27125,3.0,0.0,0.17143555881633651,0.00831041819515774,0.09826974810467105,0.0019564685742235266,0.0009782342871117633,0.0009782342871117633,0.012717045732452923,0.024700415749572026,0.1025431645879188,4089,Minnesota,Red Lake County
27127,1.9316271249766486,0.34298524192041846,0.19702347593249891,0.023235873964754968,0.11484451086618096,0.0046702783485895755,0.031571081636465534,0.00012454075596238869,0.0495672208730307,0.020860576623700104,0.10614652219938975,16059,Minnesota,Redwood County
27129,1.107501589319771,0.0,0.19357914812460267,0.021723140495867772,0.10422581055308328,0.002797202797202797,0.0034329307056579785,0.0003814367450731087,0.005785123966942148,0.06649713922441196,0.10606611570247934,15730,Minnesota,Renville County
27131,0.9514670574662467,0.5607246422001185,0.12286801159926414,0.11346188145053163,0.1081414050076393,0.03230332699323376,0.020485797137600948,0.0006236163512207291,0.004677122634155467,0.07985407377381434,0.08149526051573072,64142,Minnesota,Rice County
27133,1.8195519768762258,0.4093114483328172,0.18942913182615878,0.026848147001135546,0.09498317332507485,0.006090636936099928,0.005471250129038918,0.00010323113451016826,0.003509858573345721,0.02033653349850315,0.09764003303396304,9687,Minnesota,Rock County
27135,1.9779896346535286,0.24480133085930003,0.1439631454347687,0.012232011005182675,0.09741710922003967,0.002495361187535991,0.02508157911574637,0.0001919508605796916,0.012860707658839338,0.0074220999424147414,0.09238300595047667,15629,Minnesota,Roseau County
27137,1.334551956289393,0.6101255581193251,0.15890044249997504,0.04711773346118885,0.15523514928131213,0.01367954211740733,0.00885998821331895,0.00031963880814679413,0.022359733501143706,0.012031404512900423,0.09417378362450432,200226,Minnesota,St. Louis County
27139,1.3725217043285511,0.7384859306692938,0.07708884920879257,0.009895646050120065,0.05793567206452805,0.025983621698171293,0.05654670278923712,0.0007465673295979312,0.008250723477618373,0.04441690782587279,0.06791635367280341,129928,Minnesota,Scott County
27141,0.5532717883817896,0.2766358941908948,0.08256590469948813,0.024576547757601784,0.07324584458581453,0.019084961411993357,0.012779805421530187,0.00020339212872461836,0.004960508028339303,0.02193245121413801,0.07137294206714201,88499,Minnesota,Sherburne County
27143,0.0,0.0,0.1628136083015894,0.015099159332720347,0.07125495862340733,0.003152502298699593,0.005582556153947196,0.00013135426244581636,0.0019703139366872456,0.07211349008275318,0.09695415736240642,15226,Minnesota,Sibley County
27145,1.2346291206967512,0.6058801662219035,0.1210021109650695,0.05452283891610574,0.13514945367161882,0.030920991489757174,0.019795276217787868,0.00040493355106809524,0.0031398945845116234,0.027814288179923263,0.08077569336572801,150642,Minnesota,Stearns County
27147,1.7113681102362204,0.6916010498687664,0.144083552055993,0.016236430993000876,0.09957860345581802,0.02769575678040245,0.007682633420822397,0.00021872265966754156,0.002351268591426072,0.062390638670166226,0.08986687992125984,36576,Minnesota,Steele County
27149,0.7483035163479334,0.0,0.1641990540818425,0.09170324902323668,0.15598601686201935,0.007814106518609911,0.015011309891013777,0.0005140859551717047,0.009150730002056344,0.034649393378572896,0.08283117417232161,9726,Minnesota,Stevens County
27151,1.0801390166615557,0.3395686394766432,0.2009608504548707,0.0153311663089032,0.13234232852908104,0.005008688541347235,0.0021465808034345293,0.00030665440049064706,0.0036798528058877645,0.03577634672390882,0.11208576101400389,9783,Minnesota,Swift County
27153,2.133560956015264,0.15472986543482628,0.17381000200843544,0.013910737095802372,0.13323799959831292,0.0037758586061458124,0.004137376983329986,0.0017674231773448484,0.0034946776461136776,0.05173729664591283,0.10624153444466762,24895,Minnesota,Todd County
27155,0.0,0.0,0.2633501967397414,0.028070489038785833,0.10972681281618887,0.0036537380550871277,0.0011242270938729624,0.0002810567734682406,0.03906689151208544,0.014052838673412029,0.114026419336706,3558,Minnesota,Traverse County
27157,1.1604539582948883,0.3461431998523713,0.17032662852924893,0.01134991234545119,0.059384711201328655,0.0036907178446207787,0.004474995386602694,4.6133973057759734e-05,0.0017530909761948698,0.027311312050193763,0.09400189149289537,21676,Minnesota,Wabasha County
27159,1.231380481109586,0.0,0.21079245828216428,0.034833576536877846,0.15254612439500106,0.008018493101206385,0.002600592357148017,0.0,0.004695513978183919,0.012714007079390306,0.11583125045149173,13843,Minnesota,Wadena County
27161,1.459866220735786,0.5209552675585284,0.14731396321070234,0.07025038670568563,0.09230690844481605,0.019857859531772576,0.006688963210702341,0.0002612876254180602,0.007734113712374582,0.051473662207357856,0.09536663879598663,19136,Minnesota,Waseca County
27163,1.597158766419189,0.8506777639668088,0.10491483857963517,0.014988943292908254,0.046839423690664156,0.03602563241173111,0.0506895219538415,0.0003233446433970504,0.004568817818389492,0.034127557362179595,0.0712963558638761,238136,Minnesota,Washington County
27165,0.4161983765944162,0.4161983765944162,0.18954598162518954,0.013408687895816607,0.1264820265810365,0.007314244938007314,0.007938631701007939,0.0001783962180001784,0.004281509232004281,0.20854517884220855,0.11353295870127553,11211,Minnesota,Watonwan County
27167,1.9884428223844282,0.5057785888077859,0.1777676399026764,0.023117396593673966,0.09309519464720195,0.002281021897810219,0.002737226277372263,0.0,0.009732360097323601,0.019768856447688565,0.09551733576642335,6576,Minnesota,Wilkin County
27169,1.2471580420123978,0.5411670974135754,0.13390723071840813,0.0874342064864655,0.154795398457084,0.012630924389343386,0.021394842696410874,3.8864382736441186e-05,0.002584481451973339,0.024173646062066418,0.079637395309069,51461,Minnesota,Winona County
27171,1.0947714514835605,0.5473857257417802,0.09570168404170008,0.008857032878909382,0.045451234963913394,0.010649558941459502,0.011852445870088211,0.0003528468323977546,0.003360064153969527,0.024474739374498795,0.06973558941459503,124700,Minnesota,Wright County
27173,1.3068595516382449,0.0,0.19457750526920867,0.02778784249856294,0.13523845564284348,0.001532860701283771,0.0031615251963977775,0.0005748227629814141,0.030082391262694002,0.03803410615060356,0.10514485533627131,10438,Minnesota,Yellow Medicine County
28001,1.0503761959315108,0.5251880979657554,0.15840480539988233,0.0718270737220175,0.34087131931758363,0.5352509521008143,0.003932253769699972,0.0001238505124314952,0.003220113323218875,0.06656965043192867,0.18068675109143262,32297,Mississippi,Adams County
28003,1.0745338262676418,0.36422268397333835,0.15889035809698573,0.011752000971476374,0.17503038562214965,0.11390560487897024,0.003157298216261435,0.0002158836387187306,0.002077880022667782,0.027255309388239737,0.1277805542812424,37057,Mississippi,Alcorn County
28005,2.1702079049577336,0.0,0.18201203259462342,0.00882202421750057,0.23991805650750134,0.4132967786154901,0.0009138679460817912,7.61556621734826e-05,0.001675424567816617,0.008377122839083085,0.1693222907623182,13131,Mississippi,Amite County
28007,1.6302392148844818,0.38545287262318545,0.17220404825189123,0.017530172766305457,0.23671830913923533,0.41954610509098345,0.002760171744019628,0.00020445716622367614,0.0022490288284604375,0.01650991617256185,0.16802964628910244,19564,Mississippi,Attala County
28009,3.0,0.0,0.15385496620460534,0.008958620689655172,0.23355573376102648,0.3725512658952916,0.0006873639592164051,0.0002291213197388017,0.002864016496735021,0.016954977660671326,0.14519486768243783,8729,Mississippi,Benton County
28011,1.7581783570068825,0.5667886952701713,0.12045687509152145,0.04581064870405623,0.34640117147459365,0.6419680773173232,0.005535217454971445,0.00032215551325230635,0.0012300483233269879,0.018714306633474887,0.18118380436374285,34145,Mississippi,Bolivar County
28013,0.0,0.0,0.16548589760727175,0.014386900147039163,0.24953869803502204,0.2773024996658201,0.0010693757519048255,0.0001336719689881032,0.0011362117363988772,0.053802967517711534,0.14826413581072048,14962,Mississippi,Calhoun County
28015,3.0,0.0,0.171463621779749,0.031507124657922055,0.14803085778994055,0.32660186845333583,0.0018873266018684532,0.0,0.00141549495140134,0.010002830989902803,0.15275870529395114,10597,Mississippi,Carroll County
28017,0.4858555657773689,0.24292778288868444,0.14443422263109476,0.011836591536338547,0.2121026908923643,0.4208256669733211,0.003047378104875805,0.00011499540018399264,0.0013224471021159154,0.036971021159153634,0.1584763109475621,17392,Mississippi,Chickasaw County
28019,1.4745524745524745,0.0,0.17386217386217387,0.014154580554580555,0.2352928512928513,0.30115830115830117,0.000936000936000936,0.000117000117000117,0.001872001872001872,0.008892008892008892,0.1491076401076401,8547,Mississippi,Choctaw County
28021,2.543002915451895,0.0,0.12130362349021241,0.09362514577259476,0.4379064972927946,0.8438150770512286,0.004164931278633903,0.0,0.000937109537692628,0.0077051228654727195,0.1934643898375677,9604,Mississippi,Claiborne County
28023,1.4175233086301697,0.0,0.16381783409036577,0.003101798948123356,0.19354195553430553,0.3441907721730815,0.0017332058331341142,5.9765718383934975e-05,0.0035859431030360986,0.007889074826679417,0.14620409992828115,16732,Mississippi,Clarke County
28025,1.8044974314238635,0.40011631288165167,0.1430648444315208,0.014687215275758456,0.23170427449840073,0.5823882911699138,0.0022293302316564894,9.69274013763691e-05,0.001308519918580983,0.009644276436948726,0.16535456043423474,20634,Mississippi,Clay County
28027,1.0928836373370043,0.4600971282168942,0.12183090512791098,0.02550065389468854,0.33144281289434435,0.7553057244464839,0.0047034530228289555,0.0001529578218806164,0.0008795074758135445,0.011204160452755152,0.1894121830905128,26151,Mississippi,Coahoma County
28029,2.6272199395565212,0.37278006044347856,0.13681279500152807,0.0348767869876736,0.2383467689904581,0.5087778871948113,0.003056130938232198,0.0001358280416992088,0.001969506604638528,0.0262487690583721,0.1498092634724439,29449,Mississippi,Copiah County
28031,0.0,0.0,0.15111406377759606,0.012272076860179885,0.2413336058871627,0.34878372853638595,0.002197465249386754,0.0002044153720359771,0.0012264922322158627,0.018857318070318888,0.14942017579721997,19568,Mississippi,Covington County
28033,1.4517711408230596,0.8070845632922382,0.10133827797484682,0.0037849905737603255,0.09410095998809317,0.21870116339642298,0.012607595564706173,0.0005333267184282986,0.0026790365390816856,0.05014511447920026,0.09961378463522934,161252,Mississippi,DeSoto County
28035,1.3732484586436065,0.6791976939706942,0.11562174713748098,0.04805614407345131,0.2647527290682467,0.3614113753436357,0.00664584834654496,0.0006005284650492434,0.0024688392452024447,0.03519096805188566,0.11964161795713561,74934,Mississippi,Forrest County
28037,3.0,0.0,0.16198571076619858,0.008237644740083764,0.16612638580931263,0.3438038925843804,0.0006159152500615915,0.0,0.0017245627001724563,0.005789603350578961,0.15139886671593988,8118,Mississippi,Franklin County
28039,1.3780671450084152,0.12281867304455665,0.1275135087253078,0.02498013110107184,0.14985193551244574,0.08100806094428205,0.002081672424484011,0.0,0.0030560722827531225,0.020063778899813978,0.11716733103020639,22578,Mississippi,George County
28041,1.3141666666666667,0.0,0.11229166666666666,0.21126241666666667,0.145,0.26034722222222223,0.0013194444444444445,6.944444444444444e-05,0.002777777777777778,0.009236111111111112,0.11550444444444442,14400,Mississippi,Greene County
28043,2.252990048388569,0.48580297635351044,0.14959371861590431,0.011696809093399069,0.2439916004747558,0.41723728658814935,0.002738975623116954,9.129918743723181e-05,0.0016433853738701725,0.008992969962567333,0.14727722998265316,21906,Mississippi,Grenada County
28045,1.7633226342507227,0.6377563796125566,0.15217737713128002,0.012429096951899655,0.17286184525029025,0.07143344942976167,0.009538118327300872,0.00047804411664276446,0.004848733183090897,0.03291675203168749,0.11897705388240114,43929,Mississippi,Hancock County
28047,1.555698671868737,0.7175115576815158,0.11732449694022073,0.029130490900831085,0.20324596884102508,0.22122872184067768,0.028443921862056066,0.001405627856016675,0.004612383421073728,0.05310921674995323,0.12131416049811604,187105,Mississippi,Harrison County
28049,1.5200399535234523,0.8415802026214404,0.1082455103247243,0.031974069347901424,0.22627651099741117,0.6905028843997798,0.007640092137717349,0.0002283058482989176,0.001528833805573109,0.014799111237947693,0.14535513382391912,245285,Mississippi,Hinds County
28051,0.8043025315136993,0.0,0.12615897489321803,0.030790624023335766,0.4360923012813835,0.8343577455984998,0.001562662777372643,5.208875924575477e-05,0.0009896864256693405,0.0069798937389311385,0.21010896968434212,19198,Mississippi,Holmes County
28053,1.2679466666666668,0.44426666666666664,0.12469333333333334,0.008840906666666667,0.3843880533333333,0.74528,0.0021333333333333334,0.0,0.00128,0.021546666666666665,0.20306453333333332,9375,Mississippi,Humphreys County
28055,0.0,0.0,0.14438122332859174,0.17850000000000002,0.41700000000000004,0.6443812233285917,0.004267425320056899,0.0,0.0021337126600284497,0.005689900426742532,0.185,1406,Mississippi,Issaquena County
28057,0.9298747916755694,0.14379727362078543,0.15815563437459937,0.0399077603521217,0.15631917439425666,0.05944190419212854,0.002222127259518824,0.00012819964958762445,0.0020084611768727834,0.012819964958762446,0.11775060894833554,23401,Mississippi,Itawamba County
28059,1.3675859896325573,0.6523899533178681,0.1241587192485036,0.009228817624652748,0.16287649998568035,0.21503851991866427,0.02164418478105221,0.0005656270584529026,0.0040453074433656954,0.0456654351748432,0.11534342870235129,139668,Mississippi,Jackson County
28061,0.8021333958504279,0.0,0.16029773766264213,0.005103129762044309,0.23344056968702379,0.5257296917125777,0.0009377564177704841,5.8609776110655256e-05,0.0009963661938811393,0.007970929551049114,0.1650181104208182,17062,Mississippi,Jasper County
28063,2.392699974113383,0.0,0.12917421692984726,0.050871498835102245,0.4948783329018897,0.8568470100957805,0.0002588661661920787,0.00012943308309603936,0.0016826300802485112,0.0036241263266891016,0.20022676676158427,7726,Mississippi,Jefferson County
28065,1.6543605349563546,0.0,0.16561223672619524,0.009284912308801152,0.2726980059261632,0.5987827340434051,0.0014414991591254905,0.0001601665732361656,0.0025626651717786495,0.008088411948426364,0.17792095779610795,12487,Mississippi,Jefferson Davis County
28067,1.237746653482297,0.36216184305680593,0.14385229570376493,0.026707197780303144,0.22096961199580853,0.28267190105819323,0.004471862685774163,0.0002804138317812182,0.004840828253907345,0.04721283409832194,0.13674376079224287,67757,Mississippi,Jones County
28069,3.0,0.0,0.15636954858454477,0.06768750000000001,0.2943824598316756,0.6013771996939556,0.0009563886763580719,0.0,0.03682096403978576,0.004973221117061974,0.1852861514919663,10456,Mississippi,Kemper County
28071,1.7948723363814914,0.4252708496124686,0.10470739794302127,0.10638941944203925,0.2688005955523643,0.23655255432831407,0.021245591434183017,0.0004857341977994129,0.002555384257988216,0.02266055627125087,0.08882234799687441,47351,Mississippi,Lafayette County
28073,1.4792841999353192,0.5679686657803011,0.10794494951309785,0.006075538107729347,0.16921835136009197,0.1955334363433828,0.011786266125265012,0.0003593373818678357,0.002227891767580581,0.021650077257537103,0.09849906572280716,55658,Mississippi,Lamar County
28075,1.7201505089645033,0.47217203872366403,0.14101493876228804,0.04791861302500591,0.22345966284995206,0.42772953240054323,0.007226423792377369,0.0003737805409850363,0.002217764543177882,0.018041140778211086,0.15061285057499907,80261,Mississippi,Lauderdale County
28077,2.014076881429345,0.0,0.1486580555340707,0.0,0.18978977492458812,0.3073710263748163,0.002552401577848248,0.00015469100471807563,0.0013922190424626808,0.021192667646376364,0.14073601980044861,12929,Mississippi,Lawrence County
28079,1.7473639991598404,0.25162780928376394,0.1302667506826297,0.07750275152278933,0.25758097038437305,0.40554505356017645,0.002100399075824407,0.0,0.06044948540222642,0.0428481411468179,0.15504440243646292,23805,Mississippi,Leake County
28081,0.7618622602822337,0.4045229767217465,0.12964660475214088,0.01285857315161018,0.16135497527439394,0.2728138945844892,0.006235677240381136,0.00024122542515981184,0.0015920878060547582,0.02401399107465927,0.1166211072247015,82910,Mississippi,Lee County
28083,1.8367732153355818,0.5978896555992202,0.11907045827273571,0.07051346350218152,0.37648194448742145,0.7222823900733361,0.0056935977968252,6.188693257418696e-05,0.00213509917380945,0.022990995451310454,0.17800157811678063,32317,Mississippi,Leflore County
28085,2.332042788723508,0.31581060540881584,0.1417878344661447,0.020476325676101984,0.22340964753792766,0.29949238578680204,0.0033554159855459006,0.00022943015285783935,0.0018067624537554847,0.009463993805385873,0.13377220453698127,34869,Mississippi,Lincoln County
28087,1.0806972348149015,0.5874638250890781,0.1288746884357383,0.022039682831763666,0.23073239766473178,0.4348182472105589,0.006674584720386758,0.0005185767577242844,0.001890295923317553,0.015289650211612774,0.1350238210742903,59779,Mississippi,Lowndes County
28089,1.252502547188639,0.6084367089272397,0.10416688549730575,0.01854817285169585,0.11512838881127695,0.38200476875728706,0.021427896179742233,0.00027310063758495003,0.0017331386615967983,0.029473861117821916,0.10373145804228859,95203,Mississippi,Madison County
28091,1.3875516834022446,0.15475487300649735,0.1468177790903721,0.025579215888954517,0.2865219285292381,0.32309509746012993,0.003137920850561134,0.00033225044300059066,0.001698168930891908,0.012404016538688719,0.15347674246898996,27088,Mississippi,Marion County
28093,1.3760768899418478,0.1346650872280853,0.12726146887788067,0.046757317467154856,0.18256388649580013,0.46949709239715703,0.0020191686409648936,0.00018845573982339005,0.0022614688778806805,0.03209132026706871,0.1430706170579367,37144,Mississippi,Marshall County
28095,1.0414717889102165,0.28411149260590984,0.1576144259104058,0.01102884371029225,0.1851540728324637,0.30874043634594067,0.0019194895779826434,0.00010814025791451512,0.0017032090621536132,0.009597447889913218,0.14001805942307172,36989,Mississippi,Monroe County
28097,1.7637528604118993,0.5011441647597255,0.17189931350114415,0.009070709382151031,0.2734117162471396,0.4546453089244851,0.0035697940503432494,9.153318077803204e-05,0.0014645308924485126,0.008878718535469107,0.1670007322654462,10925,Mississippi,Montgomery County
28099,0.22701846610055262,0.22701846610055262,0.13465426607359482,0.01302144493867098,0.23433420946219166,0.20915891629599676,0.0034371209057824505,0.000303275374039628,0.16225232511120097,0.015804016713842836,0.1498753875185335,29676,Mississippi,Neshoba County
28101,1.0188305709023942,0.1705340699815838,0.14884898710865563,0.027610930018416205,0.2624180478821363,0.30234806629834254,0.0023941068139963165,0.0,0.05027624309392265,0.013213627992633517,0.14658862799263353,21720,Mississippi,Newton County
28103,2.564660025985275,0.21766998700736248,0.13443048938934604,0.01499042875703768,0.28888973581637073,0.715634473798181,0.0019055868341273279,8.661758336942399e-05,0.0017323516673884798,0.007968817669987008,0.1820645300996102,11545,Mississippi,Noxubee County
28105,1.5858278618027732,0.5889324746701349,0.09211050743638691,0.09159870571206814,0.3053866711417843,0.3656520735877158,0.02424954374777118,0.00033563382349856307,0.0019089173711480775,0.014327368840594911,0.09863720081391202,47671,Mississippi,Oktibbeha County
28107,1.5309879851326822,0.20278330019880716,0.12709251735961044,0.009052637796409947,0.20748145907165702,0.48621315584752356,0.0019592589391189096,0.0,0.002189759990779958,0.014233439940069727,0.15457783732388278,34707,Mississippi,Panola County
28109,0.658881684994806,0.21614070279757855,0.14571766307267972,0.02011375864168786,0.1652627431314253,0.12307912741340402,0.004083533330945302,0.0006089479528602643,0.0055879929791883085,0.02930114267292331,0.12721026614607586,55834,Mississippi,Pearl River County
28111,3.0,0.0,0.14138775510204082,0.008327485714285715,0.18699069387755102,0.20008163265306123,0.0017959183673469388,0.00024489795918367346,0.0029387755102040815,0.009714285714285713,0.14316685714285712,12250,Mississippi,Perry County
28113,1.359023859023859,0.37493812493812495,0.14184239184239184,0.02141800316800317,0.33953237303237305,0.5151222651222651,0.005742005742005742,0.00022275022275022275,0.002871002871002871,0.012102762102762102,0.17341597366597367,40404,Mississippi,Pike County
28115,1.3167873952665488,0.18666755683145841,0.12788329939580065,0.007888833995393398,0.191177320826518,0.13789765330306772,0.0018693460626898555,0.0004005741562906833,0.0022365390392896484,0.061721801248456123,0.12140548118970525,29957,Mississippi,Pontotoc County
28117,1.0616790631429023,0.25636967874663713,0.15714511789840166,0.03419449279949359,0.24102037505934484,0.13799651843646146,0.0013055863269504668,0.00011868966608640607,0.001740781769267289,0.012145909162842222,0.13847040670992247,25276,Mississippi,Prentiss County
28119,2.779764076371154,0.22023592362884592,0.14058129636385747,0.01997640763711541,0.35536884348777814,0.6960963152134257,0.0013377112975799586,0.00012161011796181443,0.002310592241274474,0.0066885564878997935,0.20086452632859053,8223,Mississippi,Quitman County
28121,1.2601735667328076,0.5059915123184363,0.11464725280157043,0.039750181828452795,0.10212285954369886,0.18807064123657471,0.011170975236023924,0.0006496395206790145,0.0018359377758319975,0.02679763022800935,0.10005156160630434,141617,Mississippi,Rankin County
28123,1.265425983583357,0.47024483441834136,0.12425700537786584,0.008092191480328333,0.2880431290687801,0.37450467025191053,0.0018044155108972544,0.002158222473818285,0.0030781205774129635,0.10660203792810642,0.15376917633739032,28264,Mississippi,Scott County
28125,0.0,0.0,0.1438161106590724,0.021967249796582586,0.26144690805532955,0.709926769731489,0.0022375915378356386,0.0,0.0006102522375915378,0.007933279088689993,0.20446419853539463,4916,Mississippi,Sharkey County
28127,1.0280696651274406,0.17692615351052612,0.13991200959895284,0.023341322764789292,0.24846958513616696,0.3514525688106752,0.0028360542486274226,0.0012725884448969204,0.0017816238228556885,0.014071192233574519,0.13831011162418647,27503,Mississippi,Simpson County
28129,0.9788975804984537,0.0,0.15281062397671458,0.006508895761324358,0.1700417803650476,0.22897337941907708,0.0007883087744830514,0.00012127827299739251,0.0011521435934752288,0.012006549026741859,0.13546534473349098,16491,Mississippi,Smith County
28131,2.7847183177780277,0.21528168222197233,0.1205442482851681,0.072418812549196,0.1740981108737209,0.19138648375126505,0.0032609917912965252,0.00028111998200832115,0.005060159676149781,0.013437535139997752,0.12258523557854492,17786,Mississippi,Stone County
28133,1.4862478777589134,0.4180645161290323,0.10169779286926994,0.15803855687606114,0.3210759932088285,0.7293378607809847,0.0028522920203735143,0.0003395585738539898,0.001901528013582343,0.01371816638370119,0.16380047538200337,29450,Mississippi,Sunflower County
28135,1.7904799063597348,0.18201326570425283,0.11809077903498505,0.15742904799063595,0.2988042658343088,0.5643776824034334,0.00760827155676941,0.0007803355442840422,0.0027311744049941474,0.056314215112498366,0.16792827415788789,15378,Mississippi,Tallahatchie County
28137,2.1043758221976043,0.203004915876203,0.12383161393062384,0.044339029287544136,0.2035956864917261,0.3030880011078031,0.0022502250225022503,0.00024233192550024234,0.002146368483002146,0.02212144291352212,0.12744817558678945,28886,Mississippi,Tate County
28139,0.12383051457358762,0.12383051457358762,0.14641057934508817,0.012905303166606694,0.1969963566030946,0.15940985966174884,0.0015293270960777259,0.00013494062612450522,0.002428931270241094,0.04430550557754588,0.13589141777617847,22232,Mississippi,Tippah County
28141,0.0,0.0,0.18037054049915785,0.01428818455570867,0.18039753993773286,0.026489052212524882,0.0010718113612004287,5.103863624763946e-05,0.00188842954116266,0.028224365844944622,0.13877588934823662,19593,Mississippi,Tishomingo County
28143,2.5607719428465394,0.43922805715346075,0.09454444238263128,0.009663017257376137,0.21092020783076634,0.734644646502134,0.00565967712005938,0.0008350343291890889,0.001298942289849694,0.02273149007236964,0.15069066617183152,10778,Mississippi,Tunica County
28145,1.2559150880813739,0.147563941917889,0.14457875727869093,0.010428539839315989,0.155367877939117,0.14502100685486843,0.0016952900420137097,0.00040539544482936536,0.0016952900420137097,0.04459349893123019,0.12010783518832462,27134,Mississippi,Union County
28147,1.3720779641261414,0.0,0.15832415981350773,0.008289192514407824,0.2754741306740918,0.44505601243281745,0.0015541021822184809,0.0001942627727773101,0.0035614841675840185,0.015411513306999936,0.16701094346953313,15443,Mississippi,Walthall County
28149,1.0417239046193592,0.40998093207307323,0.12830869538474154,0.010738025136858507,0.21303339962684273,0.4699321345826584,0.008467799807270415,0.0002050314723310028,0.002644905993069936,0.018370819920857852,0.14796430402066718,48773,Mississippi,Warren County
28151,1.5473140778692531,0.7511586522478831,0.12310069030252067,0.010722379099282319,0.33799462228914484,0.7131431253299959,0.005690595850362751,0.00017599780980503353,0.0013493165418385904,0.01034476015409586,0.18840154878072626,51137,Mississippi,Washington County
28153,1.977056923892611,0.2366125222923796,0.13900804935653346,0.006610338844170242,0.21897763532076928,0.3890200992914638,0.0016387911505277872,0.00033739817804983853,0.0018797898491348147,0.011857135971465755,0.1426823155154962,20747,Mississippi,Wayne County
28155,1.3292694821027993,0.0,0.15741734126597093,0.005473500438895933,0.2491548814980981,0.1989661562469521,0.0010728567248610163,0.0,0.0020481810201892128,0.010143372671413246,0.13446220618355603,10253,Mississippi,Webster County
28157,1.7408382263616116,0.0,0.13808463251670378,0.11821765539582911,0.313896132820409,0.7078355942498481,0.00020247013565499085,0.0,0.0012148208139299453,0.004150637780927313,0.18917189714517108,9878,Mississippi,Wilkinson County
28159,2.206063131576206,0.20465673507657048,0.16517345556828836,0.0212472653401396,0.23137785185956872,0.45593290967809147,0.0019272840920929264,0.00020835503698301907,0.011407438274820294,0.009584331701218876,0.15781472028336285,19198,Mississippi,Winston County
28161,1.820082031866225,0.33065152232213285,0.16548351474996056,0.012230343902823789,0.16353478466635116,0.379002997318189,0.0015775358889414735,7.887679444707367e-05,0.0025240574223063575,0.011910395961508124,0.15092301624861965,12678,Mississippi,Yalobusha County
28163,2.444468198824158,0.44122572599323,0.11861749510065918,0.14324260823089258,0.3102372349902013,0.5705683235346517,0.004453946196329948,0.00014252627828255834,0.002921788704792446,0.0463566720114021,0.16363452699091396,28065,Mississippi,Yazoo County
29001,1.2117780294450735,0.5816378334049284,0.12535634787362832,0.11322800796657162,0.2970835708985824,0.015933143281134064,0.01769047526067091,0.0005076736829773109,0.003085093919631351,0.020424102784394892,0.0893469754364041,25607,Missouri,Adair County
29003,1.3087155167428142,0.3896824937828928,0.1550517610317506,0.011088843907234977,0.08635712220230178,0.004164015962061188,0.004337516627147071,0.00011566711005725522,0.002949511306460008,0.016771730958302006,0.09770996472153144,17291,Missouri,Andrew County
29005,0.0,0.0,0.2158311345646438,0.01726684256816183,0.10402110817941952,0.002990325417766051,0.0015831134564643799,0.0005277044854881266,0.001759014951627089,0.009674582233948988,0.11582761653474055,5685,Missouri,Atchison County
29007,1.4130204865055427,0.417603509734028,0.1599749304712288,0.08226612479924791,0.1540486505542716,0.06447569430843354,0.004504680951075247,0.00031336910964001725,0.003564573622155196,0.02604880723882643,0.1179098672098398,25529,Missouri,Audrain County
29009,0.6997218866758435,0.3498609433379217,0.17616653088743434,0.008312593757900947,0.20917501474843386,0.003005871281287749,0.013119083068797933,0.00022473803972244852,0.008905244824002023,0.07711323987976515,0.12779796050228953,35597,Missouri,Barry County
29011,2.5716819867763263,0.4283180132236736,0.1719077568134172,0.0072489598451862605,0.20882696339300116,0.0037897113368811483,0.002338332527011772,0.0003225286244154168,0.011449766166747298,0.018626028059990325,0.12401644895984519,12402,Missouri,Barton County
29013,0.5302363775001466,0.2651181887500733,0.17707783447709544,0.018245011437620973,0.12426816822101004,0.008798169980644026,0.0015836705965159247,0.00011730893307525368,0.006100064519913191,0.016129978297847382,0.11812035896533521,17049,Missouri,Bates County
29015,0.9729219143576826,0.0,0.2590260285474391,0.012809340890008396,0.19206790512174643,0.003043660789252729,0.0028337531486146094,0.00026238455079764903,0.006139798488664987,0.015270780856423173,0.14944196053736356,19056,Missouri,Benton County
29017,1.881582140257219,0.0,0.16654533689234005,0.013170387446412683,0.17080749009140178,0.002588368518967888,0.002103049421661409,0.0,0.006228261748766481,0.007926878589339157,0.1267370379357761,12363,Missouri,Bollinger County
29019,1.607672065026254,0.8504752769887237,0.09266979009112038,0.055321200550903206,0.19729955976930927,0.09290958055114915,0.03777622016453314,0.0005718080200686169,0.0038366473604603975,0.03009677697027828,0.07477744371072663,162642,Missouri,Boone County
29021,1.3815988609993162,0.8348897433885271,0.14014416878734542,0.05038938801134517,0.16810239795517987,0.0522639880718826,0.008094079662784049,0.002073967780630262,0.004439412114213967,0.05239851571170727,0.10542488312911291,89201,Missouri,Buchanan County
29023,1.7431181941393654,0.4421881572183016,0.169766789736879,0.020670306585035287,0.21921323082675143,0.05271767070150021,0.006613076599523298,0.00035051642753657053,0.0054680562695705,0.015562929382623733,0.13254014581483384,42794,Missouri,Butler County
29025,0.9355899830220713,0.0,0.16723259762308998,0.02271222410865874,0.14967794991511035,0.004244482173174873,0.0019100169779286927,0.00021222410865874363,0.0038200339558573855,0.015174023769100169,0.12337627334465194,9424,Missouri,Caldwell County
29027,1.6281467111792836,0.3008887485337905,0.12316159884507805,0.0881328340701976,0.12348648831543807,0.045835964991428314,0.00552648199945863,0.0003834701795542723,0.004894884056663358,0.01594784805558062,0.09658770188577101,44332,Missouri,Callaway County
29029,1.096631971274033,0.19058224626153356,0.2166719694559338,0.017586330166810604,0.15610151811281306,0.0040679969092313984,0.0041816281078132815,0.00018180991773101223,0.00497704649788646,0.0230444070724058,0.12010306349711376,44002,Missouri,Camden County
29031,1.3365620953035389,0.6725823928958427,0.14316674154927717,0.05052346776964347,0.1771271110288871,0.07043370246055448,0.011866691333879536,0.0003039353014245315,0.0024579115680418637,0.019504717604461243,0.09771377223352802,75674,Missouri,Cape Girardeau County
29033,1.7401828940290478,0.44324905863367403,0.19139322216245294,0.009485529854760625,0.15726896180742336,0.016568047337278107,0.0012910166756320601,0.0008606777837547069,0.0022592791823561054,0.012694997310381926,0.11971866594943519,9295,Missouri,Carroll County
29035,1.7851556264964086,0.0,0.16600159616919394,0.006398180367118915,0.17273567438148446,0.0011173184357541898,0.0014365522745411015,0.0001596169193934557,0.0111731843575419,0.016600159616919394,0.11583463687150837,6265,Missouri,Carter County
29037,1.3588431613019964,0.636221074006313,0.1356078730975693,0.01049366191519733,0.10034106033494844,0.03535455075494079,0.0064436357787651544,0.0006835682261404532,0.005468545809123626,0.04008926596835481,0.09098578580188584,99478,Missouri,Cass County
29039,1.9301244457159206,0.35774567300815335,0.22357316549849807,0.01116674295522815,0.1846642826491203,0.0010012873694750393,0.0031469031612072667,0.00021456157917322272,0.005936203690459162,0.014590187383779145,0.14078701187240739,13982,Missouri,Cedar County
29041,0.9086962073809219,0.0,0.21389350019154643,0.027186923764525604,0.11978189247861064,0.019920827480526114,0.0008938832843825821,0.0,0.002426254629038437,0.005107904482186183,0.12467143404418338,7831,Missouri,Chariton County
29043,1.0190772648601172,0.3733951589987342,0.12223915682880834,0.007516204696339541,0.10013409625171141,0.005799385187672755,0.005076076567383948,0.0006845599442019064,0.00634186665288936,0.02451499573764563,0.0910691405543644,77422,Missouri,Christian County
29045,0.8530606527524863,0.0,0.1766353831068777,0.012601764953074662,0.1346034458607648,0.0026614371760750807,0.003221739739459308,0.0,0.0012606807676145118,0.005883176915534388,0.1213923518700098,7139,Missouri,Clark County
29047,1.4528000937194454,0.8294666552521188,0.11248135749012116,0.01192001360734256,0.0806271903541063,0.051843073997810206,0.020505634431082415,0.002640365145377784,0.005298753261031184,0.0590297333952122,0.08507167735278613,221939,Missouri,Clay County
29049,0.506387697054428,0.253193848527214,0.15716145205611531,0.021446782046955597,0.10913614231306948,0.013980619968182038,0.0034710504748589888,9.641806874608302e-05,0.007375982259075351,0.015523309068119365,0.10099701103986888,20743,Missouri,Clinton County
29051,1.6201342281879194,0.6424397947098303,0.12271351493617581,0.06538213449138044,0.10593839978944598,0.11201473878141861,0.012712198973549152,0.0006053428082642453,0.003184629556520595,0.02362152914857218,0.09255811290959337,75990,Missouri,Cole County
29053,2.015112777683086,0.5342310096017272,0.15351400488608602,0.08709240952218625,0.11483875916141127,0.06857564911084597,0.004431566388273394,0.0001704448610874382,0.003295267314357139,0.013181069257428556,0.10164820180671554,17601,Missouri,Cooper County
29055,0.3720440557175251,0.18602202785876254,0.16265792031098153,0.013454304340783934,0.19453583576287656,0.0027129899578879173,0.002955944282474895,0.00044541626174279234,0.0045351473922902496,0.014779721412374474,0.12311839974084873,24696,Missouri,Crawford County
29057,1.8023595078015984,0.0,0.2051249524292782,0.01686047190156032,0.224988202460992,0.00380565774451351,0.0027908156793099072,0.000380565774451351,0.008879868070531524,0.01534948623620449,0.1436047190156032,7883,Missouri,Dade County
29059,1.4643857662275734,0.309828932467068,0.17005424092507598,0.011865971270191334,0.15069464147344577,0.0020861894259998808,0.0023842164868570067,0.0006556595338856768,0.008463968528342374,0.015497407164570542,0.12546080944149726,16777,Missouri,Dallas County
29061,1.224831020988972,0.0,0.17087631922210364,0.018003344005691927,0.1293847978180956,0.002727380528874659,0.0005929088106249259,0.00023716352424997035,0.0037946163879995255,0.01031661330487371,0.12344966204197794,8433,Missouri,Daviess County
29063,0.9289481849208812,0.0,0.13737201365187712,0.27614024201054915,0.14460874961216258,0.11317095873409866,0.0024821594787465093,0.0010083772882407695,0.004343779087806391,0.016987278932671424,0.10676140242010551,12892,Missouri,DeKalb County
29065,2.497541035958357,0.35000319345979436,0.19013859615507442,0.012882761704030146,0.21001462604585805,0.003512805773775308,0.002618637031359775,0.0004470843712077665,0.008622341444721212,0.00945264099124992,0.13137503991824742,15657,Missouri,Dent County
29067,2.679698918444899,0.32030108155510084,0.19847997661502484,0.008993941829874308,0.21248574978076587,0.0021923414206372407,0.0022654194679918153,0.0,0.005627009646302251,0.008038585209003215,0.14475833089739842,13684,Missouri,Douglas County
29069,0.7644665602603824,0.43873814665289645,0.1648671486245423,0.021032360028792288,0.2713584639939912,0.09717397427471598,0.003379964322598817,0.0002816636935499014,0.002222013582449222,0.054048133195631086,0.1459977466904516,31953,Missouri,Dunklin County
29071,0.5779667362944862,0.2589268119654751,0.13794190675127105,0.008441858471603673,0.10974116186497458,0.008414456311827533,0.004069286249162495,0.0003054427935206716,0.003133251881921728,0.013764631695108973,0.09633608560280614,101492,Missouri,Franklin County
29073,0.21035343581658125,0.21035343581658125,0.2011562212587045,0.01643585599789778,0.09951681776376298,0.0017737485218762318,0.003481802654053344,0.00039416633819471815,0.00210222047037183,0.009985547234266194,0.1117544343713047,15222,Missouri,Gasconade County
29075,1.667853962600178,0.0,0.20495696052241022,0.026269634906500444,0.17490234490946868,0.003116651825467498,0.0026714158504007124,0.0,0.00192935589195607,0.005342831700801425,0.11799643811219948,6738,Missouri,Gentry County
29077,1.2186943533909453,0.8140631018918939,0.14024944217113536,0.0408494483490446,0.18875985739931825,0.028680035177742084,0.016480481440833798,0.0011047555364969075,0.0067448232754548035,0.029824765421151707,0.09571661203456723,275174,Missouri,Greene County
29079,2.410291394600916,0.5897086053990839,0.2046584153591268,0.034135678783744274,0.16289952246369752,0.0057499269077088,0.0036058863658512815,0.00029236916479875256,0.004190624695448787,0.017347237111392654,0.12142607932950004,10261,Missouri,Grundy County
29081,1.863012169253098,0.3482192698448141,0.20698894719214023,0.016194473596070114,0.1865151278329798,0.003349335715083175,0.002009601429049905,0.0010048007145249526,0.003572624762755387,0.015741877860890922,0.13111086301216926,8957,Missouri,Harrison County
29083,1.8077406609195403,0.5455280172413793,0.19508800287356323,0.010468839798850577,0.2146664870689655,0.01014727011494253,0.002334770114942529,0.0005836925287356322,0.004983836206896552,0.016567887931034482,0.12570123922413792,22272,Missouri,Henry County
29085,0.0,0.0,0.2956268827256674,0.007774093694816662,0.17146286485925005,0.0025968629895086735,0.001661992313285551,0.0008309961566427755,0.006959592811883245,0.009452581281811572,0.15628575880336554,9627,Missouri,Hickory County
29087,1.065757328990228,0.0,0.2123371335504886,0.020547231270358304,0.12890126221498371,0.0016286644951140066,0.0030537459283387623,0.0002035830618892508,0.009771986970684038,0.007939739413680782,0.12059995928338761,4912,Missouri,Holt County
29089,0.7330441640378549,0.36652208201892744,0.1586159305993691,0.07039729889589905,0.15396589116719242,0.05244479495268139,0.0025630914826498424,0.0003943217665615142,0.004633280757097792,0.012026813880126183,0.10655402208201893,10144,Missouri,Howard County
29091,1.3080445544554455,0.28158415841584156,0.17101485148514853,0.015058831683168314,0.2208486386138614,0.0038613861386138613,0.004900990099009901,0.0003465346534653465,0.006683168316831683,0.017252475247524754,0.1252165594059406,40400,Missouri,Howell County
29093,1.4238005644402634,0.0,0.1786453433678269,0.025955079962370647,0.20961401693320791,0.012982126058325494,0.0010348071495766698,0.0,0.004797742238946378,0.012511759172154281,0.13280921919096894,10630,Missouri,Iron County
29095,1.3242308314185396,0.9273144776210177,0.12458446873558342,0.016643401118763695,0.15487468570928462,0.23935490857199648,0.01595373047318275,0.002388238592452276,0.004972283081925484,0.08371147111047161,0.11321710275507797,674137,Missouri,Jackson County
29097,1.3703366154475145,0.6898146570815304,0.13384552485434908,0.021103928315900654,0.17598324588600048,0.01930939320636435,0.00994003611461279,0.00249565602534837,0.015144288099212973,0.06837075397771797,0.10200583455418895,117404,Missouri,Jasper County
29099,1.1408338019411794,0.6122715822486776,0.11152409558685704,0.009069979381254771,0.10307395774757352,0.00822006738809416,0.006478217735778323,0.00022401740935295544,0.003095097676162262,0.015580639409691267,0.0896479543553099,218733,Missouri,Jefferson County
29101,2.106055708717559,0.5300503850175873,0.10731058085369331,0.0698136819089267,0.169198554995722,0.043331115125011886,0.01524859777545394,0.002357638558798365,0.005285673543112463,0.030630288050194885,0.08170092214088792,52595,Missouri,Johnson County
29103,1.4698620188816267,0.0,0.20043572984749455,0.02107944807552651,0.19142193173565722,0.0033890099249576375,0.0019365770999757927,0.0,0.0016945049624788188,0.00823045267489712,0.1306506899055919,4131,Missouri,Knox County
29105,2.405189620758483,0.5948103792415169,0.15619465294762588,0.00971137162295128,0.1498450423097467,0.006775182030305586,0.004385595007168761,0.000506030193134857,0.006747069241798094,0.02021309493688679,0.11446009389671362,35571,Missouri,Laclede County
29107,0.5097810131511938,0.18672298612983435,0.16461460112039783,0.021699056349420327,0.12893400437374555,0.022228213654474104,0.003984302447500075,0.001437943740451155,0.004194002576315868,0.022168299331955302,0.10688316707108833,33381,Missouri,Lafayette County
29109,1.1318010042967335,0.4043070870217943,0.1630687995030284,0.014487094269296475,0.16933522286069264,0.0026401615157633173,0.00352021535435109,0.0006470984107263033,0.00851581508515815,0.06326034063260341,0.12260032613759901,38634,Missouri,Lawrence County
29111,1.4587209871706983,0.0,0.16296151209479973,0.07659555381451374,0.15549329154833022,0.03163255312897855,0.0024483400254627363,0.0006855352071295661,0.0029380080305552833,0.015571442561943002,0.11825159142101656,10211,Missouri,Lewis County
29113,0.6789750028535555,0.1738386028992124,0.10872046570026253,0.012039291557280372,0.12862624129665565,0.01871932427805045,0.0036715747821785944,0.0002473081459498535,0.003291100711486512,0.01963246204771145,0.09436310542936499,52566,Missouri,Lincoln County
29115,0.7765065433743437,0.23579656766711074,0.1904239479664603,0.011895525429041612,0.15052088394326463,0.0067392837551916,0.002115821644071781,7.836376459525116e-05,0.002429276702452786,0.015124206566883474,0.12210923908784577,12761,Missouri,Linn County
29117,0.7849292530437644,0.5495228693649227,0.18203356367226062,0.08818015136558079,0.1644632444883185,0.024152681803224746,0.002764067127344521,0.00019743336623889436,0.0032247449819019416,0.011911813096413294,0.11565580783152353,15195,Missouri,Livingston County
29119,0.8050080145561669,0.0,0.12507039812849283,0.0068026599662088984,0.19510674522375773,0.005761816055105489,0.008317809643460555,0.011177056708400121,0.02872243642507473,0.11207382056058571,0.12766590131265435,23083,Missouri,McDonald County
29121,1.3861621482718747,0.431067711679301,0.19439804702556854,0.018364268277014005,0.1507882564563793,0.022677630733650263,0.004111525118848773,0.0005781832198381087,0.0021200051394063986,0.00963638699730181,0.11859938327123216,15566,Missouri,Macon County
29123,1.7280386062489776,0.42884017667266483,0.17724521511532798,0.013725118599705545,0.15586168820546378,0.0027809586127924097,0.0034353018158023883,0.000245378701128742,0.003598887616554883,0.019957467691804353,0.11575167675445773,12226,Missouri,Madison County
29125,0.0,0.0,0.17938099389712292,0.007294463818657367,0.162743679163034,0.0026155187445510027,0.0005448997384481255,0.0001089799476896251,0.005884917175239756,0.008173496076721883,0.11932094594594596,9176,Missouri,Maries County
29127,1.364024877523366,0.6244049894027309,0.1565963656578993,0.047536711719537196,0.1878609151871026,0.04923386956672805,0.005316007088009451,0.0007296480316875717,0.0017720023626698169,0.013585351447135264,0.11362072200409992,28781,Missouri,Marion County
29129,3.621664464993395,0.0,0.20158520475561426,0.013490118890356671,0.10897331571994714,0.001585204755614267,0.005019815059445178,0.0002642007926023778,0.004491413474240423,0.007397622192866579,0.11772998678996038,3785,Missouri,Mercer County
29131,0.8938096007758203,0.20817843866171004,0.15746727008243092,0.01095154355907548,0.18087097947308872,0.0040003232584451265,0.0028285113948601907,0.0014546630030709553,0.005495393567156942,0.013859705834814934,0.11359932115726522,24748,Missouri,Miller County
29133,0.5940938849421925,0.5940938849421925,0.15238891210474997,0.13052168825741747,0.24983402980916564,0.23958768630728514,0.001671541997492687,6.964758322886195e-05,0.002089427496865859,0.016088591725867112,0.14427253099317455,14358,Missouri,Mississippi County
29135,1.5405907605561606,0.5213686166463767,0.13795091945921703,0.08430208880630487,0.13470558082911513,0.03722688537194849,0.00358813352982636,0.0006407381303261357,0.003459985903761133,0.03754725443711155,0.10028596142756456,15607,Missouri,Moniteau County
29137,0.9315610859728507,0.0,0.18642533936651584,0.014484581447963801,0.14084966063348417,0.02986425339366516,0.003167420814479638,0.00011312217194570136,0.0029411764705882353,0.009615384615384616,0.12407171945701359,8840,Missouri,Monroe County
29139,1.2670807453416149,0.31186662307943774,0.18682576005230467,0.032189539065053945,0.1700594965675057,0.016426936907486107,0.002533507682249101,0.00016345210853220007,0.0018796992481203006,0.014056881333769205,0.12731252043151356,12236,Missouri,Montgomery County
29141,0.8819839533187455,0.0,0.22052030148310237,0.014668898614150256,0.22440282032579625,0.006370046194991491,0.0036955993192317044,9.725261366399222e-05,0.006564551422319475,0.01774860199367858,0.14434690007293943,20565,Missouri,Morgan County
29143,0.5557607090103397,0.3655834564254062,0.1606351550960118,0.017491395864106352,0.23224873391010759,0.15820848280227895,0.00422029964127453,0.0003692762186115214,0.0023739185482169233,0.01128930154040937,0.13905623549271998,18956,Missouri,New Madrid County
29145,0.6803007881061363,0.3742815844719001,0.15240733730254327,0.015138016656915717,0.1386702171593764,0.007536910210964655,0.013249819320645628,0.008724231682554979,0.023040919571875967,0.043655573527893454,0.11079906735038028,58114,Missouri,Newton County
29147,2.4575524176294397,0.5424475823705606,0.1316645271715875,0.15452414206247325,0.23458258451005562,0.02421908429610612,0.016174582798459562,0.00012836970474967908,0.0019255455712451862,0.01292255027813436,0.08581570389388105,23370,Missouri,Nodaway County
29149,1.7620623104494073,0.0,0.19786784302913335,0.011129096590386914,0.23919943019943019,0.0013785497656465398,0.002940906166712618,0.00036761327083907727,0.011579818031430935,0.012039334619979782,0.14956263211101922,10881,Missouri,Oregon County
29151,1.495244271508863,0.0,0.1496613344862372,0.029170752269779505,0.07221753855022336,0.002017581784118749,0.0010087908920593746,0.0005043954460296873,0.0023058077532785706,0.0060527453523562475,0.09539004179276553,13878,Missouri,Osage County
29153,3.0,0.0,0.23439267715725598,0.012657430834104701,0.26215468476807574,0.0011313380643834206,0.0013370358942713155,0.0,0.007199424046076314,0.013164661112825259,0.16238198087010183,9723,Missouri,Ozark County
29155,0.9042960209881942,0.5397354613030171,0.14719064276344557,0.011053355924792303,0.2813876803672934,0.2677634455618714,0.002240926978574552,0.00038259728902492355,0.0027328377787494535,0.018637953651071272,0.1554427197201574,18296,Missouri,Pemiscot County
29157,1.0167624268620525,0.4112592904960202,0.1560276211058985,0.015094723525380842,0.08094127879394866,0.00395340256180486,0.004480522903378841,0.0003162722049443888,0.003215434083601286,0.016762426862052607,0.10589684254915398,18971,Missouri,Perry County
29159,1.1684083315561242,0.5559820857325656,0.14698703822184309,0.020155804364825478,0.17079161631240966,0.02995189687448165,0.00599511859908533,0.0007345797492950404,0.004194213407265231,0.07217838439847397,0.11090057107651477,42201,Missouri,Pettis County
29161,1.1779829922933829,0.5594826822570644,0.13634954380370273,0.06646148906014704,0.23508818318717334,0.022322614934892373,0.029143413942776152,0.0007307998937018336,0.0055585082823987955,0.020440251572327043,0.09693914429976083,45156,Missouri,Phelps County
29163,2.4273601209764526,0.3737308273925254,0.15570317563188593,0.1167654839058112,0.14267860228991144,0.07199179088356017,0.0023223158349535535,0.00016202203499675956,0.002106286454957874,0.01787643119464247,0.11779320587599915,18516,Missouri,Pike County
29165,1.463761462753748,0.8031485483311126,0.11157640156307734,0.00972613003997268,0.07009606879331774,0.05900728913571676,0.022964696397980093,0.003269474084939145,0.005027376247046836,0.04953477175263965,0.08303532599567802,89311,Missouri,Platte County
29167,0.9056749205125735,0.0,0.16138356296367665,0.04853437068439478,0.14613344252818192,0.007547291004271445,0.003372193852972348,0.00028904518739762984,0.006326877990814786,0.01975142113883804,0.11128265407714294,31137,Missouri,Polk County
29169,1.4723954547193634,0.7361977273596817,0.07208172322760838,0.19108307762941423,0.13285572177373073,0.11447373455255003,0.025748938286719977,0.005700730764816161,0.007843287293874584,0.09000650418946321,0.07364177220032904,52274,Missouri,Pulaski County
29171,1.641895963044788,0.0,0.21610765213898372,0.011453344044988953,0.18298634263908417,0.0018075918859208676,0.004820245029122314,0.0002008435428800964,0.0014059048001606748,0.00723036754368347,0.129,4979,Missouri,Putnam County
29173,1.1215697845972263,0.0,0.16484705419494441,0.005325140159339038,0.12421923871348482,0.010622602537621718,0.001967148618078096,0.0011802891708468574,0.001377004032654667,0.00963902822858267,0.11482708763647095,10167,Missouri,Ralls County
29175,0.9818997403006217,0.49094987015031083,0.1418509482962147,0.09658532305028723,0.15451046667191312,0.058629102069725346,0.0041709294089871726,0.00011804517195246714,0.002911780908160856,0.016250885338789642,0.11174238608640906,25414,Missouri,Randolph County
29177,0.9881671916233932,0.27381459095939387,0.14825061717885418,0.013247003490252828,0.14886051757895633,0.011917936494424108,0.0025964075934281094,0.000723589001447178,0.005065123010130246,0.017664084447092873,0.10511126244998723,23494,Missouri,Ray County
29179,1.3700716845878136,0.0,0.20056750298685783,0.015080286738351253,0.1804883512544803,0.006720430107526882,0.0017921146953405018,0.00014934289127837514,0.006123058542413381,0.009557945041816009,0.13306302270011947,6696,Missouri,Reynolds County
29181,0.6293617021276596,0.0,0.1876595744680851,0.004482510638297872,0.2680693617021277,0.003475177304964539,0.0033333333333333335,7.092198581560284e-05,0.008794326241134751,0.010070921985815603,0.14540971631205674,14100,Missouri,Ripley County
29183,1.6135362457140956,0.9282215022025943,0.11200774514264156,0.015052648938649148,0.05886741991322777,0.04149976143185273,0.021776278558826467,0.0004799103427613986,0.002360715038670232,0.027693323420734346,0.07973318094561756,360484,Missouri,St. Charles County
29185,0.0,0.0,0.23406425293217745,0.021110260071392148,0.17640203977562469,0.005405405405405406,0.001223865374808771,0.00010198878123406426,0.006935237123916369,0.017338092809790925,0.14118266190719023,9805,Missouri,St. Clair County
29186,2.0531275833562965,0.274951777349132,0.16042987048773766,0.015253353540920361,0.14849137503444476,0.006503168917057041,0.0027004684486084322,0.00011022320198401764,0.0029209148525764675,0.008211628547809314,0.10761807660512537,18145,Missouri,Ste. Genevieve County
29187,1.2363408252880246,0.5798742330819014,0.14311724475588672,0.10177318655426185,0.16485806086384427,0.04245780994201258,0.003733227252558944,0.0004896035741060909,0.0037638274759405742,0.011903486895454337,0.10983220367508684,65359,Missouri,St. Francois County
29189,1.5276208914524592,0.9956194179111351,0.1496495334119489,0.019473011870416456,0.09781202838168725,0.23327300356172556,0.03463322635476709,0.0003073214582453246,0.001964054400903345,0.025050202511827373,0.10480707119647151,998954,Missouri,St. Louis County
29195,1.3276422764227642,0.5593495934959349,0.1582798459563543,0.06351096705177578,0.16193337612323494,0.052845528455284556,0.005305947796320068,0.006760804450149764,0.003209242618741977,0.08237056054771075,0.1147089430894309,23370,Missouri,Saline County
29197,3.0,0.0,0.1963439404197698,0.010580997517490408,0.15716587677725116,0.00022568269013766644,0.0022568269013766643,0.0,0.001579778830963665,0.006544798013992327,0.1253170841796434,4431,Missouri,Schuyler County
29199,0.0,0.0,0.1814990708238695,0.01567891802601693,0.15854367127813337,0.0006194507536650836,0.0022713194301053068,0.0,0.0024778030146603344,0.00681395829031592,0.12722630600867232,4843,Missouri,Scotland County
29201,1.373861345717129,0.6108800489908397,0.14983031818529766,0.01425900334260417,0.2079652981551887,0.11400576663009364,0.003393636294047103,0.0002551606236125641,0.0021178331759842822,0.01798882396468577,0.12400701691714934,39191,Missouri,Scott County
29203,1.2058997749081863,0.0,0.17320222722426254,0.009459803340836391,0.286166567942187,0.002013979386328634,0.0017770406349958536,0.0,0.009122141926312048,0.016467243217628245,0.14300983295818032,8441,Missouri,Shannon County
29205,1.7421936293739213,0.0,0.19441393378314764,0.03105940687274439,0.15197206966891574,0.005021183116271772,0.0020398556409854073,0.0,0.0017260316962184215,0.011140750039227994,0.12318750980699829,6373,Missouri,Shelby County
29207,0.4481446876668446,0.28236785904965295,0.17839028296849974,0.022986211959423387,0.15987997197010145,0.009176454885210891,0.001701815269620929,0.00013347570742124932,0.0036372130272290444,0.01187933796049119,0.11986201948745329,29968,Missouri,Stoddard County
29209,0.3588596981553941,0.17942984907769705,0.24439475808955965,0.009313610955841252,0.12396618222470655,0.001645860505558661,0.002981181293087386,0.00031053971802993605,0.0056518228681448355,0.01717284640705546,0.13640115520775106,32202,Missouri,Stone County
29211,1.6546023235031277,0.0,0.17039022937146261,0.016099925528745906,0.16617724158474828,0.00506404527852249,0.0011915400655347036,0.0013404825737265416,0.0065534703604408695,0.18588025022341376,0.1250747691391123,6714,Missouri,Sullivan County
29213,1.3062215771649734,0.5806869859700048,0.17706821480406387,0.03374983841315917,0.17239185292694728,0.00868892114175133,0.006521528785679729,0.0008901790033865505,0.007934204160619254,0.04826318335752298,0.11352510885341073,51675,Missouri,Taney County
29215,1.6552599200246079,0.0,0.18002153183635805,0.07292784143340511,0.24572181636419563,0.03368194401722547,0.003114426330359889,0.00030759766225776686,0.006920947400799754,0.016341125807443863,0.13548654260227622,26008,Missouri,Texas County
29217,1.7975329646958742,0.4369771728342549,0.1642799754241694,0.04091993477952644,0.13249312349354886,0.004820643697717284,0.00491516612316272,0.0003780897017817477,0.007325487972021362,0.015879767474833405,0.12013048820832742,21159,Missouri,Vernon County
29219,0.517454556638883,0.2587272783194415,0.14606465106265187,0.00975859502352905,0.1341825731245963,0.019100052286777598,0.004182942207732292,0.0003383262079783471,0.004090671423738197,0.0294343800941162,0.10714012856395903,32513,Missouri,Warren County
29221,1.841913077991665,0.0,0.13407422107561023,0.04330691803929352,0.20200396904147647,0.0221075610240127,0.001905139908712046,0.00019845207382417147,0.0039690414764834295,0.010121055765032744,0.12088390553681286,25195,Missouri,Washington County
29223,2.1036165964055913,0.0,0.214111382294209,0.00984199393535981,0.2397796021004364,0.0028104430145699283,0.0023666888543746765,0.00014791805339841728,0.004141705495155684,0.010354263737889209,0.1531308335182309,13521,Missouri,Wayne County
29225,0.2824705817358157,0.14123529086790784,0.13126346610684492,0.02427959228771891,0.165480885033976,0.00900502734655544,0.0020440859621015414,0.0002209822661731396,0.006739959118280758,0.01690514336224518,0.11686437213413624,36202,Missouri,Webster County
29227,0.0,0.0,0.23675725472132658,0.024,0.152,0.0055274067250115156,0.0027637033625057578,0.0,0.0023030861354214646,0.010594196222938737,0.125,2171,Missouri,Worth County
29229,1.2093542386393834,0.3001328727079458,0.17491363273983523,0.01036338559659846,0.24786106829657184,0.004677119319691735,0.0028700504916290195,0.0004251926654265214,0.005633802816901409,0.01264948179643901,0.14150746744618656,18815,Missouri,Wright County
29510,0.8922842270759864,0.9922641828534203,0.11016492636880117,0.03751184738830044,0.24730606588285406,0.49221094038722935,0.029098573728288037,0.0002317613234197949,0.0026245403922403802,0.034858155806247536,0.1235448364203524,319294,Missouri,St. Louis city
30001,1.0679212632489725,0.47696301103179756,0.16926238373350638,0.04803017521090201,0.16212134977287473,0.0024875621890547263,0.003893575600259572,0.004109885355829548,0.013735669478693488,0.03655634869132598,0.08605645684620375,9246,Montana,Beaverhead County
30003,2.0571317528177224,0.0,0.10027205596579868,0.010659626894675476,0.25940722891566265,0.0024096385542168677,0.0045860862806062965,0.0002331908278274388,0.6432180334240186,0.03964244073066459,0.129560823940925,12865,Montana,Big Horn County
30005,0.8195963641965799,0.0,0.1351101525188723,0.03391371129255893,0.2856592204590972,0.0010784162686797104,0.0009243568017254661,0.00015405946695424435,0.4942227699892158,0.0177168386997381,0.12355677091357263,6491,Montana,Blaine County
30007,1.8897006414825375,0.0,0.17765502494654312,0.00925249465431219,0.06997808267997149,0.0026728439059158947,0.0016037063435495368,0.0019600855310049894,0.01300784034212402,0.022451888809693513,0.0922916963649323,5612,Montana,Broadwater County
30009,0.672454852153205,0.0,0.18803333994840246,0.005248898590990275,0.10044552490573527,0.0032744592180988293,0.002182972812065886,0.0002976781107362572,0.008334987100615202,0.01865449493947212,0.09013613812264337,10078,Montana,Carbon County
30011,4.0,0.0,0.23189655172413792,0.0095,0.133,0.0008620689655172414,0.0008620689655172414,0.0,0.009482758620689655,0.006896551724137931,0.102,1160,Montana,Carter County
30013,1.4577569564843165,0.7435538013205947,0.15603674056586372,0.031498451928633785,0.1307653546792578,0.012418999840151487,0.008410490980855067,0.0010943475106668142,0.04287628954713687,0.033334562937277906,0.08861534299802033,81327,Montana,Cascade County
30015,3.6344400481678996,0.0,0.17340443832788577,0.02325110958197144,0.1886614484775503,0.0005160846378806125,0.003612592465164287,0.001032169275761225,0.2179597453982453,0.016170651986925855,0.10388216067435059,5813,Montana,Chouteau County
30017,1.495768869134114,0.8371655697068126,0.17471578767416018,0.035311864261902734,0.09951012907086076,0.0029062313018206683,0.0031626634755107276,0.000769296521070177,0.016753568681083852,0.02248055389349517,0.09134045644926918,11699,Montana,Custer County
30019,0.0,0.0,0.24842946887492862,0.023399999999999997,0.042,0.0017133066818960593,0.002284408909194746,0.0,0.0211307824100514,0.015419760137064534,0.099,1751,Montana,Daniels County
30021,2.3247825117109078,0.8376087441445461,0.17912112424715593,0.0555324559446799,0.09546040597813964,0.0030113763105063572,0.0030113763105063572,0.00044612982377871963,0.017399063127370065,0.019852777158153024,0.08506134285076958,8966,Montana,Dawson County
30023,0.6589589158958916,0.6589589158958916,0.19165411916541192,0.08719695633469564,0.1918558829855883,0.004086900408690041,0.003118950311895031,0.00043020004302000433,0.030651753065175306,0.029146052914605293,0.10715960421596042,9298,Montana,Deer Lodge County
30025,3.0,0.0,0.17439446366782008,0.0118,0.09699999999999999,0.0006920415224913495,0.0058823529411764705,0.0006920415224913495,0.004152249134948097,0.011764705882352941,0.08199999999999999,2890,Montana,Fallon County
30027,2.8650094942171584,0.5674952528914207,0.21491455204557225,0.04013739858449854,0.13881261867771447,0.0021577766269635767,0.002330398757120663,0.0,0.012342482306231658,0.014759192128430864,0.09897246677023994,11586,Montana,Fergus County
30029,0.9985812950906211,0.4255234911138483,0.14410302657047333,0.010911832438852718,0.11817919672708077,0.0022105402076368114,0.0058397853246524726,0.0006378673235966918,0.011305648425127574,0.022765264824916417,0.07933889450994194,90928,Montana,Flathead County
30031,0.7574653960877191,0.5593265782623753,0.09462312736697463,0.03642545663758337,0.13057855283590095,0.0032285813233831956,0.011473193837766581,0.0007596661937372225,0.008724989666305452,0.027593757331337346,0.05074381374772379,89513,Montana,Gallatin County
30033,4.0,0.0,0.20563847429519072,0.0,0.053,0.0024875621890547263,0.0008291873963515755,0.0,0.0041459369817578775,0.0024875621890547263,0.10099999999999999,1206,Montana,Garfield County
30035,2.078953271028037,0.392,0.10564485981308411,0.05156473271028038,0.33737293457943923,0.0012710280373831775,0.0019439252336448597,7.476635514018692e-05,0.6574205607476635,0.01801869158878505,0.13656381308411214,13375,Montana,Glacier County
30037,4.0,0.0,0.21380090497737556,0.1007,0.14499999999999996,0.0,0.006787330316742082,0.0,0.010180995475113122,0.03506787330316742,0.11199999999999999,884,Montana,Golden Valley County
30039,4.0,0.0,0.24455992205261448,0.013000000000000001,0.08199999999999999,0.000974342318934719,0.000974342318934719,0.0003247807729782397,0.004222150048717116,0.014290354011042547,0.102,3079,Montana,Granite County
30041,2.1733971172962225,0.6691724652087475,0.12661530815109345,0.03683723906560636,0.1891416500994036,0.003106361829025845,0.0041625248508946324,0.0004348906560636183,0.2172589463220676,0.023173459244532804,0.09448937624254472,16096,Montana,Hill County
30043,1.3947045414694021,0.0,0.1407154129405576,0.020171059091706117,0.08954252147992285,0.0014027704716815712,0.003506926179203928,0.00017534630896019637,0.014290724180256006,0.019638786603541996,0.08463229879011047,11406,Montana,Jefferson County
30045,3.0,0.0,0.208011583011583,0.0,0.13699999999999998,0.00048262548262548264,0.0009652509652509653,0.0,0.008204633204633204,0.011583011583011582,0.096,2072,Montana,Judith Basin County
30047,0.5834898768524316,0.0,0.16816252696027273,0.020420548945940305,0.2086980797328324,0.003409169971474292,0.004000556599179016,0.0005913866277047241,0.22013497530091142,0.03471787379113616,0.10651621095108885,28746,Montana,Lake County
30049,1.2482056944553988,0.4799432131871599,0.13813392223361465,0.030700984304755898,0.11395722060099377,0.0034229828850855745,0.005584036595946053,0.0006940610458238031,0.0210584430948813,0.024954649420301286,0.07559837526618819,63395,Montana,Lewis and Clark County
30051,4.0,0.0,0.19752030782385635,0.1723,0.14300000000000002,0.0008550662676357417,0.0012825994014536127,0.00042753313381787086,0.0021376656690893546,0.003420265070542967,0.107,2339,Montana,Liberty County
30053,0.6657692893787779,0.12084116422004368,0.20521156092853152,0.010630766495657033,0.18376984812312694,0.0011682836389495606,0.0030476964494336365,0.00045715446741504545,0.009244679229948698,0.023467262660639,0.11005927769594148,19687,Montana,Lincoln County
30055,3.0,0.0,0.22029988465974626,0.011000000000000001,0.077,0.002306805074971165,0.0011534025374855825,0.0,0.004036908881199538,0.007497116493656286,0.099,1734,Montana,McCone County
30057,1.787673904563776,0.0,0.20959563125731373,0.021197893641919128,0.10865973215446625,0.001950331556364582,0.003380574697698609,0.0,0.0049408399427902745,0.024184111298920816,0.0915215186581719,7691,Montana,Madison County
30059,4.0,0.0,0.22633527234267584,0.092,0.15,0.0010576414595452142,0.0031729243786356425,0.0,0.0026441036488630354,0.014806980433632998,0.10400000000000001,1891,Montana,Meagher County
30061,1.9767937485200096,0.0,0.2192753966374615,0.005211129528771016,0.17185389533506987,0.002604783329386692,0.007103954534690978,0.0,0.014918304522851054,0.01894387875917594,0.11752900781435,4223,Montana,Mineral County
30063,1.222783374047338,0.5910850053522905,0.11397176552392978,0.033259149672000665,0.15449851325263725,0.004071400470269627,0.01130842917135564,0.0009606675266928335,0.026276544158683978,0.026175902798744728,0.061727682778433476,109299,Montana,Missoula County
30065,1.6784927280740414,0.0,0.1881886293521375,0.011478713089466725,0.1909541648303217,0.0022036139268400176,0.0022036139268400176,0.00044072278536800354,0.013442044953724107,0.02600264433671221,0.11039246364037021,4538,Montana,Musselshell County
30067,2.2352111773376913,0.5292571941293341,0.16592962891751586,0.0060330257001858624,0.12543683906940972,0.0012818047811318336,0.0033326924309427675,0.0003204511952829584,0.008331731077356918,0.020701147215279114,0.08501333076972377,15603,Montana,Park County
30069,4.0,0.0,0.20850202429149797,0.0,0.084,0.0,0.0,0.0,0.0,0.010121457489878543,0.09699999999999999,494,Montana,Petroleum County
30071,4.0,0.0,0.20291558899600282,0.029900000000000003,0.149,0.00023512814483893723,0.0023512814483893723,0.00023512814483893723,0.08252997883846697,0.019045379731953915,0.10800000000000001,4253,Montana,Phillips County
30073,1.1623598244758655,0.0,0.1886884446611409,0.10478664066309118,0.19943539736713797,0.0011376564277588168,0.0021127905086949453,0.0,0.14464488867219244,0.014139444173573866,0.10574906549650577,6153,Montana,Pondera County
30075,4.0,0.0,0.22719449225473323,0.020099999999999996,0.10400000000000001,0.0005737234652897303,0.0017211703958691911,0.0,0.01549053356282272,0.013769363166953529,0.10400000000000001,1743,Montana,Powder River County
30077,0.6109292728048954,0.0,0.16393909207343105,0.21675162942934398,0.1305595559982923,0.009819268535648214,0.004696171908353494,0.00028461647929415115,0.044115554290593426,0.01665006403870784,0.0934619325458944,7027,Montana,Powell County
30079,4.0,0.0,0.26039016115351993,0.0178,0.11199999999999997,0.0,0.005089058524173028,0.0,0.0016963528413910093,0.013570822731128074,0.11800000000000001,1179,Montana,Prairie County
30081,0.10161145926589078,0.0,0.192181438376604,0.01189070924102258,0.14224761265293942,0.001964587685268079,0.005172585297921019,0.0005719685665970357,0.008952551477170993,0.02971749726449816,0.09664137570874366,40212,Montana,Ravalli County
30083,2.4742458444490047,0.6871537040837267,0.1485737738559409,0.0034871229222245025,0.05331192284013954,0.0013338805663862098,0.002462548737943772,0.00010260619741432382,0.016519597783706135,0.030474040632054177,0.07984198645598194,9746,Montana,Richland County
30085,1.8423021582733814,0.0,0.10800959232613909,0.01784858513189448,0.2864476738609113,0.0012470023980815348,0.004316546762589928,0.00019184652278177457,0.6040287769784173,0.012661870503597123,0.13375904076738607,10425,Montana,Roosevelt County
30087,1.460197119029568,0.0,0.1145889743312033,0.0070389472544135166,0.1867344308458789,0.002707678977580418,0.004548900682335102,0.0003249214773096502,0.34679952344849996,0.03390014079930683,0.10827206758366728,9233,Montana,Rosebud County
30089,2.09865942346447,0.0,0.21519320073600282,0.0164936300709717,0.1945621659511084,0.0014895294839218434,0.002979058967843687,8.761938140716727e-05,0.04424778761061947,0.020415315867869974,0.12075159905371068,11413,Montana,Sanders County
30091,0.8918439716312057,0.0,0.23108747044917258,0.025087056737588646,0.10918912529550827,0.0020685579196217494,0.0041371158392435,0.0,0.016843971631205674,0.015070921985815602,0.10027009456264774,3384,Montana,Sheridan County
30093,0.8840350877192983,0.8376023391812866,0.16415204678362574,0.029172847953216376,0.19417494152046783,0.003245614035087719,0.004824561403508772,0.000672514619883041,0.019152046783625733,0.036637426900584795,0.09487728070175439,34200,Montana,Silver Bow County
30095,1.7505758473181967,0.0,0.16397937918174837,0.012317275419545904,0.06243402435011517,0.0009871668311944718,0.0031808709005155204,0.00021937040693210486,0.008007019853021827,0.02347263354173522,0.08561566304705495,9117,Montana,Stillwater County
30097,3.0,0.0,0.20651876198301836,0.0123,0.07900000000000001,0.0010955902492467817,0.00657354149548069,0.0002738975623116954,0.004108463434675432,0.013968775677896467,0.094,3651,Montana,Sweet Grass County
30099,2.091717437839618,0.0,0.20764037543224106,0.07607459245842252,0.13217273176354355,0.0004939897908776552,0.0013173061090070806,0.00016466326362588507,0.014490367199077885,0.012514408035567266,0.09694582578626708,6073,Montana,Teton County
30101,1.170924117205109,0.11626596543951916,0.1388054094665665,0.14385424492862509,0.1305672426746807,0.005447032306536439,0.004320060105184072,0.00018782870022539445,0.04526671675432006,0.024229902329075882,0.09045736288504883,5324,Montana,Toole County
30103,4.0,0.0,0.2381615598885794,0.0,0.16,0.0,0.004178272980501393,0.0,0.008356545961002786,0.034818941504178275,0.114,718,Montana,Treasure County
30105,2.447279142353101,0.3790202198398697,0.20694802551228117,0.017086117519337765,0.09023395304654634,0.00230696159587461,0.005021034061609445,0.00040711086986022527,0.09824942325960104,0.0123490297190935,0.10908332202469806,7369,Montana,Valley County
30107,3.0,0.0,0.2066420664206642,0.0678,0.172,0.0032287822878228783,0.005535055350553505,0.0,0.004612546125461255,0.014760147601476014,0.11199999999999999,2168,Montana,Wheatland County
30109,4.0,0.0,0.23893805309734514,0.0236,0.158,0.0,0.004916420845624385,0.0,0.003933136676499509,0.012782694198623401,0.10300000000000001,1017,Montana,Wibaux County
30111,1.402474792528316,0.7512029302841078,0.1410266807233801,0.02496604627902576,0.10105012434784959,0.00631876300921796,0.0063457951504338654,0.0007704160246533128,0.039744005622685374,0.047002135539156054,0.08084893087881491,147972,Montana,Yellowstone County
31001,1.5177910980742253,0.7924690728223441,0.1542532840198954,0.04954938783318454,0.1328809781915572,0.007907154699655656,0.01406070654253284,0.0004782553245759469,0.00417676316796327,0.0811121030480806,0.10514373166687922,31364,Nebraska,Adams County
31003,0.9630516080777861,0.0,0.2100224382946896,0.01048756918474196,0.12645041136873597,0.002842183994016455,0.0029917726252804786,0.0,0.0016454749439042632,0.02662677636499626,0.11969483919222139,6685,Nebraska,Antelope County
31005,4.0,0.0,0.20434782608695654,0.0,0.10300000000000001,0.0,0.002173913043478261,0.0,0.004347826086956522,0.041304347826086954,0.126,460,Nebraska,Arthur County
31007,3.0,0.0,0.19710144927536233,0.0,0.09699999999999999,0.0,0.0,0.0,0.004347826086956522,0.03768115942028986,0.11599999999999999,690,Nebraska,Banner County
31009,4.0,0.0,0.19874476987447698,0.0,0.125,0.0020920502092050207,0.0,0.0,0.0,0.0,0.114,478,Nebraska,Blaine County
31011,1.9760217983651227,0.0,0.2114441416893733,0.017277438692098093,0.06080817438692099,0.004178019981834696,0.0019981834695731154,0.000181653042688465,0.0021798365122615805,0.011807447774750226,0.10929336966394186,5505,Nebraska,Boone County
31013,1.8268482490272373,0.800229925716307,0.15148567385921471,0.016467987265652635,0.12023107534488858,0.004598514326140785,0.0030067209055535905,0.00017686593562079943,0.03616908383445348,0.10231694375663247,0.11042730810045985,11308,Nebraska,Box Butte County
31015,3.0,0.0,0.2653644592663173,0.0129,0.106,0.0004764173415912339,0.008099094807050978,0.0009528346831824678,0.005717008099094807,0.01572177227251072,0.128,2099,Nebraska,Boyd County
31017,0.0,0.0,0.24069952305246423,0.0127,0.152,0.0006359300476947536,0.0022257551669316376,0.0,0.002861685214626391,0.009220985691573928,0.132,3145,Nebraska,Brown County
31019,1.7701618151056353,0.7301635503882695,0.12099258166673897,0.04824776582360853,0.1506002342631556,0.008307665611036397,0.012927855624484837,0.00028198342805084377,0.00279814324758145,0.07444362500542276,0.081886512515726,46102,Nebraska,Buffalo County
31021,0.0,0.0,0.23111694371536892,0.017810790317876933,0.11670166229221347,0.00379119276757072,0.002478856809565471,0.00029163021289005544,0.016768737241178187,0.01837270341207349,0.12192621755613883,6858,Nebraska,Burt County
31023,1.0701608100059559,0.3704586063132817,0.190946992257296,0.020597498511018462,0.0744904109589041,0.0028588445503275758,0.003216200119118523,0.0,0.0013103037522334722,0.023228111971411555,0.10230339487790352,8395,Nebraska,Butler County
31025,1.4621845410245236,0.17847945802464243,0.14274394833802148,0.01175556435957371,0.0644269640663999,0.003446773107246147,0.0033675369438611784,0.0005150350620022979,0.0032883007804762093,0.024087793669030546,0.09284144843706668,25241,Nebraska,Cass County
31027,1.422051513782196,0.0,0.20379575237234523,0.0163089923181202,0.09193538183461365,0.0007907817442385902,0.0007907817442385902,0.0,0.0024853140533212833,0.012765476728422955,0.1024220515137822,8852,Nebraska,Cedar County
31029,3.0,0.0,0.2042360060514372,0.0166,0.084,0.0012607160867372667,0.0010085728693898135,0.0,0.0007564296520423601,0.11144730206757439,0.11800000000000001,3966,Nebraska,Chase County
31031,3.249606161386312,0.0,0.20829686679502887,0.009979135305443724,0.10373779100297567,0.0022755119901977944,0.003500787677227376,0.00017503938386136881,0.05863819359355855,0.016628741466830035,0.112006301417819,5713,Nebraska,Cherry County
31033,1.6315263052610522,0.6842368473694739,0.15923184636927384,0.010216973394678936,0.09875975195039009,0.001900380076015203,0.015803160632126424,0.0005001000200040008,0.006601320264052811,0.0610122024404881,0.09949949989997998,9998,Nebraska,Cheyenne County
31035,1.331702843167227,0.0,0.17853867318862734,0.014680984408437785,0.114,0.003362885967594008,0.001528584530724549,0.0001528584530724549,0.004738612045246102,0.07673494344237236,0.11222439620911037,6542,Nebraska,Clay County
31037,1.8741797432239657,0.6196861626248217,0.13580599144079886,0.010291830718021873,0.12491573941987637,0.008464098906324298,0.0026628625772705658,0.00047551117451260106,0.010841654778887305,0.4103661436043747,0.11667275320970044,10515,Nebraska,Colfax County
31039,0.8587372797899113,0.0,0.20800962906226064,0.01420821752927016,0.07116916511653354,0.001422475106685633,0.001969580916949338,0.000328263486158223,0.003173213699529489,0.08250355618776671,0.10942564832038516,9139,Nebraska,Cuming County
31041,2.2779961605265564,0.3610019197367218,0.20870280647225523,0.011691032087028064,0.11291836548130542,0.00255964896242801,0.001371240515586434,0.0,0.0031995612030350125,0.01974586342444465,0.11007669805283846,10939,Nebraska,Custer County
31043,1.7463105779301151,0.6280110444634867,0.1138246215367038,0.011859306864705323,0.16187532133676094,0.03141959440159954,0.030039036465771683,0.0020946396267733027,0.02694468247167476,0.3531848043416167,0.12112596401028276,21006,Nebraska,Dakota County
31045,2.6562840339795253,0.6718579830102375,0.163363101720758,0.12330380091483338,0.14403114789806143,0.014593770420387715,0.010346329775648007,0.005009801786103245,0.03942496188194293,0.033326072751034636,0.0851256806795905,9182,Nebraska,Dawes County
31047,1.6860149634136314,0.7676971141987996,0.13865822576666942,0.012286594590150456,0.1304828167392913,0.03058455973032969,0.005755159089040533,0.001849872564334457,0.008180547562279043,0.3184247307407712,0.11203564087807284,24326,Nebraska,Dawson County
31049,3.0,0.0,0.2369912416280268,0.0113,0.102,0.0005151983513652757,0.002575991756826378,0.0,0.005151983513652756,0.03863987635239567,0.121,1941,Nebraska,Deuel County
31051,3.0,0.0,0.17833333333333334,0.0134696,0.12490916666666667,0.003,0.0016666666666666668,0.0008333333333333334,0.003833333333333333,0.10366666666666667,0.10870650000000001,6000,Nebraska,Dixon County
31053,1.4192581286964105,0.5592379602627348,0.183696274290698,0.027350532828214005,0.13595342182006487,0.005587201221007877,0.005205636259573192,0.0020440980076858084,0.00490583521844594,0.1005423673380393,0.1095501349104685,36691,Nebraska,Dodge County
31055,1.0982518226296145,0.9497224961806966,0.10611862079634894,0.023570758445978612,0.1326688499545551,0.11616677302701553,0.02659975633810988,0.0007619268627564735,0.007215099301889347,0.11178279282937867,0.09679791146951325,517110,Nebraska,Douglas County
31057,3.0,0.0,0.2295816733067729,0.0204,0.10300000000000001,0.0034860557768924302,0.00099601593625498,0.00099601593625498,0.006474103585657371,0.05826693227091633,0.13699999999999998,2008,Nebraska,Dundy County
31059,1.1811544991511036,0.0,0.2234295415959253,0.03768166383701189,0.09941782682512734,0.006112054329371817,0.0015280135823429542,0.0,0.004753820033955857,0.030220713073005095,0.1155748726655348,5890,Nebraska,Fillmore County
31061,1.3227906976744186,0.0,0.23937984496124032,0.01827553488372093,0.13874046511627908,0.00062015503875969,0.0009302325581395349,0.0,0.0031007751937984496,0.010232558139534883,0.1259767441860465,3225,Nebraska,Franklin County
31063,3.0,0.0,0.1897677793904209,0.040999999999999995,0.103,0.0,0.001451378809869376,0.0,0.002902757619738752,0.01269956458635704,0.10400000000000001,2756,Nebraska,Frontier County
31065,0.0,0.0,0.2272635612018552,0.0163,0.10899999999999999,0.002016535591853196,0.002016535591853196,0.00040330711837063924,0.004033071183706392,0.02661826981246219,0.132,4959,Nebraska,Furnas County
31067,1.675720496616019,0.5958495809242078,0.19389538792523867,0.023448617273990408,0.09978149791582627,0.003227107704719645,0.003854600869526243,0.0001344628210299852,0.004840661557079467,0.017256062032181434,0.11483877907758505,22311,Nebraska,Gage County
31069,3.0,0.0,0.2722411278561011,0.0175,0.091,0.0019445794846864365,0.0,0.0,0.00583373845405931,0.03889158969372873,0.11900000000000001,2057,Nebraska,Garden County
31071,0.0,0.0,0.2708638360175695,0.0146,0.075,0.0014641288433382138,0.0009760858955588092,0.0004880429477794046,0.0,0.007320644216691069,0.115,2049,Nebraska,Garfield County
31073,3.0,0.0,0.2108610567514677,0.0196,0.051,0.003913894324853229,0.0019569471624266144,0.0,0.0009784735812133072,0.023972602739726026,0.105,2044,Nebraska,Gosper County
31075,3.0,0.0,0.19381107491856678,0.0049,0.19899999999999998,0.0,0.0016286644951140066,0.0,0.0016286644951140066,0.011400651465798045,0.11699999999999999,614,Nebraska,Grant County
31077,3.0,0.0,0.23049645390070922,0.0209,0.095,0.006304176516942475,0.0007880220646178094,0.0,0.001970055161544523,0.02009456264775414,0.114,2538,Nebraska,Greeley County
31079,1.566195164400157,0.8715170542767928,0.1339430443462385,0.01907030047605235,0.1316916921186889,0.017455252785503438,0.010357124575562647,0.0019110345180609824,0.009026225536198747,0.23295852031327316,0.10317281212141895,58607,Nebraska,Hall County
31081,1.0320035072336695,0.5160017536168348,0.16429197720298114,0.013570846120122755,0.049177115300306884,0.002082419991231916,0.001972818939061815,0.00010960105217010084,0.0016440157825515125,0.01983779044278825,0.09802411223147743,9124,Nebraska,Hamilton County
31083,0.0,0.0,0.23517382413087934,0.0137,0.11199999999999999,0.00029214139643587495,0.002044989775051125,0.0,0.0043821209465381246,0.013146362839614373,0.12,3423,Nebraska,Harlan County
31085,4.0,0.0,0.19751809720785937,0.0,0.124,0.0,0.0031023784901758012,0.001034126163391934,0.002068252326783868,0.03412616339193381,0.126,967,Nebraska,Hayes County
31087,4.0,0.0,0.22867950481430535,0.0089,0.127,0.002407152682255846,0.0010316368638239339,0.0,0.0041265474552957355,0.014442916093535076,0.121,2908,Nebraska,Hitchcock County
31089,2.037278390033541,0.41360804983229515,0.20536655486344035,0.015335055103018688,0.08411432678485865,0.0015333013895543843,0.0017249640632486824,0.0007666506947771922,0.0027791087685673215,0.02922855773838045,0.11071950167704839,10435,Nebraska,Holt County
31091,4.0,0.0,0.26222826086956524,0.0353,0.17,0.0,0.0,0.0,0.005434782608695652,0.010869565217391304,0.118,736,Nebraska,Hooker County
31093,2.189990436722984,0.0,0.18728084156837743,0.005547975773031559,0.10546987567739878,0.002390819254064393,0.001912655403251514,0.000318775900541919,0.0035065349059611095,0.01737328657953459,0.10418999043672299,6274,Nebraska,Howard County
31095,1.8729296409169207,0.5635351795415396,0.22008745196766927,0.013898873724658806,0.11971101099774745,0.0031800715516099114,0.0023850536637074335,0.00026500596263415925,0.00357758049556115,0.026500596263415926,0.12181833841261429,7547,Nebraska,Jefferson County
31097,1.156411730879816,0.0,0.17615487828253787,0.18306831512363428,0.09573758865248228,0.053287329883074566,0.01360935403488595,0.0,0.011117500479202607,0.08338125359401956,0.10930170596128043,5217,Nebraska,Johnson County
31099,0.4670981661272923,0.4670981661272923,0.18292494991524116,0.012938619201725997,0.10576914778856526,0.0018492834026814608,0.0016951764524580058,0.0004623208506703652,0.0024657112035752814,0.03760209585452304,0.10520388349514563,6489,Nebraska,Kearney County
31101,2.0809034416826004,0.5727772466539197,0.21175908221797324,0.006597920650095602,0.11684847036328871,0.0021510516252390057,0.00394359464627151,0.0,0.00489961759082218,0.056644359464627154,0.11869371414913958,8368,Nebraska,Keith County
31103,4.0,0.0,0.25606796116504854,0.0,0.06099999999999999,0.0,0.0012135922330097086,0.0,0.0012135922330097086,0.0048543689320388345,0.136,824,Nebraska,Keya Paha County
31105,0.0,0.0,0.22088458518712378,0.012599999999999998,0.095,0.0015702695629416384,0.007066213033237372,0.0005234231876472127,0.01308557969118032,0.06385762889295996,0.127,3821,Nebraska,Kimball County
31107,1.0767727847373865,0.0,0.22744512125043098,0.026882266406160215,0.10812826111941155,0.0009194345477531318,0.0019537984139754053,0.0,0.0903344443167452,0.01781404436271693,0.11994379956326857,8701,Nebraska,Knox County
31109,1.2566895696321394,0.8873258189182466,0.10897069798568361,0.048411500769077145,0.12984294708959487,0.034757381563871946,0.03490103606428714,0.0005255652454214508,0.007498064168012698,0.058460374132379374,0.07922772041330452,285407,Nebraska,Lancaster County
31111,1.4165839947089947,0.5457451499118166,0.15564373897707232,0.017688288139329808,0.12431867283950616,0.007220017636684303,0.005483906525573192,0.00016534391534391533,0.00589726631393298,0.07170414462081129,0.10663552689594356,36288,Nebraska,Lincoln County
31113,0.0,0.0,0.182175622542595,0.0,0.079,0.001310615989515072,0.001310615989515072,0.0,0.009174311926605505,0.01703800786369594,0.114,763,Nebraska,Logan County
31115,3.0,0.0,0.21677215189873417,0.0,0.08199999999999999,0.0015822784810126582,0.0,0.0,0.0015822784810126582,0.020569620253164556,0.121,632,Nebraska,Loup County
31117,4.0,0.0,0.17996289424860853,0.0,0.17,0.0037105751391465678,0.0,0.0,0.0,0.0037105751391465678,0.11999999999999998,539,Nebraska,McPherson County
31119,1.1624899644454638,0.7556485835531598,0.14692051840807432,0.030700840119279735,0.1576443972932676,0.012730817754329625,0.0047883931643537105,0.00045876820736322975,0.011497878197040946,0.12914325037274918,0.09543806629200596,34876,Nebraska,Madison County
31121,2.581516889738687,0.41848311026131296,0.18049713193116634,0.02514586360739324,0.10592415551306565,0.0019120458891013381,0.0076481835564053535,0.0007648183556405354,0.003951561504142766,0.03454429572976418,0.11109968132568515,7845,Nebraska,Merrick County
31123,3.0,0.0,0.19456564855216185,0.0163,0.087,0.002380007933359778,0.0035700119000396666,0.0,0.01090836969456565,0.13625545418484727,0.11699999999999999,5042,Nebraska,Morrill County
31125,0.0,0.0,0.19062918340026774,0.0383,0.113,0.00214190093708166,0.000535475234270415,0.0,0.002677376171352075,0.01740294511378849,0.11199999999999999,3735,Nebraska,Nance County
31127,0.5040011037527594,0.5040011037527594,0.1797737306843267,0.06708871412803533,0.12356801876379692,0.00869205298013245,0.004277041942604857,0.0002759381898454746,0.0026214128035320088,0.018349889624724062,0.0965680187637969,7248,Nebraska,Nemaha County
31129,1.596,0.0,0.2608888888888889,0.013104,0.12148800000000001,0.0013333333333333333,0.002,0.0,0.0022222222222222227,0.021555555555555557,0.131276,4500,Nebraska,Nuckolls County
31131,2.516772554002541,0.4832274459974587,0.18875476493011437,0.02149250952986023,0.1125569250317662,0.004764930114358323,0.004320203303684879,0.0011435832274459975,0.002922490470139771,0.05730622617534943,0.10801315120711563,15740,Nebraska,Otoe County
31133,3.0,0.0,0.2596465921384782,0.0141,0.156,0.0032455824017309774,0.00288496213487198,0.0,0.00144248106743599,0.012621709340064912,0.141,2773,Nebraska,Pawnee County
31135,3.0,0.0,0.2026936026936027,0.0148,0.055,0.003703703703703704,0.0016835016835016834,0.0,0.00202020202020202,0.03198653198653199,0.102,2970,Nebraska,Perkins County
31137,2.065302568567697,0.6439921636917719,0.19003047453199826,0.027097398781018724,0.0879905311275577,0.0014148889856334349,0.00239442751414889,0.000326512842838485,0.0038093164997823246,0.04059643012625163,0.10463038746190684,9188,Nebraska,Phelps County
31139,3.0,0.0,0.17946600605560142,0.015958436553812277,0.0742469033856317,0.0019267822736030828,0.0016515276630883566,0.0,0.002202036884117809,0.012799339388934764,0.09804844481145059,7266,Nebraska,Pierce County
31141,1.282036169618761,0.46713403852715824,0.14895927040357354,0.01476417160405745,0.08217799423023234,0.004497937152960883,0.004684058690324782,0.00037224307472779727,0.0067934361137822995,0.13810218072401279,0.09871836709371219,32237,Nebraska,Platte County
31143,0.0,0.0,0.1977432482426933,0.022915575286718462,0.07815575286718461,0.0011098779134295228,0.0011098779134295228,0.0003699593044765076,0.0020347761746207916,0.02885682574916759,0.10919404365519793,5406,Nebraska,Polk County
31145,2.2449570330167345,0.7550429669832655,0.18742650384441428,0.03335767526006332,0.09448729081863408,0.007327001356852103,0.0028946178199909544,9.045680687471733e-05,0.004703753957485301,0.041791044776119404,0.11174635911352329,11055,Nebraska,Red Willow County
31147,1.9046992705966759,0.5476503647016621,0.22910438837737654,0.018530336003826378,0.1331145521941887,0.0017936147315556618,0.0032285065168001915,0.00011957431543704412,0.02989357885926103,0.013392323328948942,0.12354836781059428,8363,Nebraska,Richardson County
31149,0.0,0.0,0.23263433813892528,0.0197,0.07400000000000001,0.000655307994757536,0.001965923984272608,0.0,0.005897771952817824,0.001310615989515072,0.111,1526,Nebraska,Rock County
31151,2.47056338028169,0.5294366197183099,0.14612676056338028,0.07309491549295774,0.13678225352112677,0.008802816901408451,0.01584507042253521,0.0009859154929577464,0.0038732394366197184,0.20211267605633804,0.11143014084507043,14200,Nebraska,Saline County
31153,1.5686351045076807,0.9244711659531604,0.08526819440946865,0.008037448375724,0.05630459581969278,0.03979476202467892,0.02110929236968018,0.0010576680936791741,0.004614706623016872,0.0728342986653236,0.07776143918408461,158840,Nebraska,Sarpy County
31155,1.5487487969201155,0.37844080846968237,0.15495668912415783,0.016119244465832534,0.08470447545717036,0.0034167468719923004,0.003994225216554379,4.812319538017324e-05,0.002550529355149182,0.019971126082771896,0.09596948989412897,20780,Nebraska,Saunders County
31157,0.7929672707600758,0.6447660265079794,0.168109277792805,0.02290932377603462,0.13576924533405466,0.005517987557479037,0.0058966729780903435,0.000513930213686773,0.021152285637002975,0.21057614281850148,0.11229312956451176,36970,Nebraska,Scotts Bluff County
31159,0.7452537313432835,0.44083582089552237,0.15194029850746268,0.07738472835820895,0.0737630447761194,0.003582089552238806,0.004298507462686567,0.00011940298507462687,0.003164179104477612,0.016238805970149255,0.09023259701492538,16750,Nebraska,Seward County
31161,1.784969829950631,0.0,0.22161272627537026,0.020654909489851894,0.18102084476138233,0.0021941854086670325,0.0032912781130005485,0.0009142439202779302,0.11318339733040775,0.031267142073505214,0.12945511062351436,5469,Nebraska,Sheridan County
31163,3.0,0.0,0.233502538071066,0.0178,0.114,0.0009517766497461929,0.0028553299492385786,0.0,0.0006345177664974619,0.00983502538071066,0.122,3152,Nebraska,Sherman County
31165,4.0,0.0,0.2135774218154081,0.0,0.10699999999999998,0.0007627765064836003,0.0007627765064836003,0.0,0.0015255530129672007,0.03966437833714721,0.115,1311,Nebraska,Sioux County
31167,0.0,0.0,0.14113232174906185,0.0,0.0887797356828194,0.006689508892152064,0.0009789525208027412,0.0,0.004078968836678088,0.045847609724261704,0.09485903083700442,6129,Nebraska,Stanton County
31169,1.5900918133129305,0.0,0.25765110941086455,0.02987685539403213,0.08415914307574598,0.0022953328232593728,0.00306044376434583,0.0,0.001530221882172915,0.014537107880642693,0.12175975516449884,5228,Nebraska,Thayer County
31171,4.0,0.0,0.20865533230293662,0.0031,0.107,0.0015455950540958269,0.0030911901081916537,0.0,0.0015455950540958269,0.01854714064914992,0.106,647,Nebraska,Thomas County
31173,0.0,0.0,0.11887608069164265,0.00835965417867435,0.2832881844380403,0.0024495677233429395,0.0008645533141210375,0.00028818443804034583,0.5710374639769452,0.027377521613832854,0.1409279538904899,6940,Nebraska,Thurston County
31175,0.0,0.0,0.23615023474178404,0.011491901408450704,0.10541666666666664,0.0014084507042253522,0.003051643192488263,0.0,0.0011737089201877935,0.018544600938967135,0.11755516431924883,4260,Nebraska,Valley County
31177,0.8568745675595533,0.42843728377977663,0.14040723534644658,0.02642611446080854,0.08219388158545024,0.006029455372145893,0.0026687753286547397,0.0003953741227636651,0.002174557675200158,0.02070771967974696,0.09123307304536918,20234,Nebraska,Washington County
31179,1.7676915059927045,0.6161542470036477,0.13705054715997916,0.13154893173527882,0.15344314747264198,0.013444502344971338,0.0050026055237102655,0.001563314226159458,0.003335070349140177,0.041792600312662846,0.0795961438249088,9595,Nebraska,Wayne County
31181,1.5535152151101783,0.0,0.2366211962224554,0.04091080797481637,0.10987670514165793,0.00472193074501574,0.0028856243441762854,0.0026232948583420775,0.002098635886673662,0.03488982161594963,0.12073294858342079,3812,Nebraska,Webster County
31183,3.0,0.0,0.18948655256723718,0.0,0.092,0.0,0.004889975550122249,0.0,0.0012224938875305623,0.007334963325183374,0.129,818,Nebraska,Wheeler County
31185,1.2466886205634833,0.6233443102817416,0.18214416392242957,0.05393241126966703,0.10241712403951701,0.011562385656787412,0.0043907793633369925,0.0005122575923893158,0.004244420051225759,0.04061470911086718,0.09832682034394438,13665,Nebraska,York County
32001,0.7300719540137477,0.47091691120311935,0.15198777987699483,0.014704526269244685,0.12640929372512763,0.015878120352132492,0.02673151907384331,0.002050086425212043,0.04538328576596857,0.12095509908751055,0.10601692326245127,24877,Nevada,Churchill County
32003,1.148661204580199,0.9671926320768689,0.11297519716656186,0.011269741024943254,0.148045776876484,0.1047415809916521,0.0865236930428352,0.006984172863915739,0.007391087543542177,0.29142265879281637,0.1011586921126713,1951269,Nevada,Clark County
32005,1.2543566610634722,0.6331893525118625,0.20169372513139136,0.004893210204906697,0.09098033917058536,0.004276868736302317,0.015426516586165074,0.0014043449581888205,0.019065046705108838,0.10858139881269017,0.09940425984637317,46997,Nevada,Douglas County
32007,1.3870088901634643,0.39919701749354747,0.08486623786308328,0.011671129501413413,0.11749041337211684,0.007743045597935188,0.009054037445204638,0.0014134130853373755,0.05313613830963989,0.22856323487238314,0.0857583063624073,48818,Nevada,Elko County
32009,4.0,0.0,0.25798212005108556,0.0013,0.07200000000000001,0.0,0.0038314176245210726,0.0,0.0421455938697318,0.1532567049808429,0.149,783,Nevada,Esmeralda County
32011,4.0,0.0,0.12934071464519376,0.0005,0.077,0.0010065425264217413,0.009058882737795673,0.0,0.02365374937091092,0.11977856064418722,0.10099999999999999,1987,Nevada,Eureka County
32013,2.17122458857696,0.2775895450145208,0.10237173281703775,0.011064520813165536,0.11236652952565343,0.00526379477250726,0.007260406582768635,0.001149564375605034,0.04186834462729913,0.24431268151016458,0.09830251694094869,16528,Nevada,Humboldt County
32015,4.0,0.0,0.11792207792207793,0.0028000000000000004,0.149,0.003463203463203463,0.0036363636363636364,0.00017316017316017316,0.0419047619047619,0.2110822510822511,0.105,5775,Nevada,Lander County
32017,3.0,0.0,0.18110383536014968,0.04471760523854069,0.06384939195509823,0.02263797942001871,0.007483629560336763,0.002806361085126286,0.011412535079513564,0.062114125350795135,0.0950086061739944,5345,Nevada,Lincoln County
32019,1.1400538668718738,0.45205848403232013,0.15804155444401694,0.006894015005771451,0.11731246633320508,0.008022316275490573,0.013947672181608311,0.002500961908426318,0.02474028472489419,0.1476337052712582,0.11110238553289727,51980,Nevada,Lyon County
32021,2.280176026823135,0.7198239731768651,0.22548197820620286,0.010869341994970663,0.20663872590108967,0.04107292539815591,0.011106454316848282,0.0012573344509639564,0.15549036043587594,0.09136630343671416,0.14061232187761943,4772,Nevada,Mineral County
32023,2.1034451372138534,0.8324534656168935,0.23440131069949482,0.007597651663405087,0.1674066354161926,0.019888044418149547,0.013015974150093297,0.004801347107814135,0.01599690529285942,0.1357802757930187,0.13345392072088472,43946,Nevada,Nye County
32027,4.0,0.0,0.12957204205538278,0.24889999999999998,0.151,0.03746483044572783,0.01288316303864949,0.0010365763364430624,0.03213386642973493,0.22330815933659115,0.102,6753,Nevada,Pershing County
32029,0.0,0.0,0.18403990024937655,0.0012,0.079,0.00997506234413965,0.016458852867830425,0.003740648379052369,0.01596009975062344,0.05685785536159601,0.105,4010,Nevada,Storey County
32031,1.3701337687085162,0.931554180242478,0.12073592960590794,0.01250987496410765,0.12420153346353456,0.0232890918108491,0.05170871311986977,0.006032287689339557,0.017107302105605376,0.22241153870797037,0.08371524374761212,421399,Nevada,Washoe County
32033,1.7431704885343968,0.5901296111665005,0.1489531405782652,0.12250474576271186,0.11121395812562312,0.03938185443668993,0.00967098703888335,0.0009970089730807576,0.04177467597208375,0.13220338983050847,0.10711126620139581,10030,Nevada,White Pine County
32510,1.1534898867460288,0.9320295256359229,0.16523139269819445,0.06558933856786192,0.1346984477331114,0.01906863986684517,0.021366284328979267,0.0018272605565003437,0.02362774541375692,0.21306581756341136,0.10058445200274993,55274,Nevada,Carson City
33001,0.466765410730928,0.26546065770203703,0.16737118892291306,0.01428391192917055,0.086208327785914,0.004643189988017574,0.011632938357076288,0.00018306483823725202,0.002096924510717614,0.012048994807615497,0.09248971508454266,60088,New Hampshire,Belknap County
33003,0.30848216152913127,0.0,0.20573842486093102,0.009138832657158391,0.09613833702789744,0.002906855159145092,0.006378351248483834,0.00014638838930946505,0.0027604667698356267,0.009891672591910997,0.0990524070433728,47818,New Hampshire,Carroll County
33005,0.8698860173502599,0.3743143535147892,0.14707522336190465,0.060005693945563224,0.1061584605210265,0.005057250671058262,0.01194289196934528,0.00024637887884642815,0.0025026907167031913,0.014134367260137195,0.08541718427843407,77117,New Hampshire,Cheshire County
33007,0.6381787929208894,0.22792315837240962,0.19358644683103918,0.04437795794887309,0.1333837846014219,0.004477386174557556,0.004991680532445923,3.025260928755105e-05,0.0038723339888065344,0.01213129632430797,0.11145596732718198,33055,New Hampshire,Coos County
33009,0.947945420678202,0.1753405597073543,0.15497430373213045,0.07856640521555691,0.10139477995466685,0.009291052312664107,0.02954509751116497,0.00017953724275679436,0.003691734554186584,0.017953724275679435,0.08320772458986961,89118,New Hampshire,Grafton County
33011,1.2125344067318657,0.7514604924623366,0.11860371680046716,0.019361065679113398,0.08151884228677808,0.020707674416863605,0.03232673106725128,0.00034937026010615867,0.002398177285442989,0.05300695496367797,0.08145944185605446,400721,New Hampshire,Hillsborough County
33013,0.5285055823005224,0.3076718221858035,0.13662467137833317,0.04325608043975554,0.07270862098398717,0.01044760831711564,0.015876267540714945,0.000279968588890027,0.0026699443477073304,0.015971866571067635,0.07754063983065315,146445,New Hampshire,Merrimack County
33015,1.319683764476345,0.6988987985353444,0.1267651910589622,0.008463534683950776,0.04744700446780908,0.0067609908442092925,0.01674327542230788,0.0003387269962028704,0.00164621320154595,0.0208046121067803,0.07697007008261551,295223,New Hampshire,Rockingham County
33017,0.9806160317679445,0.6550270823351713,0.11892677618703458,0.06838761115126317,0.1177982832966551,0.010085835167244586,0.025912962978001185,0.00035730817017613667,0.002233176063600854,0.01787352914903811,0.08273413835946827,123143,New Hampshire,Strafford County
33019,1.173174523341411,0.48072790453111425,0.16499016963101823,0.016009096520506607,0.10872680718760001,0.004229344794476704,0.006195418590828037,0.00011430661606693796,0.0029491106945269993,0.011270632344200083,0.09908707878011978,43742,New Hampshire,Sullivan County
35001,1.3204158390736593,0.9475220507000078,0.12227347094016577,0.01802770887038837,0.17695770370862288,0.02966053090720293,0.023431698673637567,0.00104895527073611,0.04791084332985191,0.47857867315459335,0.09785625841428149,662564,New Mexico,Bernalillo County
35003,4.0,0.0,0.27946308724832214,0.0285,0.22899999999999998,0.004295302013422818,0.0018791946308724832,0.0,0.02657718120805369,0.19033557046979865,0.155,3725,New Mexico,Catron County
35005,1.464787874171681,0.7083555487851322,0.1415644755883921,0.027174643918044025,0.2121403914997334,0.020153857871886664,0.006306649402086983,0.0007921395384263843,0.012400030466905325,0.5200548404295834,0.12232037474293547,65645,New Mexico,Chaves County
35006,1.617094770881564,0.542718553632455,0.12810054018300077,0.09301413662587733,0.26453669202219526,0.010105464300150663,0.005475324293536177,0.0009554257156506082,0.4099511262999302,0.3650461176643516,0.14351170396501672,27213,New Mexico,Cibola County
35007,1.654690909090909,0.0,0.2005818181818182,0.02968446545454545,0.23646734545454545,0.004654545454545455,0.0035636363636363634,0.000509090909090909,0.014690909090909091,0.47185454545454547,0.14086087272727274,13750,New Mexico,Colfax County
35009,1.738651397387134,0.8022573176781875,0.11423019679179759,0.0215201029436084,0.21184705225731768,0.0631511493302464,0.012919629568381016,0.0010749131800893005,0.011700016537125848,0.3951752935339838,0.10755657764180586,48376,New Mexico,Curry County
35011,0.0,0.0,0.22898120672601385,0.0045000000000000005,0.168,0.001483679525222552,0.0004945598417408506,0.0,0.006429277942631058,0.38526211671612265,0.149,2022,New Mexico,De Baca County
35013,1.3317210956206718,0.6770872663489985,0.12369463707923703,0.02189534538050881,0.282639120024088,0.01747334311509179,0.010643636520051809,0.0008841817495328175,0.015040648463674469,0.6572290221905722,0.12645747563720827,209233,New Mexico,Doña Ana County
35015,1.6916903527838154,0.7082985008081146,0.14009177209310966,0.018483222798119973,0.1578665960727489,0.013802968660015976,0.006613535454866336,0.0004087016292333129,0.015047650894499248,0.44085901651526127,0.1138318192795705,53829,New Mexico,Eddy County
35017,1.2967066476926206,0.37463576607711596,0.21342413769736396,0.01997793928305211,0.21732543877481872,0.00863996747306363,0.004167513722301281,0.0007454089584603917,0.013552890153825303,0.48288947618079553,0.13692200311716474,29514,New Mexico,Grant County
35019,4.0,0.0,0.15532323447834437,0.12179999999999999,0.145,0.01685513121399616,0.01322807766161724,0.0,0.01920204821847664,0.7958182206101985,0.142,4687,New Mexico,Guadalupe County
35021,4.0,0.0,0.2920863309352518,0.0,0.183,0.0028776978417266188,0.0,0.0,0.011510791366906475,0.4302158273381295,0.163,695,New Mexico,Harding County
35023,1.7940335104209235,0.0,0.1665304454434001,0.01303050674295055,0.2780394360441357,0.005925623212096444,0.00469963220269718,0.0004086636697997548,0.008377605230894973,0.5657948508377605,0.14395668165100123,4894,New Mexico,Hidalgo County
35025,1.4858096312203564,0.786719606964636,0.10800747755959646,0.03177346856798555,0.1649828510513387,0.04080213821125651,0.005036538075300879,0.0005561821187448823,0.011896117539821095,0.5108069275572791,0.11188100792559519,64727,New Mexico,Lea County
35027,2.210713762989706,0.43167292774552374,0.2197882616968337,0.005656974191345076,0.16389222813094598,0.004683612235936966,0.003659072059325755,0.00048787627457676734,0.02385714982680392,0.29809240376640483,0.11906239937551837,20497,New Mexico,Lincoln County
35028,1.7182729805013928,1.0,0.14963788300835654,0.005233220055710306,0.05229526462395544,0.005682451253481894,0.059665738161559886,0.0005571030640668524,0.007910863509749304,0.14740947075208913,0.07314518105849582,17950,New Mexico,Los Alamos County
35029,1.9333333333333333,0.5488742777445706,0.19553695955369596,0.021954465032875077,0.29872416816098823,0.011476389719067543,0.004741980474198048,0.0007571229328551504,0.012631998406056983,0.614584578601315,0.15922394899382347,25095,New Mexico,Luna County
35031,2.3396743691601856,0.3552005818832876,0.09529737593017401,0.01091187125832261,0.36394039892575397,0.0050355284507357465,0.007944944888938623,0.0003217143176858949,0.7551614166620041,0.13250433614949925,0.15088886868460807,71492,New Mexico,McKinley County
35033,4.0,0.0,0.1874615857406269,0.0016,0.193,0.006556033599672198,0.0026633886498668305,0.0002048760499897562,0.013112067199344397,0.8098750256095062,0.166,4881,New Mexico,Mora County
35035,1.5551985203065974,0.5308086587143596,0.1497249086947662,0.0361609244948822,0.21519899054814493,0.03528379077386084,0.011740363966957695,0.002398231891781745,0.06694672163267865,0.3452513441070897,0.1151347085286142,63797,New Mexico,Otero County
35037,2.66762526269218,0.6661873686539099,0.20628249087490322,0.002441378166132065,0.2163084835748258,0.011392545072447737,0.009733436566751465,0.00044242893485233934,0.012498617409578586,0.42406813405596727,0.1438189359584117,9041,New Mexico,Quay County
35039,2.2898424688167767,0.2425831138498236,0.14061024698106644,0.010552596531332305,0.0,0.005068826715698455,0.004224022263082046,0.0003230134671768623,0.16018983252994087,0.7131888883367291,0.14452628832679026,40246,New Mexico,Rio Arriba County
35041,2.3573012193892975,0.6426987806107024,0.11906681447143001,0.05458704524841278,0.25317031139776275,0.01834122745137559,0.008817897813161342,0.0002519399375188955,0.012748160838456112,0.398720145117404,0.10390607679129295,19846,New Mexico,Roosevelt County
35043,1.7870645556053846,0.7598528439279117,0.12070446408890173,0.005777718320778954,0.1459109158489218,0.021282902987967558,0.014609192693883446,0.0012845752160594705,0.1287995682611108,0.35062822568998414,0.10045185123250812,131561,New Mexico,Sandoval County
35045,1.734466795853711,0.5997816123773492,0.10829411583771646,0.013487944080465072,0.21407346744178893,0.005813416997323983,0.0037218172310910153,0.0005690381716957337,0.3663375472916859,0.19052013164775,0.1168399003414229,130044,New Mexico,San Juan County
35047,2.4455142380838977,0.5476133773347396,0.1520430034361923,0.044566862858503725,0.28389739053516144,0.014016942809512468,0.007756948933419522,0.0012588031163882558,0.017283026570952268,0.7683121831728643,0.15063688633348077,29393,New Mexico,San Miguel County
35049,1.1595755011444822,0.7068044669487411,0.1512381216619269,0.01812498578067559,0.12721684816536033,0.008594020947492544,0.01159741971283901,0.0007491156273843379,0.03111604355968648,0.5064507179024762,0.09694328223624887,144170,New Mexico,Santa Fe County
35051,1.4404404404404405,0.2882882882882883,0.3064731398064731,0.022096563229896563,0.24921680013346678,0.004087420754087421,0.004087420754087421,0.00025025025025025025,0.016599933266599934,0.279612946279613,0.16094744744744746,11988,New Mexico,Sierra County
35053,2.620340311205642,0.5708048807791335,0.1417776782715773,0.03263934288592859,0.301953263181462,0.010522780700772416,0.012257920071644465,0.00044777790216052836,0.1165341990372775,0.4849434680398522,0.13361317586477106,17866,New Mexico,Socorro County
35055,1.4784588760360688,0.2379998178340468,0.17084130309378512,0.014293861007377721,0.19382339010838875,0.0043416218842031755,0.006649057291192276,0.00030360992197225005,0.06166317515256398,0.5580653975771929,0.13568479217900842,32937,New Mexico,Taos County
35057,2.233534761643167,0.0,0.14197643899163767,0.037526936458524084,0.2593913813098944,0.013367515107123237,0.004333760605505707,0.0004883110541414881,0.023377891717023744,0.3905878044314228,0.13168333028138926,16383,New Mexico,Torrance County
35059,4.0,0.0,0.17872059793361178,0.14550000000000002,0.141,0.017586282699494395,0.005056056276104638,0.00021982853374367993,0.019564739503187514,0.3967905034073423,0.12199999999999998,4549,New Mexico,Union County
35061,1.6107040708380675,0.7840771069231673,0.12723164727239483,0.01995962334626285,0.1957994227428855,0.013987383928221605,0.0053024069793258365,0.0007183063641943867,0.038070237302302495,0.5825464613616477,0.11860572816675156,76569,New Mexico,Valencia County
36001,1.3853302389186204,0.9225782698452354,0.13909744776531538,0.055964441953425995,0.11931497284716835,0.1269181207347701,0.04792507659333868,0.00032215223994424793,0.0021498731114646752,0.04903617309437088,0.08717322914886064,304204,New York,Albany County
36003,0.22304627643273062,0.0,0.15206864848299112,0.09365898048830319,0.1726739809990806,0.010705894371233017,0.009234855449994892,0.00018387986515476556,0.002288282766370416,0.01368883440596588,0.10006930227806722,48945,New York,Allegany County
36005,0.05766462145836974,1.0,0.1053171565010332,0.03372550565837753,0.2879631515942661,0.3647382792813998,0.03581810016562866,0.0009299464414386445,0.013183868028470224,0.5352672079802112,0.14344449418278069,1385026,New York,Bronx County
36007,0.8605034895314058,0.6632153539381854,0.16372881355932203,0.05054894566301097,0.176663703888335,0.047926221335992024,0.035219341974077764,0.0004087736789631107,0.0019740777666999005,0.03378863409770688,0.10011103688933201,200600,New York,Broome County
36009,0.36166689492884446,0.3174919381949027,0.1546247992330391,0.03335840357583077,0.16581951517113439,0.012749480184767858,0.0065739507202709265,0.0001867599636440604,0.03041697274549597,0.01674614340675075,0.11228915422637796,80317,New York,Cattaraugus County
36011,0.4445055357008972,0.3459750581061155,0.15288781146127509,0.05305034488791143,0.12227309874290855,0.039924524529527904,0.00487341613975458,0.00038737410341638966,0.0035363506860270413,0.023692300002499188,0.10230307650013745,80026,New York,Cayuga County
36013,0.7985174752603684,0.49958118676105406,0.16590193098847336,0.0482883080686409,0.1917573848263593,0.02369815796301101,0.005099885104332679,0.0002668544531336867,0.005107297728030836,0.06108743189651977,0.11185334124013195,134905,New York,Chautauqua County
36015,0.9490825171676236,0.7037037037037037,0.15696273781380166,0.055339756838905775,0.14945180682201958,0.0656084656084656,0.01189913317572892,0.00022514916131937407,0.002622987729370708,0.0252167060677699,0.10679273893954744,88830,New York,Chemung County
36017,0.2746993680290033,0.14244111179349012,0.16647185847019436,0.01577314816649167,0.14314420429106325,0.006834796045723795,0.004041444618341027,0.00011886601818650078,0.0034074925213463557,0.018404421815876537,0.10851405590665056,50477,New York,Chenango County
36019,1.0022404052211182,0.2880016559516852,0.1333528151178648,0.08709567382622248,0.14885844048314825,0.03907315410091564,0.010934151568283654,0.0002313461913111241,0.003482368984999026,0.025009740892265733,0.09713060101305279,82128,New York,Clinton County
36021,0.5436319259541017,0.21701851147457843,0.18167554203119057,0.03385841574743248,0.11984063966020034,0.0452485102066692,0.01588056295169266,0.00028527957398250285,0.0019494104222137695,0.03889311525294789,0.10039574616457461,63096,New York,Columbia County
36023,0.9199367601751257,0.6254459218420626,0.13089832982000973,0.07216681125344576,0.16703836954759202,0.015404572725798605,0.008431976649910815,0.00010134587319604345,0.002776876925571591,0.02217447705529431,0.08845640100535106,49336,New York,Cortland County
36025,0.38924551896623594,0.22286369320550228,0.19426844518549397,0.05075328053355565,0.15732263443101294,0.016235931638182575,0.007649020425177157,0.00025010421008753647,0.0027303042934556064,0.03251354731137974,0.11107894956231763,47980,New York,Delaware County
36027,1.1830930995535955,0.6950734147259722,0.13548109503576614,0.06710766551928145,0.09469578604851288,0.09922417038670467,0.03508376808476308,0.00036303985370838486,0.0030018017533480343,0.10510339912870435,0.09089284609799386,297488,New York,Dutchess County
36029,1.1692883397932115,0.8761117990524545,0.15708384928934088,0.03089013542893082,0.14970982888033374,0.13485330890113884,0.02588557637273315,0.00023830094689262094,0.006391688411174682,0.045408843903086596,0.10311349000985848,919006,New York,Erie County
36031,0.11315722631445263,0.0,0.18143256286512574,0.06725166116332233,0.09536047752095504,0.027254254508509018,0.0066802133604267205,0.0002286004572009144,0.0032004064008128016,0.02522225044450089,0.10302783845567691,39370,New York,Essex County
36033,1.4371014942150042,0.2111087424174887,0.1333359173627396,0.12403726235004553,0.1701344018294928,0.06060194965018702,0.004244268299773251,0.00019380220546909825,0.0735866974166166,0.029186612143646196,0.1068796100699626,51599,New York,Franklin County
36035,0.6842844537285481,0.5673587725774792,0.16028884767067045,0.02655183050908502,0.15597250184581585,0.019088437089193423,0.005780555005312348,0.00023410347373539105,0.0020889233041004123,0.022744052871369144,0.10897037690659273,55531,New York,Fulton County
36037,0.4822317282245044,0.4496246608631968,0.15629421262005028,0.031760630170275805,0.1137862314619085,0.026831338737329184,0.005942176134755905,6.657900431099053e-05,0.011301785981790642,0.026897917741640173,0.09716782902511693,60079,New York,Genesee County
36039,0.23412770971739705,0.11706385485869852,0.1729749497165844,0.06907575628288738,0.1269426464314012,0.057414518193454014,0.007943763840637127,0.00038601409967290384,0.0029458970764511083,0.04914568984782918,0.10504892220800066,49221,New York,Greene County
36041,1.4863523573200992,0.0,0.23366418527708852,0.0165517576509512,0.07743961952026468,0.007237386269644334,0.004962779156327543,0.0008271298593879239,0.002274607113316791,0.01054590570719603,0.12144623655913978,4836,New York,Hamilton County
36043,0.9989305475906323,0.44289279127078846,0.1682605124071979,0.02210925618809963,0.14558729986515598,0.010849517196484757,0.005145771013189913,0.0001704924130876176,0.002433391714068724,0.01611928269192021,0.10762344425673057,64519,New York,Herkimer County
36045,0.6335630878316166,0.3966405934033783,0.11170199034514805,0.053090155837227114,0.14004179466659783,0.050563199697102684,0.013062446756331156,0.0025643011418884617,0.005042551909888049,0.05284353460515786,0.08759487483973118,116211,New York,Jefferson County
36047,0.03065228943918991,1.0,0.11483788487544364,0.014216876805920606,0.21363483721411208,0.34337934583801305,0.10471734310624932,0.0004962850488838777,0.005399645214083316,0.1981443011663697,0.10572100555416035,2504609,New York,Kings County
36049,1.5456861224941854,0.0,0.1504780891202422,0.01156531915679108,0.14081323143943592,0.0067929264961051426,0.002768855908738509,0.000590689260530882,0.0019566581755085465,0.013179754125595303,0.10227437516151659,27087,New York,Lewis County
36051,0.6263667365008487,0.3360145581331335,0.13740002752588198,0.08805537595767131,0.13080140076154942,0.0244368663312587,0.01200434297248941,0.00027525881975134955,0.0028596332940834645,0.02755646628844066,0.08919867569923387,65393,New York,Livingston County
36053,0.5834672258380763,0.3514337844829934,0.13941613790474117,0.06528401868140846,0.09929624737888403,0.018381852346069007,0.007938236976117207,0.00023147517769123936,0.007134881947659377,0.017918901990686527,0.08656102774978895,73442,New York,Madison County
36055,1.4024720550300946,0.9128049763542563,0.13916998065348238,0.03531189783963887,0.15136856056534823,0.1520461629406707,0.032621721840068785,0.0003049763542562339,0.002869733447979364,0.07255615864144455,0.0999724768916595,744320,New York,Monroe County
36057,0.9632210916187101,0.48161054580935503,0.16585356140106333,0.018318982855094687,0.19906865927238696,0.018937055696051294,0.00734781656345208,0.0003783428582807304,0.003365260160497023,0.11258686951153946,0.11928397618431272,50219,New York,Montgomery County
36059,0.9722686729395043,1.0,0.15280038102859805,0.01617321004649385,0.05727769549365002,0.11126945828841715,0.07634457407512474,0.00025083387332292174,0.002377696090873529,0.1458382479851172,0.09772743913545925,1339532,New York,Nassau County
36061,0.0,1.0,0.13504121193547594,0.04246231417424474,0.16496010094417612,0.15554092596481206,0.11322168181018484,0.0005505014103051594,0.005466548368769103,0.25448362274068986,0.08684308313580233,1585827,New York,New York County
36063,1.011336496218858,0.6969589179051042,0.15885877423557185,0.01994747931574498,0.1341854491867196,0.06860566640026979,0.008421529179697787,0.00028641514489372613,0.010555783969067164,0.02168439822792178,0.10433407554892386,216469,New York,Niagara County
36065,0.8005126305526106,0.6231484201697131,0.16249622126565247,0.057039483196873124,0.1695390114405174,0.0625375212354226,0.02795198984957444,0.00029378329011738556,0.002575925949579975,0.046064368344637605,0.10938992280737608,234867,New York,Oneida County
36067,1.2407467678459014,0.8609841850346661,0.1404161652670301,0.036545403682021985,0.16129199873240463,0.10967269488208366,0.03094902639253489,0.0003168988450321824,0.008175133718465353,0.04031681319669569,0.09257556538608129,467026,New York,Onondaga County
36069,0.4318221826907932,0.3050467428264354,0.15391314821506333,0.03085512225403267,0.09918507194411244,0.022532914547257043,0.010432591192521148,0.00022236428829529978,0.0025571893153959473,0.03408659235993366,0.0903869231268125,107931,New York,Ontario County
36071,1.1979383766124034,0.7844147065687087,0.10993447116919206,0.03280527342125945,0.1136774549170764,0.10178293138919511,0.023859146542636656,0.00033528873724896933,0.004688677701689587,0.18021099049657602,0.08887105331627385,372813,New York,Orange County
36073,0.5132803208730733,0.28750320639880605,0.14406641326399738,0.06030061562857077,0.14224881654734978,0.05883450318307954,0.004174148263880792,0.00020987337639624093,0.0057598582188746125,0.04097194692535504,0.10615915397710048,42883,New York,Orleans County
36075,0.35862221457877796,0.31353135313531355,0.1261168300452874,0.04057746439656373,0.17921783816098733,0.007960101221040218,0.005920939488489792,0.00013103047277432457,0.004258490365165549,0.020899360407504772,0.09783444299764964,122109,New York,Oswego County
36077,1.5326619444578293,0.30726481311938836,0.1651327518912928,0.08545194429721005,0.14628702677524533,0.01712202251883262,0.010825744069130568,0.000289114826772033,0.0019434941133008882,0.030854976790504186,0.09590439936394739,62259,New York,Otsego County
36079,1.7278808544779862,0.8771838331160365,0.12453114030688998,0.025991709958880754,0.0536580383111022,0.023568348209808444,0.018874736736535953,0.00035101795206097684,0.0017550897603048842,0.11694915254237288,0.0827076020459332,99710,New York,Putnam County
36081,0.12714736268736676,1.0,0.1282771111614218,0.0125499642470473,0.1314726764503482,0.19128659073740745,0.22943353425222532,0.0006859187163905433,0.006887879188643338,0.27512244545713344,0.11893997493930963,2230585,New York,Queens County
36083,1.1461967396144992,0.6701666572580898,0.13552741345677385,0.03517567318367423,0.12482481857127624,0.06484391170991476,0.0220599765412817,0.00021326107546305878,0.0024148680603905187,0.03813609820045286,0.08803383951476834,159429,New York,Rensselaer County
36085,0.6361956776822478,1.0,0.12660593518656796,0.01672176668871205,0.13184646811597295,0.10636613828856697,0.07501973417532481,0.0004544193885605786,0.0036161542892496745,0.17291617775691762,0.0987260256437608,468730,New York,Richmond County
36087,1.4257476250212553,1.0,0.13424043992851803,0.023039202469143726,0.13530472557405346,0.1188949170161091,0.061898635490091024,0.0004170850885664144,0.002922803966800027,0.15651278365796456,0.09861157186536493,311687,New York,Rockland County
36089,1.162849281783749,0.36026942042449794,0.1389355391981705,0.09603619756306725,0.19303353462445508,0.021617951833059385,0.009692346173086543,0.00032158936611162723,0.010138998070463803,0.019170299435432,0.10334268026870579,111944,New York,St. Lawrence County
36091,0.9084728628868843,0.5603464370443565,0.1365803457995419,0.017986097893054415,0.06103913809669091,0.014885682150386827,0.01784551494260201,0.0002003579120884125,0.0017667924975069101,0.024038395861698397,0.0808327922151844,219607,New York,Saratoga County
36093,1.1392581773058355,0.9063317972945898,0.14918533933961106,0.028662881720708085,0.12117916071532442,0.09507067286252562,0.0320564607340671,0.0006786145921526301,0.003716222766550117,0.0570488667136311,0.09815573235440486,154727,New York,Schenectady County
36095,0.3659348377049681,0.20229625332071208,0.15939417997496108,0.047530981098659504,0.12678500106873494,0.013282848331246756,0.0066261565238633245,0.0001832117011206449,0.002137469846407524,0.028214601972579315,0.10113230938349263,32749,New York,Schoharie County
36097,0.0,0.0,0.16987406640135203,0.01931949517527122,0.13903287357575098,0.008668156790056152,0.0028893855966853842,0.00021806683748568935,0.00256228534045685,0.012756909992912827,0.10996140216976504,18343,New York,Schuyler County
36099,0.37692547729142434,0.26580806218263314,0.1552296388754929,0.07969362854954469,0.12163311679101303,0.045587359223851806,0.006921789452781481,5.6735979121159684e-05,0.0029502709143003035,0.02700632606167201,0.1022787154974327,35251,New York,Seneca County
36101,0.8130215173249823,0.3871704212546722,0.15878371552682088,0.015994426709768663,0.14067250227295686,0.015557126982523487,0.011728457419941407,0.00017173451863824627,0.002323467016870391,0.013849883826649156,0.10723735730881907,98990,New York,Steuben County
36103,1.5219580138614524,0.9730605685204406,0.13512773294940905,0.019691799578129707,0.07060464994810325,0.07447952589814846,0.03413265476947802,0.00033146951484916464,0.003593263468041651,0.16489034720594636,0.0847024562225868,1493350,New York,Suffolk County
36105,0.2879801926573562,0.1439900963286781,0.14771686847976065,0.049326178962435685,0.14561961133248222,0.09077075837878963,0.013862560769597793,0.00030948972880962515,0.004564973499941971,0.13609810824403265,0.1106628109404619,77547,New York,Sullivan County
36107,0.314640586797066,0.23788753056234718,0.15710513447432764,0.010228831295843522,0.10440725672371638,0.007334963325183374,0.007276283618581907,0.000293398533007335,0.0016821515892420538,0.013574572127139365,0.09850642542787286,51125,New York,Tioga County
36109,0.8285809932653302,0.5417175377102122,0.10760702611161435,0.13028813752904572,0.21924436808317907,0.039580953881296524,0.08602457563703675,0.00044307037926824463,0.003544563034145957,0.04198337993777323,0.06919404513410263,101564,New York,Tompkins County
36111,0.7619470335848498,0.43638934096102316,0.1481919854460171,0.06451586690996368,0.1412471875633586,0.06017765064961396,0.017019830897623472,0.00018630851594307726,0.003271358353471092,0.0871759464746593,0.09644331563402432,182493,New York,Ulster County
36113,1.1916690763541176,0.6793035749615718,0.1711689774301064,0.011221643051729648,0.10299537340009436,0.008979256395817797,0.006939899858462569,0.00012175262909583454,0.002191547323725022,0.017928074634361635,0.09249402651163499,65707,New York,Warren County
36115,0.44558339660845353,0.2159579853201721,0.1535528980005062,0.05003882561376866,0.1186501676790686,0.029944950645406226,0.00420779549481144,0.00020564414072386737,0.0020248038471273096,0.022873955960516324,0.09947848645912427,63216,New York,Washington County
36117,0.43785991553982,0.2382267627863328,0.14250522544042998,0.014823478223776821,0.11423413172375549,0.03078744188030542,0.005044149639551252,0.0002559399394275477,0.0027513543488461374,0.037068634560423155,0.09977173356652305,93772,New York,Wayne County
36119,0.9174871695994049,0.9525957393903571,0.14658107095783116,0.030242135657187287,0.09396950310447755,0.14552324117360105,0.054488770041080464,0.0004077491299771471,0.004177584755450615,0.2181320875385755,0.0934760992632068,949113,New York,Westchester County
36121,0.8735381330802989,0.30283477642035345,0.13576088245759696,0.09397435654133554,0.10654415846281579,0.05633969873087415,0.003795516546079943,0.0001660538488909975,0.0029889692800379552,0.029510141145771558,0.09573241608350136,42155,New York,Wyoming County
36123,0.0,0.0,0.16632475934985008,0.05078036925990217,0.11114991320814264,0.008008521382357582,0.00382673189206249,0.00015780337699226762,0.0014991320814265426,0.01660880542843617,0.1062438456682973,25348,New York,Yates County
37001,1.2476923993092086,0.663642799955006,0.14610503470499103,0.02798768816457246,0.16839451204584102,0.1877113232890671,0.01215501783221179,0.0003837730181101164,0.006749111697798599,0.11009653876438322,0.12358021848594927,151131,North Carolina,Alamance County
37003,0.7095542771116726,0.3547771385558363,0.1512715737405237,0.031212678100973175,0.14617576213774933,0.05492230765094898,0.009677939674176031,0.00032259798913920104,0.0026345502446368085,0.043039948384321736,0.11524385719662349,37198,North Carolina,Alexander County
37005,0.0,0.0,0.2065441506051098,0.009956880322725235,0.24323074854325416,0.012550425818018825,0.004840878529807261,0.0002689376961004034,0.0024204392649036306,0.090004482294935,0.14743182429403856,11155,North Carolina,Alleghany County
37007,0.45554401068724953,0.22777200534362477,0.14346148137153036,0.09218044381772303,0.19018331601603086,0.48575033397654743,0.01068724951758943,0.00014843402107763098,0.0061229033694522785,0.03013210627875909,0.15189694968086687,26948,North Carolina,Anson County
37009,0.7957186320149555,0.23928741615043436,0.20164216854220887,0.013528759942817346,0.17955195923903083,0.005901543198563102,0.0038488325208020234,0.00029324438253729705,0.0023826106081155382,0.04805542318829955,0.12432553792016424,27281,North Carolina,Ashe County
37011,0.0,0.0,0.17401809293701184,0.13563771984042255,0.14123762431870537,0.03983817497331011,0.003146597741192336,0.0004495139630274765,0.004214193403382593,0.04478282856661235,0.11760470865876271,17797,North Carolina,Avery County
37013,1.1795054335308528,0.2953370045436462,0.1838815720597165,0.010531189932787538,0.1949928809229674,0.2559308193220126,0.003454846206997634,0.0003978307753512427,0.004355200067003078,0.06629117025063339,0.147206369480098,47759,North Carolina,Beaufort County
37015,2.067568837515271,0.3751996992763838,0.1717883657550982,0.06220705290856121,0.23078286815148952,0.6247533126585847,0.004839770698242646,0.000281928390188892,0.004510854243022272,0.012545813363405696,0.17742406728690913,21282,North Carolina,Bertie County
37017,1.3907928388746804,0.17766410912190964,0.15575447570332482,0.014513265132139814,0.2616660699062234,0.34862176754759877,0.0019892014776925265,0.00014208581983518045,0.02128445581131003,0.0710997442455243,0.160419835180449,35190,North Carolina,Bladen County
37019,0.8531801807671902,0.43664305461179737,0.2143329206653573,0.00785186212545727,0.1321700254116596,0.11440831789706882,0.0053895058223417825,0.00035371540802933975,0.007083616460798093,0.0516517578724949,0.12365264216101499,107431,North Carolina,Brunswick County
37021,1.1609194437684103,0.6870777700383521,0.15985364093354257,0.032196406482095354,0.12447705586653127,0.06382648394162421,0.010141911227855219,0.0012126654302234828,0.003977878297065265,0.05981084097718175,0.10062259669852885,238318,North Carolina,Buncombe County
37023,0.8915434706089406,0.46172122492080253,0.16139783526927137,0.03686199621612108,0.1815271581309398,0.066129883843717,0.03503387891587469,0.0033328933474128827,0.003574885603660683,0.05097236888419571,0.12490332409362902,90912,North Carolina,Burke County
37025,1.359219374083624,0.7620596479992809,0.1128301060046851,0.008315147378532789,0.11409247181353961,0.152906281072518,0.019734735493873973,0.0003651459741251945,0.0037020184145923566,0.09419080843318671,0.09957890804500845,178011,North Carolina,Cabarrus County
37027,1.0723482156836768,0.5361741078418384,0.15435570704211782,0.011652421443110237,0.16853818545327537,0.049211721205843745,0.005154825422442761,0.0003251875850606415,0.003095304050392032,0.045718965662599816,0.1276731262570909,83029,North Carolina,Caldwell County
37029,0.0,0.0,0.12855711422845692,0.0017261723446893788,0.1119370741482966,0.13186372745490982,0.014629258517034067,0.000501002004008016,0.003306613226452906,0.02154308617234469,0.11093306613226454,9980,North Carolina,Camden County
37031,1.1071326483022161,0.5471272322436023,0.19044968331101716,0.014845228602807323,0.11834659766206804,0.06079525793979148,0.008725872211105929,0.00100798868645534,0.0047540958943266785,0.033714964870842044,0.11239096420887933,66469,North Carolina,Carteret County
37033,0.7946793709684219,0.0,0.15831190185083688,0.05768004131708758,0.19792238289978498,0.33812555335385136,0.0025296176061385387,0.00016864117374256924,0.0035836249420295964,0.03136725831611788,0.14556153294826932,23719,North Carolina,Caswell County
37035,1.219619326500732,0.6176680185024424,0.14105520931859702,0.015604576374402365,0.13569601834695966,0.0844854170175825,0.03467264411303593,0.0003433576491014395,0.0031679601964264893,0.08442711100169735,0.11504057450860986,154358,North Carolina,Catawba County
37037,0.8961814030391307,0.23309975592473034,0.1831509329974018,0.01224810014959452,0.12320059837808046,0.13214707503346193,0.011069994488622944,0.00037792299818911897,0.005416896307377372,0.12956460121250296,0.11529654357924574,63505,North Carolina,Chatham County
37039,0.7882597289024923,0.0,0.2289753680221542,0.01587727372103192,0.16748917796239615,0.01275324296749745,0.004809794490599038,0.00032794053344993443,0.013226934849147354,0.025069231890394988,0.13886095321381722,27444,North Carolina,Cherokee County
37041,2.1598053133238695,0.3666599067126344,0.19657946325964984,0.018418900831474346,0.1943233286013655,0.34272966943824784,0.0035151760968025417,0.0004731967822618806,0.0029067802338944094,0.03156898533089975,0.15190454944906373,14793,North Carolina,Chowan County
37043,0.0,0.0,0.23594974969301974,0.008610503447624445,0.1570029281193917,0.006045149711910834,0.002266931141966563,0.00018891092849721356,0.003022574855955417,0.02436950977614055,0.13313119863984132,10587,North Carolina,Clay County
37045,0.9985929566263586,0.4351128693488856,0.1496461999632945,0.020904237443667286,0.2003490487163278,0.20730439038316442,0.0077081506556006445,0.00024470319541589346,0.002365464222353637,0.028100083606925102,0.13585134280878486,98078,North Carolina,Cleveland County
37047,0.19577265998829563,0.09788632999414781,0.15198457778236774,0.05034585872147062,0.23696600571448243,0.30488140727735896,0.0026506936555475234,0.0004647320045440463,0.03175668697717649,0.04581913318875004,0.1511461323969844,58098,North Carolina,Columbus County
37049,1.0394570310613014,0.6180474373218685,0.15274624414279503,0.04770379015506497,0.15319659919810638,0.224076131587846,0.0202792135645621,0.0013042848171585914,0.004869329984058741,0.06059610646828656,0.11794769334814743,103505,North Carolina,Craven County
37051,1.371923827054982,0.8257620581596652,0.09454310946652016,0.031798384001552764,0.18185383697887805,0.36664256130431927,0.022195716758861853,0.0038349440098174566,0.016091112008540187,0.09451180380113389,0.11512339128011995,319431,North Carolina,Cumberland County
37053,0.0,0.0,0.1291459633923642,0.00572655539983862,0.10043445024843929,0.05779929502696734,0.006285301736951628,0.00046715080477343187,0.00454410328279611,0.02989765150549964,0.10211844396313756,23547,North Carolina,Currituck County
37055,1.6237028301886793,0.6890625,0.15232900943396227,0.00447825766509434,0.08614908608490567,0.024587264150943398,0.00625,0.0003832547169811321,0.0036851415094339623,0.06515330188679246,0.10027243514150944,33920,North Carolina,Dare County
37057,0.9421284642493154,0.4881751986149142,0.14359213644568328,0.010383089797271577,0.15655607264332813,0.08853866083817336,0.012242291776667198,0.00016576824371615566,0.004874814278171392,0.06390058817028696,0.12148897948157518,162878,North Carolina,Davidson County
37059,0.8120271580989331,0.40601357904946656,0.16559165858389913,0.00883623666343356,0.13720957807953443,0.06287584869059167,0.005795344325897187,0.0001454898157129001,0.003612997090203686,0.06052376333656644,0.11452507274490786,41240,North Carolina,Davie County
37061,0.5962054525254252,0.2073156140500812,0.1417827536108025,0.011614067173745834,0.24165809759849585,0.25250833262114347,0.0026493462097256643,0.0011110161524656012,0.004563712503204855,0.2061191351166567,0.15345090163233913,58505,North Carolina,Duplin County
37063,1.4319519550943072,0.8937077467552124,0.0976033604526446,0.037823677139429634,0.17222326904175528,0.37960558032460956,0.04588482825889537,0.0006427912087090734,0.005004054816636333,0.13481424455215765,0.10018457450585425,267583,North Carolina,Durham County
37065,0.9881878624982318,0.4940939312491159,0.14330173999151224,0.025295467887961522,0.23624091101994626,0.5735429339369076,0.001998160984580563,0.0002652426085726411,0.00298840005658509,0.03720469656245579,0.17250525180364973,56552,North Carolina,Edgecombe County
37067,1.6155445290444008,0.9154104999001911,0.12978298685373713,0.02809227678444121,0.1827441126985485,0.2601505689109419,0.01852168705620669,0.0006359255140160264,0.00415490347049933,0.11912909573102917,0.11848239655516583,350670,North Carolina,Forsyth County
37069,0.4989854666028803,0.042280473118989095,0.12665995809894587,0.027058148435309064,0.14597170854022665,0.26744090136755805,0.004750985664560617,0.000197957736023359,0.005427341262640426,0.07878717893729689,0.1259753212689091,60619,North Carolina,Franklin County
37071,1.291174558194152,0.7915918597090535,0.132439855206079,0.016091675320012034,0.15964145550886522,0.152513999010122,0.01202410644100036,0.00030569762138136505,0.004124491717050163,0.0592034393408577,0.11672086895761964,206086,North Carolina,Gaston County
37073,1.1520865786668852,0.0,0.1501188816922194,0.00499237517422317,0.10824235467737968,0.3315569402312044,0.0013937853570550136,0.0008198737394441257,0.005329179306386817,0.014183815692383374,0.13554751168320078,12197,North Carolina,Gates County
37075,0.0,0.0,0.1965918067938156,0.010492890192980477,0.18212933077530752,0.0019185193544746643,0.0032727683105744274,0.000451416318699921,0.06387540909603882,0.021893691456946168,0.13427446112176955,8861,North Carolina,Graham County
37077,0.9556212030175579,0.2555244008278256,0.12419053341344549,0.11597282195073103,0.13116204352760533,0.3279925228653448,0.005440950664263302,0.00056746111222378,0.005641231056812871,0.07480472661726417,0.1259758995927632,59916,North Carolina,Granville County
37079,0.0,0.0,0.12475423649471024,0.10858769778110663,0.25982117779234154,0.3728115345005149,0.0033704709296882313,0.00028087257747401933,0.007209062821833162,0.1429641419342758,0.14634416253159818,21362,North Carolina,Greene County
37081,1.3328235115866718,0.836328792029582,0.12310045331138438,0.0317183887994824,0.1655318587404741,0.32534203101518,0.03926241692362502,0.00048115707014246347,0.005311155063615107,0.07130543031821886,0.1124149723795367,488406,North Carolina,Guilford County
37083,0.6098809676180724,0.38666325355177267,0.1615622314457589,0.02588259494249511,0.2499021411201112,0.5322447934760747,0.006619004955111444,0.00034740633742297636,0.037867290779104425,0.021063794774277302,0.18019032381927558,54691,North Carolina,Halifax County
37085,0.6982333141491829,0.34911665707459144,0.10417865676066901,0.02947035787160571,0.17645727166500985,0.20904619892219956,0.008972950347930728,0.0012120895027817019,0.01213833516454769,0.10777132492718743,0.1099145956504299,114678,North Carolina,Harnett County
37087,0.5678345136041745,0.22007251041913733,0.21031409887168367,0.013768544370277504,0.1402915664283536,0.01057161250974147,0.0036255209568664655,0.0002541253007149392,0.005133331074441772,0.03386643174194423,0.1196680276488327,59026,North Carolina,Haywood County
37089,0.9606145774779838,0.5564830429080008,0.22358066329398538,0.01217101555180813,0.10690383174067827,0.030204234588720257,0.009574667416151397,0.0016676035225782276,0.0042064830429080005,0.097657860221098,0.11427389919430392,106740,North Carolina,Henderson County
37091,1.3365762698123151,0.3011471887794398,0.1580120799383842,0.09310647371194618,0.2355480562649479,0.6053346305079249,0.005310308484332563,0.00020268352993635738,0.011107057440512384,0.02610563865580283,0.16953593578985773,24669,North Carolina,Hertford County
37093,0.5730107343670131,0.28650536718350655,0.07418214346566707,0.01426887885500085,0.21362836513886524,0.3347248253535526,0.010308400068154712,0.0024919066280456635,0.09609814278411995,0.12402027602658033,0.11996042767081273,46952,North Carolina,Hoke County
37095,4.0,0.0,0.15060240963855423,0.1429,0.22300000000000003,0.3160068846815835,0.002753872633390706,0.00017211703958691912,0.004819277108433735,0.07074010327022376,0.15,5810,North Carolina,Hyde County
37097,0.9988396670785326,0.5304226747869064,0.1282324679967636,0.008103853559713242,0.12001228071275802,0.11946411435237743,0.01832698808933936,0.0002696990033681015,0.003430822205636082,0.06801432540752773,0.10502634896542208,159437,North Carolina,Iredell County
37099,0.2097787489756897,0.10488937448784486,0.15107645700379926,0.08873982021802289,0.2040451689801594,0.018499664771175286,0.00864145414814631,0.00039730823669638203,0.09446003327456483,0.05060713664920166,0.10548834148642944,40271,North Carolina,Jackson County
37101,0.45208375276827056,0.2464086500313836,0.10219803645235022,0.0104787361290399,0.1358677684482289,0.1512689633936925,0.006045784530844752,0.00030199315482182406,0.005560226909366525,0.1291701701820249,0.1089742358388896,168878,North Carolina,Johnston County
37103,0.0,0.0,0.17295380675662367,0.00897074756229686,0.26186713286713287,0.323943661971831,0.0031517777996651238,0.00019698611247907023,0.005614104205653501,0.039200236383334974,0.16733625529400176,10153,North Carolina,Jones County
37105,0.8912487471053814,0.5050979849998272,0.13716171845297756,0.017273874122973768,0.16310303114091176,0.1998582932983099,0.00845055818615422,0.0003456261016831991,0.007033491169253102,0.18276708257007568,0.12620353921128125,57866,North Carolina,Lee County
37107,1.1121606857719135,0.6397680477351038,0.1599125976972855,0.02086978905790403,0.2340479368014119,0.4054290276493823,0.004403731406000504,0.0008067904865955122,0.0037314060005042443,0.06583746533322128,0.1634195982855702,59495,North Carolina,Lenoir County
37109,0.8251964479652463,0.41259822398262314,0.13238356864498818,0.008675904938350477,0.14462503034562066,0.05545262888903086,0.005379160544304606,0.0002172107583210886,0.0031942758576630676,0.0669264677697566,0.10583422986009072,78265,North Carolina,Lincoln County
37111,0.2066405902746911,0.1341674815539159,0.16394790648057606,0.03701045648502089,0.1726354787092186,0.037958929682638455,0.007800693394968442,2.2224197706462796e-05,0.004200373366521469,0.05316028091385901,0.12074364387945595,44996,North Carolina,McDowell County
37113,0.5979010671540593,0.11809445197806732,0.23786922940864336,0.012934426036200696,0.16796833913094747,0.01317728907493662,0.006131713931961559,0.00011791757561464536,0.004864099994104121,0.06573904840516478,0.1282526678851483,33922,North Carolina,Macon County
37115,0.6992872278944327,0.0,0.17655557696012328,0.04951141398574456,0.17470415141591214,0.011558466576767483,0.003371219418223849,0.00038528221922558276,0.0023116933153534964,0.020371797341552686,0.11357199961471777,20764,North Carolina,Madison County
37117,0.37429096102836157,0.18714548051418078,0.17535196898592123,0.006363203427871863,0.18120432564782699,0.43464599061416037,0.0028973678841052847,0.00040807998367680065,0.002978983880840645,0.03138135074474597,0.1670503978779841,24505,North Carolina,Martin County
37119,1.400314475325322,0.9671834341531947,0.08820206453268553,0.01741487059427355,0.12946869872241681,0.30751924421531773,0.04605345428092042,0.0007263814568297799,0.004633400280766006,0.12172761347807318,0.09302269507093637,919627,North Carolina,Mecklenburg County
37121,0.47737338725207007,0.0,0.20925604981064252,0.013096463187624367,0.1389030104628025,0.0037229603954040697,0.003209448616727646,6.418897233455292e-05,0.00417228320174594,0.0405032415431029,0.12352063675460556,15579,North Carolina,Mitchell County
37123,0.4626951579250306,0.2313475789625153,0.15698971149003527,0.039331804446363056,0.19944826965968773,0.18817900568386214,0.01586445067990503,0.00010792143319663285,0.004316857327865314,0.14123318224332687,0.13421861284984532,27798,North Carolina,Montgomery County
37125,0.8809137987693633,0.4541797454870987,0.22647795392477932,0.009605927680261086,0.12307330560812266,0.13415753510034337,0.008544199802826159,0.0007252371185422734,0.008294899543327253,0.059616757510170315,0.1194668147359117,88247,North Carolina,Moore County
37127,0.7933222036727879,0.41416944908180303,0.13974332220367278,0.02305005634390651,0.15731431552587646,0.37197412353923204,0.007794240400667779,0.00019824707846410685,0.006855175292153589,0.06276085141903172,0.13622100375626045,95840,North Carolina,Nash County
37129,1.6040164803986874,0.9605753336787309,0.13860804776355068,0.03304809858633706,0.17816841585868304,0.14755877926627686,0.01189154516073323,0.000641452643525029,0.004958922359558878,0.052875434830878545,0.09771125255964278,202665,North Carolina,New Hanover County
37131,0.0,0.0,0.19620797321145753,0.03404263993845875,0.21932327254626904,0.5835105660889633,0.0017647857369111725,9.050183266211141e-05,0.004570342549436626,0.01380152948097199,0.184404316937418,22099,North Carolina,Northampton County
37133,1.2850448889588912,0.6715905766937426,0.07460117453817249,0.10015179555835566,0.13188553878001036,0.15566005895191593,0.018872488355871565,0.002739464032581059,0.0069639763292307,0.10066827171883086,0.07884796255878315,177772,North Carolina,Onslow County
37135,0.817572364930008,0.5965501005224176,0.09632962384436589,0.07143109916966242,0.14285317747998894,0.11904245857654278,0.06743596834104379,0.00030642521356342626,0.004260057847101292,0.08233869702020165,0.07944676796137548,133801,North Carolina,Orange County
37137,0.9309951308581862,0.0,0.21736153377967132,0.053625319537431534,0.14906398356664638,0.20024345709068778,0.003804017041996348,0.0008368837492391966,0.005858186244674376,0.03134510042604991,0.1473686853317103,13144,North Carolina,Pamlico County
37139,0.8917881999950813,0.3463269471975603,0.1355844666879811,0.0753307887164605,0.1673049605272866,0.37763458842625613,0.011165490273234794,0.0004672782272939672,0.003467696318339441,0.04038267627456285,0.1275668576768894,40661,North Carolina,Pasquotank County
37141,0.7197464427293793,0.22678438056571615,0.15102361299959782,0.020866139379895437,0.15478552961679148,0.1775092402857307,0.003964226209855028,0.0003447153225960894,0.005572897715303445,0.06116781890955053,0.12265262270907941,52217,North Carolina,Pender County
37143,1.5282093213409649,0.0,0.21459897420649668,0.006216747193934438,0.15215609901137295,0.24879209098342378,0.002824648777224411,0.00014866572511707427,0.003047647364900022,0.02125919869174162,0.14360172452241135,13453,North Carolina,Perquimans County
37145,0.9829718224204338,0.23173018447192378,0.1518599229677681,0.011209362963713764,0.180002508615447,0.26976484897628217,0.0029393877964727345,0.00010135819987837016,0.006740320291911616,0.040365903101560914,0.13577511149401988,39464,North Carolina,Person County
37147,1.2299581321217024,0.733794038585056,0.09883554963484549,0.03881074232223993,0.2390499976211433,0.3405154982515403,0.01553988153293527,0.0005768727549539691,0.0034612365297238146,0.05472559887717963,0.10895763256179081,168148,North Carolina,Pitt County
37149,0.2802535348610434,0.1401267674305217,0.24344222330570453,0.016097547537786448,0.09582642613359336,0.04475865431496831,0.003315455875182838,9.751340809361287e-05,0.0035104826913700633,0.054705021940516824,0.12582920526572405,20510,North Carolina,Polk County
37151,0.982476437722219,0.3879592527795022,0.14073170043456176,0.009154499407415768,0.15960672159828432,0.05767819854393589,0.010095095660025961,0.00023280094813477059,0.006715954624978837,0.10368813138438963,0.11837945143631132,141752,North Carolina,Randolph County
37153,1.1503891592872917,0.5173567186260426,0.14346362486331182,0.024877047106498854,0.24042582388130104,0.3059456677887605,0.0092411929929887,0.0005574733592058149,0.0251506250134008,0.05877055683012072,0.1506442462316945,46639,North Carolina,Richmond County
37155,0.5000521733945501,0.31732603899588574,0.11238149186095045,0.030588737254785045,0.2884614364080854,0.24325472541887783,0.007401168684037922,0.0006409874187585713,0.3838620237314412,0.08147993560312444,0.16937491801323712,134168,North Carolina,Robeson County
37157,0.6916373888064244,0.38834723364266416,0.16200890616490288,0.011274124066935062,0.18042102452932948,0.18853518148713733,0.004591907563832855,0.0006407312879766774,0.003684204905865895,0.05509221191119464,0.13567149706865436,93643,North Carolina,Rockingham County
37159,0.879850897217326,0.47639928338197474,0.14442887277140462,0.03095833574132401,0.16501827664923283,0.16175918166844858,0.010012425231889503,0.00035397462941023493,0.0033808189094691825,0.07689195827433756,0.12003134481463289,138428,North Carolina,Rowan County
37161,0.7027871995280932,0.24580445362040998,0.17292434744138033,0.018046403185370888,0.1799747234921103,0.10107653738386668,0.004365137885267659,7.37354372511429e-05,0.002521751953989087,0.035348768618197905,0.12978467777613922,67810,North Carolina,Rutherford County
37163,0.6601031041604263,0.0803077359650644,0.1425801264366004,0.017126245841938482,0.23811084485503933,0.27002569721429587,0.0038151692390156235,0.0011350916744178713,0.020447415301666376,0.16458829279059134,0.14868939477542525,63431,North Carolina,Sampson County
37165,1.5882401747932626,0.483557817296789,0.13590729319357248,0.047853901042675,0.2757847996238626,0.3856238072848964,0.007633376662886855,0.00022125729457643056,0.10880327460795973,0.02085350001382858,0.16113446912077883,36157,North Carolina,Scotland County
37167,0.3368655607823719,0.21886605595444417,0.15692002971032434,0.03386153338285054,0.14314728068003635,0.10943302797722208,0.018453412560864902,0.0006932409012131716,0.003251629941404638,0.03575142361970785,0.11655870264917058,60585,North Carolina,Stanly County
37169,0.9474061728655514,0.14522900360751884,0.15980675513174827,0.009615773928820069,0.13782415982785173,0.04042108816269699,0.0026370751671905657,0.00014767620936267166,0.003291069808653826,0.026455138077255753,0.11976186156410203,47401,North Carolina,Stokes County
37171,0.4339988869735181,0.25713626430306896,0.16627529759884896,0.01180146322261887,0.16882179360145508,0.037313534130549865,0.004710002307493926,0.00024432288626769643,0.0029725951162569734,0.09711834729140933,0.12585481791158226,73673,North Carolina,Surry County
37173,0.0,0.0,0.16601101494885917,0.0174518703955368,0.174976325012517,0.005435948787640369,0.004792218010156641,0.00028610256777054574,0.27000929833345255,0.03862384664902368,0.14196287819183176,13981,North Carolina,Swain County
37175,0.7346025989724992,0.3673012994862496,0.25805379268661227,0.032349721970383806,0.14591659111514052,0.03904502870957993,0.004351767905711695,0.00024176488365064975,0.0028709579933514657,0.029132668479903295,0.12844239951647024,33090,North Carolina,Transylvania County
37177,0.0,0.0,0.16836850465169048,0.1434,0.252,0.3818924438393465,0.018152938506920808,0.0002269117313365101,0.0038574994327206717,0.05445881552076242,0.156,4407,North Carolina,Tyrrell County
37179,1.3405003676251417,0.7306003219203943,0.09670528386622419,0.010187689028873478,0.0937971255688254,0.11703396061443078,0.016250024839536595,0.0003129781610794269,0.004048844464757666,0.1041621127516245,0.09452845120521432,201292,North Carolina,Union County
37181,0.7892871295847828,0.37591915811721194,0.14136321606270089,0.01862464884857558,0.2440234688036634,0.49854695962309015,0.004447184183875655,0.000154110343005592,0.003236317203117432,0.0671700937871516,0.16146975034124433,45422,North Carolina,Vance County
37183,1.4570386509515951,0.9190320113745212,0.08496372207010071,0.02329079338617321,0.10263355239571967,0.20701118028416324,0.053889125056467486,0.00042954134529685526,0.0049979965836479045,0.09758690997723542,0.07973429704504412,900961,North Carolina,Wake County
37185,0.5325672325004768,0.0,0.18887087545298492,0.05569306217814228,0.1872375548350181,0.5230783902345986,0.002431813847034141,0.00014304787335494946,0.050066755674232306,0.032996376120541675,0.18214223726873927,20972,North Carolina,Warren County
37187,0.0,0.0,0.18249168430601753,0.011437050196552766,0.2380266858179619,0.4979588751133958,0.0028726942848503177,7.559721802237678e-05,0.0018143332325370426,0.03522830359842758,0.17361286664650744,13228,North Carolina,Washington County
37189,0.6960982008261712,0.34616965876387557,0.12390610622760821,0.104231801718906,0.29746612110652126,0.017169482566220952,0.00929932066015388,0.0002545077233305272,0.002525499716126001,0.03353628692809178,0.08449278568491943,51079,North Carolina,Watauga County
37191,0.8737512538430801,0.46865596176899926,0.13111732709198112,0.026251390032864964,0.21854416381918565,0.31396230723436874,0.011669915105649022,0.0005219249243616613,0.003922592009655611,0.09918204578260195,0.1343856291234108,122623,North Carolina,Wayne County
37193,0.3874531295067782,0.08244880299971157,0.16985866743582348,0.013956045572541103,0.19987617536775312,0.040813383328526104,0.004268820305739832,0.00028843380444188056,0.001918084799538506,0.054398615517738676,0.1260209547158927,69340,North Carolina,Wilkes County
37195,0.785730113006869,0.5644311495186745,0.14177561119728194,0.01961029002634365,0.22317034739148633,0.39005834995199057,0.008223157791072704,0.0003077529113425413,0.0029298077159809932,0.09508333948839157,0.15055874387571705,81234,North Carolina,Wilson County
37197,0.37129615164297247,0.18564807582148624,0.1625006509399573,0.007930547310316095,0.15195789720356195,0.031036817163984796,0.002030932666770817,0.0003124511795032026,0.002056970265062751,0.09761495599645889,0.12334195177836796,38406,North Carolina,Yadkin County
37199,0.0,0.0,0.20608373554832193,0.00925736334044225,0.1921174654843417,0.008137838141205523,0.0019081827365585364,0.0002806151083174318,0.004433718711415423,0.0456841396340779,0.12860141430014593,17818,North Carolina,Yancey County
38001,3.0,0.0,0.24242424242424243,0.0222,0.083,0.0034144259496372174,0.0038412291933418692,0.0008536064874093043,0.006828851899274435,0.008536064874093044,0.11000000000000001,2343,North Dakota,Adams County
38003,2.0491595879269835,0.5992228447496837,0.19609615037050424,0.044447731791071754,0.10641740466293151,0.007771552503162841,0.0052412795951563345,0.00018073377914332186,0.006506416049159588,0.011115127417314297,0.1044725284655702,11066,North Dakota,Barnes County
38005,2.2477477477477477,0.0,0.12807807807807808,0.0023875675675675673,0.3413888888888889,0.00015015015015015014,0.00045045045045045046,0.00015015015015015014,0.55,0.01156156156156156,0.1469219219219219,6660,North Dakota,Benson County
38007,4.0,0.0,0.19284802043422733,0.0115,0.086,0.002554278416347382,0.005108556832694764,0.0,0.0038314176245210726,0.005108556832694764,0.10500000000000001,783,North Dakota,Billings County
38009,2.2213407995022556,0.0,0.21496344688131902,0.0419772126302691,0.10184849898895629,0.003888629646912428,0.0024887229740239536,0.00015554518587649713,0.021154145279203607,0.012754705241872765,0.10719349821123035,6429,North Dakota,Bottineau County
38011,1.2338940019041573,0.0,0.21961282132656298,0.026020628371945412,0.07908029197080292,0.000952078705172961,0.0006347191367819739,0.0,0.005712472231037766,0.024754046334496984,0.10347572199301809,3151,North Dakota,Bowman County
38013,3.0,0.0,0.20934959349593496,0.001,0.066,0.0020325203252032522,0.007113821138211382,0.0,0.007621951219512195,0.018800813008130083,0.11,1968,North Dakota,Burke County
38015,1.4206597136813106,0.7665543365966448,0.13421803512569488,0.03398060215476952,0.08793512323510601,0.005940374870861416,0.004821173808235352,0.00033207064495498597,0.04173021104934324,0.012126727997245044,0.07871513258227973,81308,North Dakota,Burleigh County
38017,1.4442975603893762,0.9070090400459346,0.09714377278371991,0.03345467959246352,0.12009854584785482,0.022887206398803563,0.023581567386398536,0.00034718049379748694,0.012198053118615552,0.020129792092296598,0.07046259797834127,149778,North Dakota,Cass County
38019,1.6115702479338843,0.0,0.2559479088404708,0.020754545454545456,0.09951239669421488,0.0010017530678687703,0.002253944402704733,0.00025043826696719256,0.009266215877786126,0.006010518407212622,0.11807438016528926,3993,North Dakota,Cavalier County
38021,0.8508224617129893,0.0,0.2212138400453772,0.05653134808092266,0.05146833049725846,0.0069956513518623555,0.004159576479485725,0.00018907165815844202,0.005861221402911704,0.018907165815844205,0.0988648137644167,5289,North Dakota,Dickey County
38023,3.0,0.0,0.26605504587155965,0.0319,0.13699999999999998,0.0024142926122646064,0.003380009657170449,0.0,0.005311443746982134,0.014485755673587638,0.126,2071,North Dakota,Divide County
38025,4.0,0.0,0.17420814479638008,0.0359,0.089,0.0022624434389140274,0.002828054298642534,0.0,0.12697963800904977,0.010746606334841629,0.105,3536,North Dakota,Dunn County
38027,3.0,0.0,0.24570230607966456,0.0352,0.13699999999999998,0.0016771488469601676,0.0025157232704402514,0.0008385744234800838,0.02431865828092243,0.02180293501048218,0.11800000000000001,2385,North Dakota,Eddy County
38029,3.0,0.0,0.2735211267605634,0.0149,0.102,0.0005633802816901409,0.0016901408450704226,0.0,0.003943661971830986,0.009577464788732394,0.128,3550,North Dakota,Emmons County
38031,3.0,0.0,0.22674244690397846,0.0182,0.07200000000000001,0.0008973975471133712,0.0008973975471133712,0.0,0.005982650314089142,0.008674842955429255,0.106,3343,North Dakota,Foster County
38033,4.0,0.0,0.2130952380952381,0.031,0.065,0.005952380952380952,0.0005952380952380953,0.0005952380952380953,0.005952380952380952,0.020833333333333332,0.11,1680,North Dakota,Golden Valley County
38035,1.5753727883220412,0.812252284590419,0.10324404361286849,0.06306031767398036,0.18814687186850332,0.020355663241650588,0.01932367149758454,0.0005982560835165493,0.024782758259673052,0.02917994047351969,0.07547692974977939,66861,North Dakota,Grand Forks County
38037,3.0,0.0,0.2694235588972431,0.0104,0.11800000000000001,0.0004177109440267335,0.0012531328320802004,0.0,0.011278195488721804,0.0029239766081871343,0.135,2394,North Dakota,Grant County
38039,3.0,0.0,0.26322314049586776,0.0194,0.081,0.002892561983471074,0.001652892561983471,0.0,0.003305785123966942,0.00371900826446281,0.121,2420,North Dakota,Griggs County
38041,4.0,0.0,0.25756964069438837,0.06822486879289463,0.09346871215179653,0.0024222850222042794,0.0004037141703673799,0.0012111425111021397,0.020993136859103756,0.004844570044408559,0.12315623738393218,2477,North Dakota,Hettinger County
38043,4.0,0.0,0.20985626283367556,0.0,0.1,0.0024640657084188913,0.009034907597535934,0.0,0.0024640657084188913,0.02915811088295688,0.11900000000000002,2435,North Dakota,Kidder County
38045,3.0,0.0,0.2469195457840058,0.015669437062092294,0.11581299830877025,0.0014496255134090362,0.0014496255134090362,0.0,0.003865668035757429,0.008214544575984537,0.12022275912056052,4139,North Dakota,LaMoure County
38047,4.0,0.0,0.2798994974874372,0.0362,0.075,0.0010050251256281408,0.002512562814070352,0.0,0.004522613065326633,0.006030150753768844,0.12,1990,North Dakota,Logan County
38049,4.0,0.0,0.20722891566265061,0.00887076923076923,0.08669341983317887,0.0014828544949026874,0.0029657089898053753,0.0,0.005560704355885079,0.014828544949026877,0.10579369786839668,5395,North Dakota,McHenry County
38051,3.0,0.0,0.33962264150943394,0.036699999999999997,0.081,0.002135991456034176,0.003915984336062656,0.0,0.004271982912068352,0.013527945888216448,0.138,2809,North Dakota,McIntosh County
38053,2.089622641509434,0.0,0.14182389937106918,0.023889827044025157,0.16813018867924528,0.0012578616352201257,0.002987421383647799,0.00031446540880503143,0.2220125786163522,0.021855345911949684,0.11115943396226416,6360,North Dakota,McKenzie County
38055,3.5638250390537825,0.0,0.21658112028565052,0.021887234992189242,0.08246775273376479,0.0008926578888640928,0.0013389868332961392,0.0002231644722160232,0.06973889756750726,0.012385628207989288,0.11196797589823701,8962,North Dakota,McLean County
38057,1.6971747388414056,0.38046058879392214,0.157644824311491,0.014950641025641026,0.07072139126305793,0.0020180436847103515,0.003205128205128205,0.0014245014245014246,0.023266856600189935,0.01436372269705603,0.09684271130104463,8424,North Dakota,Mercer County
38059,1.5426813730843434,0.4455971752029413,0.14608132212150995,0.02171913290378945,0.08104211714171308,0.004368242874303811,0.001965709293436715,0.0008736485748607623,0.03640202395253176,0.014560809581012704,0.09199694222998799,27471,North Dakota,Morton County
38061,1.5607976019809722,0.0,0.13684347712759026,0.07350673791215952,0.10049081193796428,0.0020852339371823275,0.0019549068161084323,0.00013032712107389547,0.30600808028150656,0.03727355662713411,0.10577661931447935,7673,North Dakota,Mountrail County
38063,4.0,0.0,0.2744721689059501,0.025599999999999998,0.10499999999999998,0.0025591810620601407,0.0009596928982725527,0.0003198976327575176,0.009596928982725527,0.01055662188099808,0.12200000000000001,3126,North Dakota,Nelson County
38065,3.0,0.0,0.1668472372697725,0.0011,0.09,0.0016251354279523294,0.0021668472372697724,0.0,0.015167930660888408,0.010292524377031419,0.105,1846,North Dakota,Oliver County
38067,1.1736139214892756,0.0,0.20086334817213003,0.020096560097126667,0.06902455146364495,0.0028328611898017,0.0014838796708485094,0.0002697963037906381,0.01942533387292594,0.025630648860110617,0.10509915014164306,7413,North Dakota,Pembina County
38069,0.0,0.0,0.23617167775992656,0.059880514115216894,0.17087261877438603,0.004590314436538903,0.0006885471654808355,0.00022951572182694515,0.039017672710580674,0.010098691760385586,0.11691760385586412,4357,North Dakota,Pierce County
38071,2.1246179372980527,0.7515500829621867,0.18094489564230198,0.042951707274473845,0.11430067243035542,0.0035804733211073267,0.0039297877914592615,0.0004366430879399179,0.08680464588245568,0.01196402060955375,0.09882647803685266,11451,North Dakota,Ramsey County
38073,0.0,0.0,0.1986439435587319,0.033897746014293566,0.059018141836173724,0.0034817665383910573,0.003665017408832692,0.0005497526113249038,0.004214770020157596,0.012094557449147883,0.1089114898295767,5457,North Dakota,Ransom County
38075,3.0,0.0,0.20323886639676114,0.0219,0.047,0.0008097165991902834,0.0020242914979757085,0.0,0.004048582995951417,0.009716599190283401,0.10099999999999999,2470,North Dakota,Renville County
38077,1.5099564977636175,0.48042399362784144,0.14852031125543777,0.060400343116230625,0.09719526989767785,0.006739783101525642,0.005391826481220514,0.0005514367992157344,0.020219349304576924,0.016604374731940444,0.09163776729367072,16321,North Dakota,Richland County
38079,0.3934849680706034,0.0,0.10030853124775777,0.008730767023032215,0.29199347061778,0.0015067805123053742,0.0011480232474707613,7.175145296692258e-05,0.7722608882829878,0.009542943244600702,0.1568524790127,13937,North Dakota,Rolette County
38081,0.0,0.0,0.18986680595455732,0.009642465395664664,0.03857560720814834,0.0005223295899712719,0.0023504831548707234,0.0010446591799425438,0.005223295899712719,0.013319404544267433,0.09924418908331158,3829,North Dakota,Sargent County
38083,4.0,0.0,0.29977289931869794,0.0,0.14,0.003028009084027252,0.001514004542013626,0.001514004542013626,0.010598031794095382,0.012112036336109008,0.136,1321,North Dakota,Sheridan County
38085,1.1377317601733687,0.0,0.07079219841078738,0.0106149289670118,0.3655208283168794,0.0016855285335901757,0.000963159162051529,0.0004815795810257645,0.8408379484709848,0.019744762822056346,0.1551396580784975,4153,North Dakota,Sioux County
38087,4.0,0.0,0.1856946354883081,0.0,0.055,0.0,0.0,0.0,0.02200825309491059,0.016506189821182942,0.11,727,North Dakota,Slope County
38089,1.8137526344063803,0.7659407413529484,0.16013058390842597,0.03757447415182446,0.09058886730856647,0.008140832265796108,0.012066614322905905,0.0003719161948840861,0.009917765196908963,0.018761105830819455,0.0888091656680028,24199,North Dakota,Stark County
38091,3.0,0.0,0.22329113924050634,0.0,0.06,0.0015189873417721519,0.0010126582278481013,0.0,0.011645569620253165,0.010126582278481013,0.102,1975,North Dakota,Steele County
38093,1.7233175355450236,0.46151658767772513,0.1714691943127962,0.08214583886255925,0.11786293838862559,0.006635071090047393,0.004739336492890996,0.0005687203791469195,0.014218009478672985,0.017109004739336492,0.09671805687203791,21100,North Dakota,Stutsman County
38095,3.0,0.0,0.24577025823686555,0.0191,0.122,0.0008904719501335708,0.0004452359750667854,0.0,0.021816562778272486,0.004452359750667854,0.125,2246,North Dakota,Towner County
38097,0.8910232729959364,0.0,0.18729220539342445,0.044568735377416575,0.06954045068341339,0.005171776874769117,0.0025858884373845584,0.00012313754463735992,0.007880802856791035,0.026351434552395026,0.09312584657061938,8121,North Dakota,Traill County
38099,1.3424768414425758,0.388973828581707,0.2011871571184459,0.029850975807176907,0.09680447882003779,0.0022484036334202715,0.003237701232125191,0.00035974458134724346,0.015109272416584225,0.08714812483136973,0.1139873190035075,11119,North Dakota,Walsh County
38101,1.4921605188488043,0.7774787190920146,0.13013376570733684,0.043540622618565054,0.09409746250506688,0.025002026753141466,0.00945277665180381,0.0013619781110660722,0.026428860964734496,0.030304012971220106,0.08160314552087555,61675,North Dakota,Ward County
38103,2.2666983598763966,0.0,0.2902305681007844,0.028272854765866412,0.0664000475398146,0.0007130972189208462,0.0009507962918944616,0.0002376990729736154,0.0030900879486570002,0.004991680532445923,0.11716662705015451,4207,North Dakota,Wells County
38105,1.789847307795339,0.7331011697472989,0.14858469506205912,0.024984114653094025,0.06704201267970354,0.0028127511384945084,0.0035271006339851773,0.000223234217340834,0.040137512277881954,0.019466023752120726,0.08794664702205554,22398,North Dakota,Williams County
39001,0.8525744308231173,0.17330998248686516,0.14816112084063046,0.01185460945709282,0.230330823117338,0.0030472854640980736,0.0011558669001751315,7.005253940455341e-05,0.0037828371278458843,0.00851138353765324,0.1433397197898424,28550,Ohio,Adams County
39003,0.9345628273974664,0.6485220678823673,0.1476239290517347,0.055798304351506144,0.1509756515033245,0.11886467728131965,0.006959400363017371,0.00014106892627737912,0.001946751182627832,0.023633747449003584,0.12747654964215516,106331,Ohio,Allen County
39005,0.49978358644310206,0.3079094450403658,0.15837708650896704,0.040349519185532284,0.13320130224505541,0.007489790925685466,0.005175106795385687,0.0007339242364365156,0.0016748527446884586,0.00942810365268447,0.11483994806074635,53139,Ohio,Ashland County
39007,0.9078396405805098,0.4857779047656581,0.15642826881582708,0.031439090810565826,0.20230010739233673,0.035331093529858026,0.0036946904834625656,0.00021675517502980384,0.002374454417371942,0.0339024798762525,0.13798696513197434,101497,Ohio,Ashtabula County
39009,1.0032737773522553,0.34868817270719765,0.10096205815587504,0.14429978843985977,0.36987817533239653,0.02739472180613679,0.026977778464104266,0.000247077536019272,0.0025016600521951295,0.015473230693206911,0.09397669749988419,64757,Ohio,Athens County
39011,0.9228710091623321,0.5010990445929182,0.1536703736751616,0.011433262965461707,0.08704694335023613,0.0028727502230734073,0.0037432805937017127,0.0003482121482513221,0.0018281137783194411,0.011817449781279245,0.10788744042307775,45949,Ohio,Auglaize County
39013,1.11171875,0.55671875,0.17640625,0.054454156249999996,0.1316280965909091,0.040255681818181815,0.0036789772727272726,9.943181818181819e-05,0.00125,0.00609375,0.12280458806818181,70400,Ohio,Belmont County
39015,0.5978013646702047,0.11751326762699014,0.14424920840208713,0.012827172992017128,0.16036999955402934,0.008562636578513133,0.002408241537706819,6.689559826963385e-05,0.0016723899567408465,0.005998305311510503,0.12427636801498461,44846,Ohio,Brown County
39017,1.577994186836172,0.88278325591503,0.11540488414418819,0.02975079455627088,0.14336762828348681,0.07326759568630646,0.02393447966750876,0.0007823323282536061,0.002091652405400266,0.03985005297041806,0.10549094613315947,368130,Ohio,Butler County
39019,0.3743237619642114,0.1871618809821057,0.16656263004577612,0.014037037037037035,0.13148099597725066,0.0048203634345956444,0.0019766957969205162,0.0,0.002670273269524206,0.00825357192398391,0.12520377306145097,28836,Ohio,Carroll County
39021,0.41150210738958026,0.30800309250068586,0.14360176571813352,0.019778354989151307,0.11204212285208369,0.02224605332069731,0.003815746813976108,0.0003242137815796693,0.0035663515973763625,0.011247724268648528,0.11712060752674765,40097,Ohio,Champaign County
39023,1.0959134841288773,0.7221125834038155,0.1620871375593676,0.020230086096593002,0.16228802960970992,0.08767250041566366,0.006202424584155625,0.00036867558717008957,0.002537355511700028,0.027506090376121388,0.13155891219014984,138333,Ohio,Clark County
39025,1.4759180239806209,0.7542037035160091,0.11778985029849082,0.008707225606356991,0.0948726929041282,0.011574754467226823,0.009730091320961252,0.0003091331096763731,0.0020423056262225962,0.014676221075783221,0.10228391595633622,197326,Ohio,Clermont County
39027,1.1199333967649858,0.5599666983824929,0.1352045670789724,0.027247526165556615,0.13114540913415795,0.022169362511893435,0.005066603235014272,0.0004043767840152236,0.002283539486203616,0.01329686013320647,0.11910730256898194,42040,Ohio,Clinton County
39029,0.9190845782216411,0.43387950779388174,0.1649929062230506,0.036566555391734125,0.14690685360855332,0.02230135106313925,0.0029858773564785195,0.00025036859821403733,0.0018731280310827977,0.012499884088611938,0.13071580382229395,107841,Ohio,Columbiana County
39031,0.707650199181594,0.22143031354163845,0.16238042329476166,0.011590637110105417,0.16609262621609172,0.010704316956180049,0.00279125226958619,8.129860979377253e-05,0.0021950624644318582,0.0075607707108208445,0.13201796699276444,36901,Ohio,Coshocton County
39033,1.1063402156038735,0.674355929106523,0.1780559108350082,0.013218483921067057,0.14796546683720083,0.008633290699799014,0.0035629453681710215,0.00015987575369998174,0.0013703636031427006,0.012173396674584324,0.13158112552530604,43784,Ohio,Crawford County
39035,1.1090506288077455,0.9940833718062589,0.1550954948789997,0.022849939732259687,0.1836740136283992,0.29700083039025216,0.025687415486504793,0.00022263520401587039,0.0020138721261505747,0.04786266298263992,0.1262526433048126,1280121,Ohio,Cuyahoga County
39037,0.5077701618232973,0.3493079552106346,0.1686021261730773,0.011457501085745576,0.1013366755414566,0.00449404256122661,0.003058970146717272,7.553012707943881e-05,0.001529485073358636,0.012198115523329368,0.12641484922298382,52959,Ohio,Darke County
39039,0.9461536491021338,0.5290365550631452,0.15003714424776493,0.018449235340830494,0.10820524118144324,0.018572123882470478,0.0030483899889848093,0.00030740067115813205,0.002510438814458078,0.08732740733150601,0.1162408484258524,39037,Ohio,Defiance County
39041,1.4390634506985662,0.7440906012145981,0.09480868357307679,0.01359252241496091,0.04685373735750284,0.03350476999552275,0.04268313683171272,0.0002927434075332637,0.0014464968372231853,0.02106030514195185,0.08340462878987911,174214,Ohio,Delaware County
39043,1.028023196979722,0.6279920600941891,0.1726151091737049,0.021747651111197603,0.12109723789877917,0.08619727811725632,0.006006824167412655,0.00010378961844341519,0.003009898934859041,0.03378352080333165,0.12916602446840256,77079,Ohio,Erie County
39045,1.0158734502859958,0.6140014778729577,0.12366923013766112,0.01964718793617778,0.0962388064807466,0.05953912258135143,0.011255097293303045,0.0003078901995128493,0.0021141793699882318,0.017173431128383373,0.10668759407756097,146156,Ohio,Fairfield County
39047,0.8968653117464692,0.5915604547020323,0.14967275232518085,0.02041293833964864,0.16942810885291076,0.02018601446779194,0.005408198415432311,0.00027557698932139166,0.002307957285566655,0.017912504305890458,0.12746303823630728,29030,Ohio,Fayette County
39049,1.3700958903638607,0.969276576139837,0.09945230064671845,0.02168141363506651,0.173321476828501,0.21249995702296348,0.03867589469594606,0.0006412173847269927,0.0024514101625219614,0.04789189040511874,0.10369396138255407,1163412,Ohio,Franklin County
39051,0.8701578528268303,0.4759941917654223,0.14052180429996722,0.009153740222024451,0.09364277015316877,0.0042859150311489996,0.0042859150311489996,9.36812028666448e-05,0.002904117288865989,0.07824722469436507,0.11390915265352007,42698,Ohio,Fulton County
39053,1.0811728195513028,0.12129048942910713,0.15969483416305683,0.029764469515743196,0.2189836102670201,0.026249434279433635,0.004525764530936833,3.232688950669167e-05,0.0038145729617896167,0.008889894614340208,0.13037815995344929,30934,Ohio,Gallia County
39055,0.7490389660452516,0.3745194830226258,0.15498613327051367,0.009269083082590026,0.0608425403420103,0.012828063262268576,0.00596429986400968,0.00011778689138977823,0.0008030924412939425,0.01071860711646982,0.10714824015676365,93389,Ohio,Geauga County
39057,1.2772121579719384,0.7599289485248154,0.13614898528838357,0.05430800381251818,0.13094533121251695,0.0722954949156109,0.029107586044698062,0.0005508346072673033,0.002648957437195571,0.021284496790924225,0.09942906921329678,161573,Ohio,Greene County
39059,1.0980367700251952,0.45852770224761147,0.16030134457554818,0.012720171127797041,0.20403360191583306,0.014717988375283758,0.0027440317309851076,0.0002494574300895552,0.0024945743008955522,0.008706064310125477,0.13671125302467135,40087,Ohio,Guernsey County
39061,1.4464900408039143,0.9738488535271581,0.1331835278810131,0.024314622482782343,0.16627007854192682,0.25667830712361067,0.020167652491232268,0.0007515198648012024,0.0020152696872032245,0.02568253707124109,0.11501405454314322,802374,Ohio,Hamilton County
39063,0.9012864058195823,0.5590382712417427,0.14272151052392287,0.022648480917867937,0.11886364365756466,0.015485009761707363,0.0168890909577171,0.00016046642240111257,0.0022331577117488165,0.044970714877911794,0.10578444010590783,74782,Ohio,Hancock County
39065,0.9974421361282675,0.482282113668975,0.13422546634225466,0.07046807037244994,0.17024642834861814,0.008079106619252605,0.0056772100567721,0.0003743215422047539,0.0016220600162206002,0.012695738973111236,0.11306563104373324,32058,Ohio,Hardin County
39067,0.8914523449319214,0.22390317700453857,0.1815431164901664,0.014618381240544629,0.16690752647503782,0.0208018154311649,0.0013867876954109935,0.0001260716086737267,0.0010085728693898135,0.004979828542612204,0.13461100605143722,15864,Ohio,Harrison County
39069,0.8105972000708843,0.1846181109339004,0.1541378699273436,0.01224883218146376,0.09557901825270246,0.004146730462519936,0.003721424774056353,7.08842814105972e-05,0.0031543505227715754,0.0659223817118554,0.11413804713804715,28215,Ohio,Henry County
39071,0.7022184496088463,0.1837160751565762,0.15182729587740026,0.011099155750303976,0.20814661955998073,0.01385670696735415,0.0023400399183280186,6.882470348023583e-05,0.002546514028768726,0.007318360136731744,0.1318679942187249,43589,Ohio,Highland County
39073,0.30558202859087813,0.15279101429543906,0.15285908781484003,0.024438917631041526,0.13626004084411164,0.007385976855003404,0.0015997277059223963,0.00010211027910142955,0.0032675289312457455,0.00673927842069435,0.12586242341729068,29380,Ohio,Hocking County
39075,0.20511731105131473,0.10255865552565736,0.11332200349336732,0.018057000896945667,0.1108760562715385,0.002974082991077751,0.00115658782986357,0.0004484728319879148,0.0006845111646131332,0.007765661143369683,0.10949617617901147,42366,Ohio,Holmes County
39077,1.0563847985778017,0.4380136182202395,0.1355784389360346,0.009684783483715157,0.1357376144634891,0.010297521215577097,0.0029349612585113875,0.00016771207191493645,0.0021299433133196927,0.05589843356924831,0.11903184852245664,59626,Ohio,Huron County
39079,0.6514371708051166,0.3257185854025583,0.14115876598946575,0.009781863054928517,0.194896072234763,0.0058088788562829195,0.0032806621519939805,0.00036117381489841985,0.0036117381489841984,0.007975921745673438,0.13167918735891648,33225,Ohio,Jackson County
39081,0.9426903269305255,0.5659957824671132,0.18298928402358375,0.031729169834598114,0.19263518340529917,0.05564561247471632,0.004131460786985898,0.00012910814959330932,0.0013771535956619663,0.01108895551506979,0.1342731498084896,69709,Ohio,Jefferson County
39083,0.7688645951313997,0.38443229756569985,0.14751891794290967,0.05720924804254691,0.14455397974425896,0.0081416916990857,0.00574514535217741,0.00026263521609953876,0.002019008223765204,0.012097634641585003,0.11421332545427684,60921,Ohio,Knox County
39085,1.5629909450923967,0.9548949969787994,0.16068874678861594,0.01211194482722645,0.08355224068752962,0.031759555905251674,0.011350150625323312,0.00015214679122417307,0.00118674497154855,0.03401567546654727,0.10978526871296856,230041,Ohio,Lake County
39087,0.9603042433947158,0.3625620496397118,0.1555964771817454,0.010714168134507606,0.18491795036028824,0.020464371497197757,0.0038590872698158526,8.00640512409928e-05,0.0019375500400320256,0.007125700560448358,0.13932115292233788,62450,Ohio,Lawrence County
39089,1.3181594310837759,0.63873339259544,0.13266102875813854,0.020711044374504484,0.11431413521370395,0.03424188549599981,0.00742978641616414,0.00021622660548254572,0.00277490810369267,0.013886553107656824,0.11508828652427745,166492,Ohio,Licking County
39091,0.5115574163722797,0.35858519778446507,0.14741157486152906,0.009803800863535262,0.13224527890444415,0.016180382921191505,0.005277159928474857,0.0003489031357669327,0.002507741288324829,0.011753674386148546,0.11600324916045182,45858,Ohio,Logan County
39093,1.3677842817133226,0.8350256839087326,0.14312308366184845,0.03096532904604521,0.14040480362096658,0.08560971077396833,0.009327838171464979,0.00016259838861678547,0.002930089329563705,0.0839206785330307,0.12656813867983382,301356,Ohio,Lorain County
39095,1.1623937620949945,0.9009359120899019,0.13084435793261887,0.024254042529112865,0.20113301268630535,0.18995733508368887,0.015309575274719057,0.00025576315878818057,0.003053314169958014,0.061052703054445864,0.1301285470162851,441815,Ohio,Lucas County
39097,1.0399217221135029,0.41487279843444225,0.12407045009784735,0.12059801082076667,0.0911430413261195,0.06589156210429377,0.0053413146080349945,0.0002302290779325429,0.0024174053182917004,0.014320248647404167,0.111052561298492,43435,Ohio,Madison County
39099,1.380373749596982,0.8537159318826076,0.17880187419134672,0.03318265326203925,0.18264097679034264,0.15673951001369216,0.007042872755136649,0.00021354727141020756,0.002055915887498273,0.04662867479262885,0.14503726190526037,238823,Ohio,Mahoning County
39101,1.169907219440309,0.6134343844453467,0.14237379889024226,0.08205871490654276,0.15098357919429783,0.057247259439707675,0.005037518232808529,0.0005112705072104178,0.001699222568081683,0.022601163892272298,0.12697583494985037,66501,Ohio,Marion County
39103,1.1601153587261797,0.6447264582317852,0.1311480166190841,0.006951515679038135,0.0648067973446603,0.01176217997818165,0.00963256969106144,0.00010444955086693127,0.0014332799480073347,0.0159401620128589,0.09969257015528167,172332,Ohio,Medina County
39105,2.301262095077829,0.27820782498948254,0.15671013883045856,0.008924833824148087,0.22549019772822887,0.008666386201093815,0.002145561632309634,4.206983592763988e-05,0.0022717711400925536,0.004838031131678587,0.13943630626840556,23770,Ohio,Meigs County
39107,1.071029548684275,0.4618758269221346,0.15445680403783016,0.01076668545107071,0.0690315823001911,0.0024746410545401086,0.004434752780908512,0.0017395991571519576,0.0024746410545401086,0.015043857499877493,0.1099168667614054,40814,Ohio,Mercer County
39109,1.106423038651396,0.6224903908063918,0.15346418746219734,0.010286390064971807,0.09540378124207365,0.020330517238015336,0.0118822312840224,0.00014633289758648275,0.0018437945095896825,0.013082161044231558,0.11661155444559343,102506,Ohio,Miami County
39111,0.0,0.0,0.1938259800573692,0.011277687474388745,0.16592193689386697,0.004166097527660156,0.0010927468925010244,0.00013659336156262805,0.0011610435732823385,0.004029504166097528,0.1372188908619041,14642,Ohio,Monroe County
39113,1.4476514193137289,0.9487230754569254,0.151435197037109,0.026427312749811735,0.18093514191268664,0.20904302134156028,0.01732775486636532,0.00033074653416873304,0.002320831612641618,0.022754240376116737,0.1334515717934871,535153,Ohio,Montgomery County
39115,1.2258535937292414,0.2661751029626677,0.1734422744785439,0.012483612328949118,0.1901943669456623,0.02869669190912714,0.001129267968646207,0.0,0.0034542314335060447,0.006443470174040122,0.14516593596386346,15054,Ohio,Morgan County
39117,0.0,0.0,0.1343784994400896,0.010526493812272088,0.10203290550435007,0.0034743159043271027,0.002526775203146984,0.0002584201912309415,0.0012921009561547075,0.010911074740861976,0.11739084618255952,34827,Ohio,Morrow County
39119,1.252155122336594,0.43275553593419613,0.15317052768547992,0.022060640843924992,0.16474405743894788,0.03782791551455724,0.0033343402188814276,0.00017426865255477843,0.002172549201849571,0.007551641610707066,0.12200134767757977,86074,Ohio,Muskingum County
39121,1.8382383065892796,0.5041993854557869,0.20771594400819393,0.18246975759644932,0.15244964151587573,0.02512803004438375,0.0013656538067599864,0.00020484807101399795,0.0028678729941959713,0.0035506998975759646,0.1528738135882554,14645,Ohio,Noble County
39123,0.9019020952013131,0.4509510476006566,0.1899198609635995,0.011799831032152168,0.10406326638988124,0.007820797528241769,0.0028000386212223617,0.0001689678478323839,0.0016172636863956743,0.042362653277976246,0.12180658009075986,41428,Ohio,Ottawa County
39125,1.6496380136637097,0.20903436320995208,0.1482104619149587,0.004336443356785969,0.1032007749566636,0.008820230447639441,0.001937391659019068,0.00010196798205363516,0.0033139594167431426,0.04272458448047313,0.11977419190374224,19614,Ohio,Paulding County
39127,0.3368461922458262,0.1684230961229131,0.12918076432414444,0.008499547950524157,0.19495135614842754,0.002579177991014477,0.0010261245770702757,0.00019413167674302512,0.0024127794109490264,0.0054079538521271285,0.12233188196794055,36058,Ohio,Perry County
39129,0.5063018420769148,0.2932780351179576,0.1284785809185249,0.07998066537398112,0.11189838055226399,0.03377141010449208,0.003806240798592409,0.00019749362634205895,0.001939028331358397,0.010556932026284606,0.10982142985385471,55698,Ohio,Pickaway County
39131,0.2608241318053572,0.1304120659026786,0.14671357414051342,0.017271364380507855,0.19543697098470864,0.00898672890034484,0.0019157755407711867,0.0001393291302379045,0.0052248423839214185,0.007210282489811558,0.143074088265004,28709,Ohio,Pike County
39133,1.203643932870356,0.6643517801497965,0.12897490382173102,0.04902300782435772,0.1458644397499675,0.04142635005792379,0.014279607728953841,0.0002478023033224094,0.0018337370445858294,0.012842354369683865,0.10304423271114305,161419,Ohio,Portage County
39135,0.46070499171989593,0.32630707357463923,0.15207002602318428,0.00912893304944405,0.11665762952448545,0.0042583392476933995,0.0040217648450437665,4.731488052992666e-05,0.0021764845043766266,0.0060089898273006865,0.11691126094156612,42270,Ohio,Preble County
39137,0.9611582944433172,0.22739789559117657,0.14290269283167628,0.008776781935708283,0.06643566480187832,0.002724716658453868,0.0023478941418591842,0.0001159453897214412,0.0021449897098466623,0.05478419664338097,0.10437957621960056,34499,Ohio,Putnam County
39139,1.3649086161879895,0.7321309499899579,0.16276360715003013,0.05834387949387427,0.14216556738300865,0.09406708174332196,0.006491263305884716,0.0002972484434625427,0.0019280980116489256,0.013914440650733079,0.13009921671018276,124475,Ohio,Richland County
39141,0.6450604632096741,0.40447581471613037,0.13476122156179546,0.08137161047345767,0.18042729042836647,0.062000409920065586,0.0038430006148800983,0.00011529001844640295,0.002971920475507276,0.009581881533101045,0.12776284843205574,78064,Ohio,Ross County
39143,0.7711013389341035,0.5445655027566291,0.15284523496980834,0.014787821606720925,0.13475936925702284,0.028091362562352323,0.0031012076660540825,0.00011485954318718824,0.0021659228143869782,0.08918023103176687,0.12402438304016801,60944,Ohio,Sandusky County
39145,0.505113271865055,0.3195763468722877,0.15493276644989246,0.045812666825997814,0.2368750801896879,0.02678021107183738,0.0031446936439452067,0.00012578774575780827,0.005459188165888879,0.011169951823293375,0.13588113058025889,79499,Ohio,Scioto County
39147,0.8487620054630364,0.4910564807472024,0.14847123094545775,0.04465677504625958,0.14758510882016035,0.022997620935765267,0.0057097541633624104,0.0001762269803506917,0.0019208740858225393,0.044479689840514584,0.11939707463212618,56745,Ohio,Seneca County
39149,0.7755498452137669,0.38777492260688345,0.12872549217975437,0.011926582765109361,0.09371887582704409,0.018918317382595147,0.008558768184853205,0.0009712077372883071,0.001578212573093499,0.013374339882241062,0.1085988709710054,49423,Ohio,Shelby County
39151,1.332810594644103,0.8130601247117837,0.16235429435601967,0.02467080269232613,0.14026283194794267,0.07597993535435293,0.007359166742104338,0.00022631301486210882,0.0025586683209704304,0.015881848631205637,0.1210196652697385,375586,Ohio,Stark County
39153,1.4920530620305992,0.9422109671620083,0.14575631112940468,0.018394815986533305,0.13560435489616654,0.1441911030471722,0.021936908086477747,0.0002454866449727842,0.0018734507116344057,0.01598431838694971,0.1139690096182775,541781,Ohio,Summit County
39155,1.172819430179923,0.7025989957777017,0.17410799193579063,0.018166205447145194,0.17737360683175474,0.08281505572672981,0.004678762980714367,0.0001949484575297653,0.0017117425539198905,0.01331830803758226,0.136268082658146,210312,Ohio,Trumbull County
39157,0.5795294981745912,0.33797066384394375,0.16387634745414875,0.013506805858590223,0.13274795316584218,0.0077660884405175955,0.0031215571061329415,0.0018902162407379403,0.0025058866734354412,0.019085783413622517,0.12361632930807283,92582,Ohio,Tuscarawas County
39159,1.3063671128107075,0.4066156787762906,0.09451242829827916,0.056063491395793495,0.0683625621414914,0.023537284894837477,0.027304015296367112,0.0003632887189292543,0.002275334608030593,0.012638623326959846,0.08654282982791586,52300,Ohio,Union County
39161,0.7244990258836627,0.49972168104647924,0.16309490676315058,0.013774161564152518,0.11136665043139438,0.008697467297522962,0.0022961313665460616,0.00010436960757027553,0.0014611745059838574,0.025744503200667967,0.12458001669913721,28744,Ohio,Van Wert County
39163,0.6602902865649423,0.0,0.1398585783401563,0.005044912541868254,0.20806669147748416,0.0029028656494231486,0.0017119464086341645,7.44324525493115e-05,0.003721622627465575,0.0052847041310011165,0.14101689616672872,13435,Ohio,Vinton County
39165,1.508488760796077,0.7974780552251367,0.10783617702510191,0.02814258203137856,0.04538678282783166,0.032629188548753366,0.03894815532246007,0.00046545960609893134,0.0016032497543407634,0.022492512682598862,0.0908607805616546,212693,Ohio,Warren County
39167,0.7657742238337272,0.3353621030140179,0.17472239308491697,0.02883379682087474,0.15637158859140796,0.010748162776392891,0.005519764317394542,0.00022661788986370554,0.002185243937971446,0.007462203373369161,0.1295834277574541,61778,Ohio,Washington County
39169,0.6766940272441495,0.43898882291302826,0.14571253929444639,0.02820469001047852,0.12435317848410757,0.014949353824659449,0.007631854697869368,0.00022703457911281872,0.001597974152986378,0.015717778553964373,0.11293395040167656,114520,Ohio,Wayne County
39171,0.8978268954890813,0.4489134477445407,0.16021996705807343,0.026296846607512886,0.13613083789384198,0.009643483343074225,0.005685138940545136,0.00018596248870942034,0.0022581159343286754,0.03692683704372775,0.12170779979809787,37642,Ohio,Williams County
39173,1.0212211526201709,0.5899687619533341,0.12263323983169705,0.04963714458753028,0.14987212323090654,0.02408198393471886,0.015483552212163713,0.0002948489098559225,0.002279102384291725,0.04512782098686727,0.10072246748693102,125488,Ohio,Wood County
39175,0.543931019235021,0.3437541454786646,0.16272385584788857,0.0110895777139067,0.0952807428697767,0.0019456113199204069,0.005925270837939421,0.00017687375635640063,0.0016360822462967058,0.022286093300906477,0.12263360601370774,22615,Ohio,Wyandot County
40001,0.3998589251862628,0.1999294625931314,0.12934796984525856,0.004058568090640567,0.29348516510161793,0.002424723361107437,0.005731164308072125,4.4085879292862495e-05,0.4330555922937883,0.05277079751355641,0.16037036547193934,22683,Oklahoma,Adair County
40003,2.2885501595179014,0.0,0.20241049273307338,0.18682146401985114,0.0844214817440624,0.040588443814250266,0.0024813895781637717,0.0,0.02871322226160936,0.03970223325062035,0.12128518255937609,5642,Oklahoma,Alfalfa County
40005,2.1365110703708927,0.0,0.16119024115075448,0.05290968128613736,0.19728345790438587,0.03730080383584826,0.0038781554082639967,0.0004935834155972359,0.13848540403328163,0.028839373854181356,0.1367568749118601,14182,Oklahoma,Atoka County
40007,2.1424769339957415,0.0,0.1547196593328602,0.007631955287437899,0.12580039034776436,0.007806955287437899,0.001242015613910575,0.0,0.010823278921220723,0.20138396025550034,0.1213136976579134,5636,Oklahoma,Beaver County
40009,1.299335412993354,0.649667706496677,0.12717573127175733,0.08619994122699942,0.14134603734346038,0.039603960396039604,0.008047380080473801,9.04200009042e-05,0.027804150278041503,0.11840499118404992,0.10832320629323205,22119,Oklahoma,Beckham County
40011,2.231013983086327,0.4625303525077451,0.14435234028301097,0.1833811270200117,0.1259281587540819,0.026207820480616262,0.0021770074520639704,0.00025119316754584274,0.07954450305618353,0.24055932345306874,0.11829624047559241,11943,Oklahoma,Blaine County
40013,1.2151075066012826,0.44058845718596756,0.15748774047529235,0.026719652961146735,0.16893900886457938,0.015371557902678235,0.005115993964541683,0.00025933609958506224,0.12947944172010561,0.049674651075066016,0.1198986703130894,42416,Oklahoma,Bryan County
40015,1.61875,0.25239864864864864,0.14672297297297296,0.06536541216216216,0.19856358108108108,0.027702702702702704,0.0024324324324324323,0.00047297297297297297,0.24533783783783783,0.10118243243243243,0.13291270270270272,29600,Oklahoma,Caddo County
40017,1.3213145117317662,0.7629672583758147,0.10884447944885366,0.021536194078292555,0.08513857418578685,0.0253849282938524,0.030145143282471157,0.0006058455440060239,0.0480262417669918,0.06745657385689928,0.09616493712188748,115541,Oklahoma,Canadian County
40019,1.132325420022289,0.486763252518031,0.14883192800218684,0.01575847509304624,0.1706134323022899,0.06745589503122569,0.01063986374245642,0.00018924658830456084,0.08934541707845323,0.05315726391488109,0.12387867190949807,47557,Oklahoma,Carter County
40021,2.079213399450912,0.3621214378445102,0.13488837337987103,0.04271227360759358,0.20981037308191627,0.012726924468470003,0.005788835209738864,0.0003405197182199332,0.3402430459488795,0.06282588801157767,0.12940440973035097,46987,Oklahoma,Cherokee County
40023,1.3302203222624136,0.3991450180861559,0.18145346925353503,0.011305189082538638,0.29057421900690567,0.10904307793488983,0.0026964814205853336,0.0,0.16468267017428478,0.028082867477803353,0.1649868464320947,15205,Oklahoma,Choctaw County
40025,1.4096969696969697,0.0,0.21414141414141413,0.0028095353535353535,0.1646856565656566,0.0024242424242424242,0.0032323232323232323,0.0,0.007676767676767677,0.20767676767676768,0.13995151515151516,2475,Oklahoma,Cimarron County
40027,1.2828761901038104,0.8266192254305879,0.10235186017868664,0.04129364196203397,0.13963921330961274,0.04241559304803425,0.03791910226584035,0.0007350784930890892,0.04683388399053782,0.069957576586968,0.08729264335008113,255755,Oklahoma,Cleveland County
40029,0.9660759493670886,0.0,0.17772151898734176,0.010305215189873417,0.22905113924050632,0.004894514767932489,0.0016877637130801688,0.0,0.1670886075949367,0.025654008438818564,0.1481017721518987,5925,Oklahoma,Coal County
40031,1.5765926928717626,0.6552966204128995,0.10235459072668375,0.08333671533787812,0.16279645119180003,0.17461200019339554,0.02237747586584796,0.005527889248819482,0.058550500410965524,0.11197601895276314,0.1050042708182243,124098,Oklahoma,Comanche County
40033,1.225254319392863,0.6126271596964314,0.16970773453899565,0.007742160503794607,0.1735136444372679,0.020668496689811078,0.0020991441950589376,0.0020991441950589376,0.08897141934442113,0.05554658485386727,0.1321621185209107,6193,Oklahoma,Cotton County
40035,1.338279326635172,0.4592454587796926,0.17439616740967462,0.06986512742032071,0.1868842238339211,0.02987557389047841,0.0069864927806241265,0.0011311464501962871,0.20367289906181382,0.02461906979838978,0.14478162219708565,15029,Oklahoma,Craig County
40037,0.5262195034802121,0.28603484499835635,0.14971343633427187,0.01518301199136736,0.15557008303914702,0.022067546128889334,0.003287263995883774,0.0006431603470207384,0.10006145754427087,0.03075735703974731,0.11857347035030799,69967,Oklahoma,Creek County
40039,2.1221740871527905,0.8778259128472096,0.1336415595762496,0.055199752448214345,0.18488161199898068,0.030252284393316103,0.010084094797772034,0.0004368560923222542,0.06341694273544723,0.13942990279951945,0.11269201645491282,27469,Oklahoma,Custer County
40041,1.1500952105478826,0.1845638392749536,0.2057511991708246,0.008575978017210209,0.19129761129992529,0.002217562127895485,0.01250994287367127,0.0007231180851833104,0.22361221587485236,0.030081712343625715,0.15190001687275534,41487,Oklahoma,Delaware County
40043,3.270893970893971,0.0,0.19916839916839918,0.0193281288981289,0.16533513513513512,0.0033264033264033266,0.006860706860706861,0.0,0.05758835758835759,0.04802494802494803,0.12958690228690228,4810,Oklahoma,Dewey County
40045,3.0,0.0,0.19079739821729705,0.01107101903155866,0.18117200674536255,0.0026499638641291254,0.001927246446639364,0.0,0.016140688990604675,0.06046735726331005,0.1301674295350518,4151,Oklahoma,Ellis County
40047,1.3261967646087818,0.7032023770221195,0.15344998349290195,0.030207137669197755,0.1498428359194454,0.02989435457246616,0.009706173654671508,0.018174314955430836,0.022730274017827665,0.08836249587322549,0.10647938263453284,60580,Oklahoma,Garfield County
40049,0.665361183637946,0.21112561647809688,0.17254134029590948,0.011482031476646358,0.164104076008123,0.025565709312445607,0.0037351319988395706,0.00025384392225123297,0.07818392805337974,0.06211923411662315,0.12740393820713664,27576,Oklahoma,Garvin County
40051,1.4007552783658523,0.46409566859300794,0.13659857717762391,0.020622032766874562,0.11844620548911905,0.02418416585607751,0.0037382464572485743,0.00068661669622933,0.05418550094409796,0.04586980984532052,0.11119417901623085,52431,Oklahoma,Grady County
40053,3.0,0.0,0.2125027612105147,0.01611283410647228,0.09557366909653192,0.007731389441130992,0.0019880715705765406,0.0002208968411751712,0.01877623149988955,0.03490170090567705,0.11809012591119948,4527,Oklahoma,Grant County
40055,1.1581984292354544,0.5790992146177272,0.17374579259496714,0.18368028530213173,0.21374595287706363,0.07068440455201154,0.001763103061388043,0.0009616925789389325,0.02676711011380029,0.09761179676230165,0.1265848693700914,6239,Oklahoma,Greer County
40057,0.0,0.0,0.1731690622861054,0.0342,0.157,0.07186858316221766,0.004106776180698152,0.0,0.013347022587268994,0.2587268993839836,0.138,2922,Oklahoma,Harmon County
40059,1.3986431478968793,0.0,0.18616010854816825,0.011142523744911806,0.10135820895522388,0.0008141112618724559,0.0016282225237449117,0.000271370420624152,0.007598371777476255,0.17503392130257803,0.12426350067842605,3685,Oklahoma,Harper County
40061,1.9913853864828883,0.0,0.17558148641240504,0.006099193358916125,0.19748790038374187,0.004385621426893257,0.0053253974469418125,0.00015662933667475918,0.15890046205654318,0.033362048711723706,0.13784133448194846,12769,Oklahoma,Haskell County
40063,1.3032921516817826,0.18238948796686424,0.1721773905591659,0.11176553595658073,0.22979311576090836,0.052988645290294935,0.0019995715203884883,0.0004284796115118189,0.18203242162393773,0.03784903235021067,0.14576769263729203,14003,Oklahoma,Hughes County
40065,1.790440898434546,0.7674506541632005,0.12943356273160403,0.025972956212659763,0.17422971337820464,0.07505860999773123,0.011797625349769341,0.0021175224986765486,0.018112379944036906,0.2094078499584058,0.11674967859033501,26446,Oklahoma,Jackson County
40067,0.7819839307787392,0.0,0.19144004944375773,0.02224015760197775,0.2278420889987639,0.0064894932014833125,0.003399258343634116,0.0,0.06180469715698393,0.08529048207663782,0.14784564276885045,6472,Oklahoma,Jefferson County
40069,1.5822761704846218,0.0,0.1660125946883271,0.02665320799488911,0.20457305831888292,0.0193483617778589,0.0024641781509537283,9.126585744273067e-05,0.1553344893675276,0.03860545769827507,0.13548854613489095,10957,Oklahoma,Johnston County
40071,1.7448348438640953,0.7963790215196942,0.17035350715175465,0.02734935569777931,0.17642255487307248,0.02066062454361926,0.005047034062110734,0.0003436278510373266,0.09634465873459044,0.06425840814398007,0.1257861990464327,46562,Oklahoma,Kay County
40073,1.7616735399760544,0.37368631102833577,0.15012638020486896,0.010324065451642942,0.11268305174936812,0.011307702540907277,0.0027936676865770917,0.0,0.030929892244246374,0.13449514433949714,0.11526140747638687,15034,Oklahoma,Kingfisher County
40075,1.6059707812830828,0.44103324158373913,0.18356976497988567,0.018101524454795685,0.22338894770273132,0.04245183146305315,0.0031759474910014822,0.0003175947491001482,0.0658479779800974,0.08807961041710777,0.1432108829134025,9446,Oklahoma,Kiowa County
40077,0.6239913932221625,0.0,0.17428725121032812,0.051480616819078354,0.18979056840595301,0.007441276672045903,0.002779272010041241,8.965393580778196e-05,0.2043213197059351,0.026268603191680114,0.1378882911959835,11154,Oklahoma,Latimer County
40079,1.61128532867577,0.2151873610670054,0.1516552873928231,0.032071171403620195,0.2189480589075897,0.020522388059701493,0.005259606224198158,0.000476341695776437,0.12265798666243252,0.06855350905049222,0.13587029612575421,50384,Oklahoma,Le Flore County
40081,1.7263443526974587,0.15236483529308786,0.15324015989262685,0.01126806524086015,0.14094406675808946,0.01794415429054941,0.0018965366323344906,0.00035012983981559827,0.06471566539258308,0.02445073381378928,0.12285988970910046,34273,Oklahoma,Lincoln County
40083,1.7619957943031925,0.5584018352131523,0.12648155228445804,0.05163526811317148,0.13223205410055439,0.09090040145287707,0.004659720894666412,0.0004779200917606576,0.03297648633148537,0.05185432995603135,0.10857137736570445,41848,Oklahoma,Logan County
40085,0.6106335561922954,0.0,0.17170752414305424,0.00932155364533588,0.13877003077576144,0.017828716969118114,0.004775549188156638,0.0,0.06218826276132866,0.11811524992040752,0.13410368247904067,9423,Oklahoma,Love County
40087,1.0137947023706022,0.15930562800672346,0.13232481307598679,0.005637654320987655,0.09339497478699356,0.006926331652466238,0.0036805193299715992,0.0002608242044861763,0.0642786761722599,0.06955312119631368,0.10145577580710602,34506,Oklahoma,McClain County
40089,1.794274682513348,0.340894693976049,0.15504811317908962,0.013682187565985942,0.2293329009682966,0.08729751742028898,0.0033784802871708246,0.00012066001025610087,0.15133781786371453,0.04681608397936714,0.1510416578685409,33151,Oklahoma,McCurtain County
40091,1.3051550464151689,0.17855026664033183,0.2194844953584831,0.01704614852854039,0.21507312857989336,0.0319474619790638,0.003357693067351373,0.0003456448745802884,0.18546316413193759,0.019257357298044637,0.16146306537625912,20252,Oklahoma,McIntosh County
40093,0.0,0.0,0.19237411983525973,0.01023770426464727,0.12002843098179886,0.00438421681944998,0.0034542314335060447,0.00039856516540454366,0.019795403215092336,0.07506310615118905,0.11646020991098711,7527,Oklahoma,Major County
40095,1.3224747474747476,0.3076388888888889,0.19892676767676767,0.020772474747474748,0.16068200757575757,0.015467171717171718,0.0018308080808080809,6.313131313131313e-05,0.09678030303030304,0.13964646464646466,0.14580978535353534,15840,Oklahoma,Marshall County
40097,0.9238953925204197,0.2311980416393999,0.15683850796189922,0.013745510070530065,0.17653576189437456,0.004096076007658935,0.0035628590125790735,0.0003877941782398992,0.2138442521631644,0.026588138345573088,0.13663627329794711,41259,Oklahoma,Mayes County
40099,0.9104389086595492,0.4552194543297746,0.17519276393831554,0.023218438612099643,0.14791347864768684,0.01319691577698695,0.0035587188612099642,0.0005931198102016608,0.12144128113879003,0.04908066429418743,0.12715124555160143,13488,Oklahoma,Murray County
40101,1.0157064375264122,0.5407944780955064,0.1466121989012537,0.04966700239470348,0.208826088181434,0.11311452317227778,0.005578250457810959,0.00033807578532187634,0.17471474855613467,0.05195097901112833,0.13599440766305115,70990,Oklahoma,Muskogee County
40103,2.3571490355505578,0.48585762477294353,0.1671135714903555,0.023612447020153964,0.12701089871118415,0.017645532393391575,0.0038923968514834356,0.0006054839546752012,0.08511374448577112,0.025949312343222904,0.11283712481619237,11561,Oklahoma,Noble County
40105,1.3354214123006833,0.428246013667426,0.17966970387243736,0.014902961275626422,0.16872987851176915,0.019741837509491267,0.0006643887623386484,0.0002847380410022779,0.19134396355353075,0.022779043280182234,0.13922380410022778,10536,Oklahoma,Nowata County
40107,1.8301205807562957,0.2994832253301616,0.16684439340497087,0.10075486014272825,0.24645664834714132,0.08276597489951604,0.001640554507423509,0.001230415880567632,0.19694856861619228,0.029201870232138463,0.1596422770896563,12191,Oklahoma,Okfuskee County
40109,1.251038822602776,0.9125677356867918,0.12017083169821403,0.02090764637448824,0.17509420652878785,0.15431351429581325,0.02984962468793574,0.001085440897743118,0.034955371680012025,0.15103492614827121,0.11180688753997346,718602,Oklahoma,Oklahoma County
40111,0.9820809104295091,0.34582844593076945,0.1580773166288153,0.034290176944770275,0.2039481394594325,0.08737427936809004,0.0032693603533904014,0.0001497416955751329,0.16286905088721954,0.03226933539644114,0.1405104943971649,40069,Oklahoma,Okmulgee County
40113,1.8714610717896865,0.3729145601617796,0.15331142568250758,0.031684915318503544,0.1684891304347826,0.11377232895180317,0.0028016514998314796,0.0002317155375800472,0.14446410515672398,0.028774856757667677,0.1381932296932929,47472,Oklahoma,Osage County
40115,1.1299610650590304,0.48857071087666415,0.170120572720422,0.030406706857573473,0.21608135518713892,0.007692790756091434,0.004961065059030394,0.009388344637025873,0.18861466968098467,0.047067319768902285,0.13951893368500376,31848,Oklahoma,Ottawa County
40117,0.46884237196115097,0.23442118598057549,0.16426373891536467,0.011710405984194969,0.15512541473125416,0.007118296434819328,0.002895578210773964,0.0003619472763467455,0.1161850757073053,0.02026904747541775,0.129416480665983,16577,Oklahoma,Pawnee County
40119,0.9953329023917259,0.6427020038784744,0.10421460892049127,0.10037494246929542,0.2962521784098255,0.036380090497737556,0.03475113122171946,0.00047834518422753717,0.046929541047188106,0.03865546218487395,0.08687722042663219,77350,Oklahoma,Payne County
40121,1.5103518991207976,0.40166241246154855,0.17531688374020987,0.05308422017147719,0.17336069114470845,0.033270065667473876,0.004123306499116434,0.00043632873006523113,0.13766171433558042,0.03896415559482514,0.13164988982699566,45837,Oklahoma,Pittsburg County
40123,1.5508908567160995,0.5220580390483303,0.14856502720580392,0.04523702123119598,0.16009938120132294,0.024058465806038622,0.006508055051744372,0.00045343006508055054,0.1736903872826203,0.04062199935986344,0.11305822575482771,37492,Oklahoma,Pontotoc County
40125,1.1915699432620028,0.39131937444198034,0.14306903603006826,0.043948335301402616,0.16564826761902018,0.029002620892255408,0.00554419515566948,0.0006336223035050834,0.12904294231156938,0.04144465885199159,0.12031076293885544,69442,Oklahoma,Pottawatomie County
40127,1.4725198755617006,0.0,0.20203940546145868,0.0095212927756654,0.18358615623919805,0.006653992395437262,0.0021603871413757346,0.0004320774282751469,0.17602834427929484,0.024196335983408226,0.1560747493950916,11572,Oklahoma,Pushmataha County
40129,3.0,0.0,0.17685769125308473,0.003,0.19500000000000003,0.003564573622155196,0.003016177680285166,0.00027419797093501506,0.05840416780915821,0.045242665204277485,0.124,3647,Oklahoma,Roger Mills County
40131,0.6879926356366147,0.39898740003452043,0.13358264771877337,0.01398957252171912,0.09744590069616248,0.009953397387952362,0.010724354179851563,0.0006098613428456361,0.13097060008054773,0.037155514642425634,0.10744957137103735,86905,Oklahoma,Rogers County
40133,1.2852209402715642,0.2516286005808021,0.16078015854328545,0.022793587630484266,0.21454775920257435,0.045797033199905815,0.0026685503492661486,0.0007063809748057452,0.182010831174947,0.03543677890275489,0.14475437563770505,25482,Oklahoma,Seminole County
40135,1.2145030784836404,0.4353518435516973,0.14930055908093698,0.009815760420844045,0.23328746667924796,0.017338586020617584,0.004859522068363568,0.00047179825906442405,0.20796867259559812,0.03392229482673209,0.14563228043688517,42391,Oklahoma,Sequoyah County
40137,1.4834620848872313,0.5678831468655656,0.17310424436156988,0.011988765316995205,0.14746727934647486,0.019312733084709644,0.0049058781743917595,0.00031077961285739657,0.050745871070857755,0.061933937133724026,0.12139442372580359,45048,Oklahoma,Stephens County
40139,1.6313468992248061,0.5843992248062015,0.10247093023255814,0.027698125,0.17755092054263566,0.01627906976744186,0.015746124031007752,0.0016472868217054263,0.013032945736434109,0.4195251937984496,0.11458444767441861,20640,Oklahoma,Texas County
40141,1.9622122122122123,0.5188938938938938,0.17692692692692694,0.03340860860860861,0.21532207207207207,0.07670170170170171,0.002627627627627628,0.0005005005005005005,0.03428428428428428,0.2230980980980981,0.14841266266266268,7992,Oklahoma,Tillman County
40143,1.2811106341864393,0.9148993293039643,0.12074185908919909,0.016267554519947696,0.1584608661209838,0.10735611191856852,0.02331112042863559,0.0007109676285997915,0.06031126792541635,0.11034416467932709,0.10823217484831862,603403,Oklahoma,Tulsa County
40145,1.1189573783950195,0.5777792980775809,0.1250461791065198,0.004363746322774851,0.10835250735445029,0.037216939180406375,0.013764794417459123,0.00036943285215844564,0.0999247451597455,0.047725251419579943,0.10977925702948621,73085,Oklahoma,Wagoner County
40147,1.8200721908349027,0.8449074074074074,0.17818188951663527,0.015643024168236035,0.1416831253923415,0.02414861895794099,0.010867859384808538,0.00031387319522912746,0.10293079096045198,0.05014124293785311,0.11695509651600754,50976,Oklahoma,Washington County
40149,2.699028291340614,0.300971708659386,0.17086593860177143,0.017720896035772638,0.13719081606329003,0.006879353340785966,0.0021497979189956146,0.00017198383351964914,0.030355146616218076,0.0811763694212744,0.11150210680196061,11629,Oklahoma,Washita County
40151,2.337238116692949,0.33138094165352555,0.17154764586618607,0.11323532327100697,0.13735863933318315,0.0326650146429376,0.008673124577607568,0.0004505519261094841,0.023991890065330028,0.04775850416760532,0.09676402342870016,8878,Oklahoma,Woods County
40153,1.9294357850704646,0.4553558089736567,0.14182560629450724,0.06177928390020417,0.11421473034211445,0.015786066430954634,0.005726806433942533,0.0003983865345351327,0.027986654051093074,0.1059708181863453,0.10414715402619391,20081,Oklahoma,Woodward County
41001,2.060183463493244,0.3824841948679807,0.21953638279409943,0.023137399281021445,0.15434331225982398,0.003532911863146151,0.004834510970621049,0.0005578281889178133,0.011218544688236024,0.03272592041651171,0.11477792239990083,16134,Oregon,Baker County
41003,1.6391053880040665,0.8335806681545707,0.12012292735367322,0.05892611855712265,0.21356871428738358,0.008868998235548441,0.05175335070519637,0.0024889283585926452,0.007326563759800886,0.06388249453721123,0.06826837191367041,85579,Oregon,Benton County
41005,1.1559527862294943,0.7479627226111194,0.136255558628907,0.007320292718994021,0.08538681142151962,0.008196982914530096,0.03651407476754825,0.002305900125534586,0.008303368156769292,0.07749632970914275,0.08148364326900573,375992,Oregon,Clackamas County
41007,0.660627986716704,0.3597019357974027,0.1663111855071681,0.025796676476146765,0.10540098274791436,0.0052647209697886015,0.012338346067658414,0.0023218769405221524,0.00977348200545371,0.07662193903723102,0.09683787359269959,37039,Oregon,Clatsop County
41009,0.6084577820104963,0.4158780977082531,0.13947032481611316,0.010105276488824949,0.1198205912747462,0.004194443881582946,0.009260197361755587,0.0019249863224656035,0.013292537131973009,0.04026260866041215,0.09657777957893457,49351,Oregon,Columbia County
41011,1.047094840029821,0.4579096806941294,0.2139174848912647,0.015977599416271433,0.17156488428532907,0.004092444839236711,0.010469044937582285,0.0018558761480259504,0.02520501879669432,0.05378868391415383,0.12054526275716575,63043,Oregon,Coos County
41013,1.0850891410048622,0.26532557917818667,0.20035275050052437,0.011679354561922012,0.14498269615787968,0.0016684145295071027,0.004623891696062542,0.0005243588521308037,0.014396033940318428,0.0697397273333969,0.11033292020211649,20978,Oregon,Crook County
41015,0.8460025040243248,0.21467537113217672,0.279958862457521,0.014210346986227867,0.14722965480236094,0.0029958862457521015,0.007154355213736362,0.0009390091218028975,0.019048470756573063,0.05370237882310857,0.12524852441423717,22364,Oregon,Curry County
41017,1.4038153081473121,0.694807047352171,0.14892888615571884,0.007880108791438696,0.10883456220321683,0.0036010219801816995,0.0093575852865285,0.0013313637602784451,0.009186409945921271,0.07429009782353724,0.08523002161881153,157733,Oregon,Deschutes County
41019,1.3140330834889056,0.48198612388196943,0.20962783396955428,0.015866289578050842,0.16195970910306778,0.0029442633304540855,0.009659412819155359,0.0011331234268624555,0.018139262726740785,0.04695031903925994,0.11442275720508606,107667,Oregon,Douglas County
41021,4.0,0.0,0.22180652057723144,0.010700000000000003,0.107,0.0016034206306787815,0.0016034206306787815,0.00694815606627472,0.010154997327632281,0.04703367183324426,0.11699999999999999,1871,Oregon,Gilliam County
41023,3.289724647414372,0.0,0.2364002686366689,0.014092531900604433,0.14851430490261922,0.001880456682337139,0.003223640026863667,0.0010745466756212224,0.012222968435191404,0.027803895231699127,0.1260280725319006,7445,Oregon,Grant County
41025,2.5769334411209917,0.7115332794395042,0.18889787119374832,0.0170767987065481,0.16561492859067636,0.0025599568849366747,0.0047157100511991375,0.00013473457289140393,0.03125842091080571,0.039611964430072755,0.10955766639719752,7422,Oregon,Harney County
41027,0.8547391031952027,0.5574151973507563,0.12561532265282377,0.03522507831379218,0.10008314687192339,0.004519824577105523,0.014051731853575585,0.0016557773203257854,0.008099883648080194,0.2948626152331513,0.09002282287657747,22346,Oregon,Hood River County
41029,1.5023375294036594,0.7758776807771424,0.17634321821206067,0.017192662618229777,0.16218714506461424,0.00675176914067498,0.011633514758422487,0.0029280631477417007,0.01174177927817092,0.1070096355422576,0.10174352135271597,203206,Oregon,Jackson County
41031,1.2191988950276242,0.4013351749539595,0.1533609576427256,0.03928622007366483,0.19664995395948434,0.006353591160220995,0.004281767955801105,0.0011510128913443832,0.16883057090239412,0.19313996316758747,0.11079037753222837,21720,Oregon,Jefferson County
41033,1.3346148731154717,0.5249598007568339,0.22291538210438505,0.01936323310725037,0.18613091049774522,0.004195229286811021,0.008233288600340938,0.0017530497019815506,0.013697967671345497,0.06348457920762153,0.12423862028943454,82713,Oregon,Josephine County
41035,1.6949683639650497,0.5936426634528472,0.17100030129557095,0.014305426333232901,0.20044093100331425,0.00650798433263031,0.009355227478156071,0.001129858391081651,0.04118710454956312,0.10417294365772824,0.11032222054835794,66380,Oregon,Klamath County
41037,1.3963267891070297,0.0,0.20417986067131097,0.05751860671310957,0.16590550981633947,0.004939835338822039,0.0067131095630145665,0.0006333122229259025,0.02089930335655478,0.06903103229892336,0.12809449018366054,7895,Oregon,Lake County
41039,1.1756507399456946,0.7694752853873165,0.15006752626416275,0.02424899250813869,0.18647194745745846,0.0095787782721806,0.02366120296262599,0.00218642935331163,0.01157186926915258,0.0743983054461709,0.08737219623843169,351715,Oregon,Lane County
41041,0.9630707737759048,0.528283442672807,0.21662249641569276,0.016549374375461615,0.16734085675804838,0.004192553330147283,0.01068775253073815,0.0012816613807185994,0.03453968805665378,0.07939783638180475,0.11585636703306253,46034,Oregon,Lincoln County
41043,1.51664495337356,0.689411341195831,0.15420152221612726,0.010521749862863411,0.14411772318979704,0.004576933625891388,0.009522421832144816,0.0013885079539221064,0.012753702687877125,0.07822785244103127,0.10208682460230391,116672,Oregon,Linn County
41045,1.230734838565452,0.30389933893271165,0.14990578992750614,0.10701506403091368,0.22266541053236674,0.011816178583974707,0.016830070577715326,0.0009580685338357871,0.01162456487720755,0.31510874077859036,0.11757876920129019,31313,Oregon,Malheur County
41047,1.2256552555219054,0.8560134460177272,0.12859022943853363,0.03307000776951496,0.15362082230009355,0.010690218339226537,0.01901152742321658,0.007385796058160369,0.01572613252572661,0.24289723627253557,0.09889783880634881,315335,Oregon,Marion County
41049,0.0,0.0,0.1271815984963752,0.0020873176407410717,0.15267054506399355,0.0049225812225901725,0.009308153584534145,0.0012530206748411349,0.012440705271636982,0.31298666427996064,0.11244168978788151,11173,Oregon,Morrow County
41051,0.8762480858829961,0.9811117789932629,0.10529071459461518,0.026620362533080567,0.15274435420480167,0.05630155876441197,0.06520917253027908,0.005479202421782991,0.010641538582887047,0.10898295449909291,0.07190959248007006,735326,Oregon,Multnomah County
41053,1.0868002599366073,0.5918862644722358,0.14789862472315427,0.024988598596872802,0.14449027227033406,0.005623118443563254,0.019031073034229407,0.0027850350781799134,0.021431508030184475,0.12052570852618597,0.08941299417795048,75403,Oregon,Polk County
41055,3.0,0.0,0.21756373937677054,0.0,0.131,0.0022662889518413596,0.0016997167138810198,0.0005665722379603399,0.01643059490084986,0.055524079320113315,0.111,1765,Oregon,Sherman County
41057,0.0,0.0,0.20883168316831682,0.018863108910891088,0.1487239603960396,0.0033663366336633663,0.00899009900990099,0.0023366336633663365,0.010297029702970298,0.09045544554455445,0.10791437623762375,25250,Oregon,Tillamook County
41059,1.397079945710182,0.5364809129122797,0.12725164384825205,0.05251435649435359,0.1824449920278301,0.00840701550949413,0.008749621157216461,0.001330891169998287,0.03507754747064792,0.23859847935800974,0.10234875937224104,75889,Oregon,Umatilla County
41061,1.2908963803013827,0.5179043032468541,0.1673139661332919,0.028554777070063694,0.16049599968929626,0.005126611775671897,0.008117135311480504,0.008816218735435762,0.011224172751281652,0.0389156439335094,0.09820455957744291,25748,Oregon,Union County
41063,0.8022260273972602,0.0,0.2320205479452055,0.014996875,0.1475326769406393,0.0037100456621004564,0.003424657534246575,0.0009988584474885844,0.006421232876712328,0.02226027397260274,0.11184817351598175,7008,Oregon,Wallowa County
41065,1.6211874826478403,0.6417324396144846,0.17649625193352636,0.02939678340538611,0.13346305477333123,0.004204180383135684,0.007615119184547654,0.005751001467496926,0.044302542339269425,0.14845516201959308,0.10600452147701582,25213,Oregon,Wasco County
41067,1.2369957146363104,0.9245983651431916,0.10026051990711898,0.012821738498423666,0.09728160691699232,0.018153329180117424,0.0863774518132563,0.004593079232032621,0.007432368654546827,0.15719922221592947,0.07152302769439883,529710,Oregon,Washington County
41069,4.0,0.0,0.2914642609299098,0.0173,0.19999999999999998,0.0,0.005551700208188758,0.0013879250520471894,0.012491325468424705,0.04302567661346287,0.13699999999999998,1441,Oregon,Wheeler County
41071,1.162703013317472,0.6049015555533153,0.13373927595697277,0.0550475981168026,0.13866505701007129,0.008790942909277873,0.014859919550774751,0.0017339933261419657,0.015323661951952255,0.14710715473874164,0.08659543516175537,99193,Oregon,Yamhill County
42001,0.5163943317522459,0.35943278077450275,0.15732641730846983,0.03936967467729052,0.09311186604475036,0.015393414655792992,0.007356494127624326,0.00019722504363604092,0.002100446714723836,0.060301557091719506,0.09646685140079088,101407,Pennsylvania,Adams County
42003,1.3042035904646676,0.9637830679179883,0.16762287040973153,0.028652491743239267,0.12721374301036592,0.13231663451162487,0.0278686112291946,0.00022726529544488407,0.0013913868088028514,0.015589745266668847,0.09581563470782513,1223240,Pennsylvania,Allegheny County
42005,0.272000696247516,0.2023179240219898,0.18402692157061837,0.009421354491521736,0.11741320839558463,0.00802135159049042,0.0021757734874747973,0.00013054640924848785,0.0006527320462424392,0.005308887309438505,0.11261326351517965,68941,Pennsylvania,Armstrong County
42007,1.1867490720597635,0.6977817390743466,0.18564668492251038,0.019830527914435993,0.11003395117832286,0.06260151636868987,0.004245363230697964,0.0002345504547346941,0.001061340807674491,0.011715795213997971,0.10705258621195152,170539,Pennsylvania,Beaver County
42009,1.1451710140267675,0.2668703026405691,0.19042642980587596,0.0110554499417226,0.12769466661307827,0.004782765965998151,0.0020296611872513163,0.0002813391744704795,0.0015071741489489972,0.009043044893693983,0.11231612475382823,49762,Pennsylvania,Bedford County
42011,0.8605976054948207,0.7180501747512408,0.14475430315816082,0.0292197600147773,0.1288947482269676,0.04895708265077459,0.01308811448515222,0.0003111009571215384,0.003123161952352944,0.163704726304072,0.10080100232839623,411442,Pennsylvania,Berks County
42013,0.836649906758256,0.6832534680420808,0.1772537355711352,0.02890241799054206,0.14685819386414245,0.01675203990904012,0.005555162130475494,0.0002281865464359622,0.0011251957289773308,0.009678256969525293,0.10856380961373525,127089,Pennsylvania,Blair County
42015,0.6838810641627543,0.28985021238542363,0.17808437929162274,0.009245495193382518,0.11975545335505094,0.004966305771134745,0.0054134329788253326,0.000111781801922647,0.0024591996422982337,0.011210117849956885,0.11096159496662514,62622,Pennsylvania,Bradford County
42017,1.3834728244267485,0.872142138571993,0.14589227651703562,0.013167709184660831,0.06066957963947163,0.03578734232281859,0.03839750243502989,0.00027828912961076307,0.001970414986669311,0.042834134880663545,0.08945357609528364,625249,Pennsylvania,Bucks County
42019,1.0457571439449151,0.520994006374346,0.15148861646234676,0.02986472027933994,0.08509167745374248,0.010991939606879072,0.009996627905711892,0.00027194308775059555,0.0010551391804723108,0.010556830666478119,0.08731050461759364,183862,Pennsylvania,Butler County
42021,0.995420346745175,0.6163461605384225,0.18841305966773153,0.05631700596468517,0.15207773578602302,0.036344907745738765,0.005073810368947445,0.00020183882126128383,0.001023114025014094,0.013961678463797771,0.11229496307741563,143679,Pennsylvania,Cambria County
42023,0.40766961651917405,0.40766961651917405,0.2135693215339233,0.01808165191740413,0.14118879056047198,0.0025565388397246805,0.0027531956735496557,0.0,0.0025565388397246805,0.003736479842674533,0.12429970501474928,5085,Pennsylvania,Cameron County
42025,0.5175864764210946,0.3009394779996628,0.17845484221980412,0.010718265414029333,0.12618027862495979,0.014958083648791552,0.004766356572514521,0.0004137994452022253,0.0018850863614768042,0.03287406703551012,0.10722682339959233,65249,Pennsylvania,Carbon County
42027,0.9101435158127151,0.5843821027339438,0.11277355672446263,0.11031590363010584,0.23976847847262808,0.030118838885641926,0.051860510422754726,0.0003117085525034093,0.001240340281836483,0.02396259497369959,0.0701371257873888,153990,Pennsylvania,Centre County
42029,1.5165869557373828,0.8571316894039921,0.1280352625649948,0.02673083570194393,0.06966134948665627,0.06138276079104244,0.03867817497384172,0.0003227190179720417,0.0017278496490180121,0.06515115677729982,0.07819646773010266,498886,Pennsylvania,Chester County
42031,0.9208262478743623,0.25852755826748025,0.16419925977793337,0.046051335400620196,0.16175337601280382,0.012103631089326798,0.0047764329298789635,0.00020006001800540162,0.0014504351305391616,0.006126838051415425,0.10037291187356207,39988,Pennsylvania,Clarion County
42033,1.0728301609465716,0.39640136204404597,0.17464050366233067,0.06264977217608585,0.14827122069523038,0.02280688861125401,0.004764704441341467,0.0001959775605693148,0.001053379388060067,0.023358075500355208,0.1126455745817104,81642,Pennsylvania,Clearfield County
42035,0.9191345124624088,0.3605178653346246,0.16183291707018707,0.06683711962893114,0.17917297008002445,0.0159284367195066,0.005097099750242112,0.0003822824812681584,0.0008665069575411591,0.011137162954279016,0.09959075386105307,39238,Pennsylvania,Clinton County
42037,0.5736830373727617,0.47505758228694556,0.1606508655917973,0.06519857641726726,0.16664671966713723,0.018515491492681477,0.008366149045248532,0.00022289917527305148,0.0012928152165836986,0.020046065829556432,0.09776091834460213,67295,Pennsylvania,Columbia County
42039,0.8175857601532135,0.3256689010308117,0.1657410015208697,0.04365153720497943,0.14098738241423983,0.017428040331211626,0.004540077733340844,0.00021404832985974203,0.0018250436545935898,0.009271672393398298,0.10765001971497776,88765,Pennsylvania,Crawford County
42041,1.2722700355980732,0.7715223911030306,0.1560920282405716,0.05450138781509392,0.07913203571701656,0.03197454610332787,0.03004171516443931,0.00027611870555550833,0.0015420167710253774,0.02739097559110643,0.08750886978241847,235406,Pennsylvania,Cumberland County
42043,1.3419806042521447,0.8919283849309959,0.13741514360313317,0.025290985080193958,0.1286858261842596,0.18047743379336068,0.03200298396120851,0.0002909362178291682,0.0021559119731443493,0.07010443864229765,0.10386663558373742,268100,Pennsylvania,Dauphin County
42045,1.1695949221706003,0.9928673527985845,0.14262789836469705,0.04124801808296913,0.10130534778587388,0.19725249070179737,0.04700892162317368,0.0002594015159782389,0.0015635649997584882,0.02958429565332508,0.09503262913275812,558979,Pennsylvania,Delaware County
42047,0.8140612283227947,0.47085707130783194,0.18988292744005508,0.011130967883303073,0.0980114881362299,0.002785951292806611,0.0030050710574093783,0.00018781694108808614,0.001064295999499155,0.005728416703186627,0.10699674450635448,31946,Pennsylvania,Elk County
42049,1.3762715368219955,0.775931509876464,0.1455058702765125,0.0458943179145014,0.1652828960030795,0.07183692963509478,0.010967116471703628,0.00032078013729389875,0.0020173506412038524,0.03392428163070365,0.09808362381756877,280566,Pennsylvania,Erie County
42051,0.6867048299489041,0.4299664729221264,0.1799335314700672,0.03086701169787564,0.1781937762616576,0.04630104094988507,0.0029647306853286095,0.00017568774431576945,0.0013469393730875657,0.007679018491135089,0.1177377933619314,136606,Pennsylvania,Fayette County
42053,1.2912130637636081,0.0,0.18377397615344737,0.32398600311041986,0.14794090202177293,0.1800155520995334,0.0015552099533437014,0.00012960082944530845,0.00168481078278901,0.054173146708138935,0.12436391912908244,7716,Pennsylvania,Forest County
42055,0.9297878597494954,0.5088826210750044,0.16494673100830115,0.018025807055300835,0.10268274539159726,0.03141333262040664,0.008755631006964403,0.00019382694595570051,0.0020184737130559158,0.043029582002165515,0.09977957866032162,149618,Pennsylvania,Franklin County
42057,0.0,0.0,0.17137083192994274,0.008195810037049512,0.11322324014819804,0.010171775008420344,0.0012798922196025598,6.736274840013472e-05,0.0018861569552037724,0.008285618053216572,0.1074936342202762,14845,Pennsylvania,Fulton County
42059,1.3539264850333455,0.4052370366540867,0.15331127539678438,0.07951742232332111,0.13852685726102468,0.033138603112236986,0.0029209533164452255,0.00018094401075324407,0.0017318926743524789,0.01201985214289407,0.10269239518171948,38686,Pennsylvania,Greene County
42061,0.15448783568923835,0.20778428767451484,0.1624376538235358,0.09953783242218979,0.13324402674623745,0.052098534184217976,0.0040075795526321525,4.356064731121905e-05,0.0008929932698799904,0.015834295297628122,0.10477402914207305,45913,Pennsylvania,Huntingdon County
42063,0.4505175517551755,0.3392439243924392,0.15688568856885687,0.06026815031503151,0.1906464333933393,0.027385238523852384,0.008708370837083708,0.0001125112511251125,0.0013951395139513952,0.010654815481548155,0.09875752700270027,88880,Pennsylvania,Indiana County
42065,0.44946902654867255,0.4097787610619469,0.18263274336283186,0.017107453539823007,0.13898575221238937,0.003473451327433628,0.0020353982300884955,6.637168141592921e-05,0.001902654867256637,0.006084070796460177,0.11418486725663717,45200,Pennsylvania,Jefferson County
42067,0.2465903555772041,0.0,0.16780321480759863,0.011855090112031175,0.11861880987173243,0.0061292417600259785,0.003450235427829193,0.00012177301509985388,0.0012583211560318233,0.02528819613573632,0.10892458191264816,24636,Pennsylvania,Juniata County
42069,0.9310706641111376,0.8040356841403302,0.17671857002289718,0.03760075919734001,0.15608885593437702,0.025289478961186735,0.016993336038090442,0.00025648558784165045,0.0015389135270499027,0.04981416453317292,0.1046083651608631,214437,Pennsylvania,Lackawanna County
42071,1.0116316453137484,0.6509043305836036,0.1497367382494778,0.024326439372792115,0.10098915765865492,0.03664488059371059,0.018981797880430074,0.0003157215874635428,0.002300532298895937,0.08649616417522549,0.09790298876685694,519445,Pennsylvania,Lancaster County
42073,0.909063968037933,0.5974557667822804,0.18799666330069809,0.024576341265311497,0.14304136848575316,0.038426921894893974,0.004061114281951091,0.0001097598454581376,0.0008122228563902182,0.01021864161215261,0.11235258155156516,91108,Pennsylvania,Lawrence County
42075,1.0240851102060373,0.6780965500718735,0.17016800431241016,0.027376948071394347,0.10475213374460948,0.021599484906564447,0.011477299952084331,0.0002695256348826066,0.0018717057977958793,0.09291147580258745,0.10559813727839004,133568,Pennsylvania,Lebanon County
42077,1.1403760261175346,0.8927229704403757,0.14765219730069215,0.025731998557927533,0.1281069880428158,0.061345304823789616,0.029319278849317735,0.00036051811603533075,0.0036595450032475244,0.18774123955284308,0.10454149248777529,349497,Pennsylvania,Lehigh County
42079,0.996506841418079,0.7737798094810743,0.17946920193323423,0.03674344230367732,0.14942585061994998,0.03355114937693394,0.009769002813846744,0.0001776182329790317,0.001738789017584205,0.06696830605179598,0.10715929862610739,320913,Pennsylvania,Luzerne County
42081,1.0603818759635177,0.5650455167899682,0.16460111445082723,0.046824025286148596,0.1497777471557389,0.044810569196716936,0.0057789528985195205,0.00021531121082412518,0.0018689013099534068,0.013426807106992447,0.10099379042467983,116111,Pennsylvania,Lycoming County
42083,0.31185270425776757,0.25684695051783657,0.16987341772151898,0.07315326121979286,0.16392752589182968,0.024073647871116224,0.004441887226697353,6.904487917146145e-05,0.0023014959723820483,0.017422324510932105,0.10945834292289988,43450,Pennsylvania,McKean County
42085,0.7047360208508376,0.44061112158987636,0.18481112501929045,0.05756888578336391,0.14630299730790997,0.0576655978326103,0.006241533633978635,0.00013717656338414582,0.0013374714929954216,0.010699771943963373,0.11045963579622421,116638,Pennsylvania,Mercer County
42087,0.7927680904845551,0.4666466732359368,0.18514630906987703,0.011981269011610472,0.14557437556231523,0.006426459877468832,0.003598817531382546,0.00014995073047427274,0.0011139197120945976,0.01143909858189452,0.11622702540593804,46682,Pennsylvania,Mifflin County
42089,0.715718138034173,0.39042757386276655,0.12777169369178412,0.022313589100458074,0.11704169168992358,0.13158111656716243,0.02051318284052237,0.00046513818725639125,0.003367835988742478,0.13122784705785376,0.10514228518269922,169842,Pennsylvania,Monroe County
42091,1.4859027796878008,0.9772939237929974,0.15093252187219486,0.026264565669092882,0.0624255207695212,0.08670240562888655,0.06446640345854472,0.0003700582841797583,0.0014677311676589062,0.042797990683532655,0.08754295051470606,799874,Pennsylvania,Montgomery County
42093,0.7139103301034653,0.4855750807467017,0.18585427273224941,0.04614077297859528,0.11028587069579023,0.014014342803963431,0.01784638966442218,0.00010948705315596431,0.0008758964252477145,0.017736902611266217,0.10282263097388733,18267,Pennsylvania,Montour County
42095,1.271053117705342,0.8300099081397887,0.15653517389625002,0.0356671006096025,0.09689120526642821,0.050333350126790605,0.02419265454179052,0.0003291517624733404,0.002045443095370044,0.10472064083832938,0.09552084907719953,297735,Pennsylvania,Northampton County
42097,0.36320455314827355,0.43838862559241704,0.18529959377115776,0.03644668140656737,0.13965066435341908,0.020322020988490182,0.003512186865267434,0.0001375253893026405,0.0015445159106296548,0.023834207853757616,0.1117763625592417,94528,Pennsylvania,Northumberland County
42099,0.19826404751027868,0.0,0.13691835802388566,0.014301601078988013,0.08487611216254433,0.0064391220170114645,0.0035676216580739196,0.00041332202136222236,0.0015662729230568426,0.012791228871630882,0.10041047227479388,45969,Pennsylvania,Perry County
42101,0.48793276319669715,1.0,0.12143517153248796,0.03759567541531505,0.2581819967888856,0.43370556047052655,0.0631763819260133,0.00048756512336577216,0.004584684950358793,0.12294242930633376,0.12878560765424815,1525950,Pennsylvania,Philadelphia County
42103,0.4998169743241123,0.18942285903536754,0.16216074883647963,0.008334846345587338,0.10035742299848349,0.05790583764750998,0.010406317000470637,0.00027889626801931355,0.0030678589482124492,0.09017064965399432,0.10614549669682233,57369,Pennsylvania,Pike County
42105,0.5327375837772813,0.0,0.1949361287735579,0.01241234461820473,0.1433926791544939,0.0038380019476427795,0.0025777625021481355,5.7283611158847455e-05,0.0025777625021481355,0.01036833361975139,0.11988056367073381,17457,Pennsylvania,Potter County
42107,0.6619371632420477,0.5361422627436965,0.18091699316874482,0.0457253882621098,0.12621232862855641,0.026751815711212566,0.004787947858573461,0.0001753333018632535,0.0014296407690388363,0.027513841215464397,0.1087776369117062,148289,Pennsylvania,Schuylkill County
42109,0.41950027706412774,0.1424109616643998,0.1547529091733414,0.058362732356052584,0.10199221701677498,0.01078031333434084,0.00539015666717042,0.0001511258878645912,0.001334945342803889,0.016548284721172736,0.09918392020553121,39702,Pennsylvania,Snyder County
42111,0.43116976666409407,0.2421985541920712,0.1856268169072059,0.05829752000205809,0.12343956934475574,0.023963880527899977,0.003074271307658666,0.00021867201769957038,0.0011062231483625325,0.010804970286331712,0.11174851431658563,77742,Pennsylvania,Somerset County
42113,1.2862476664592408,0.0,0.24222153080273803,0.06749981331673928,0.13284629744866208,0.02613565650280025,0.0031113876789047915,0.0,0.004044803982576229,0.01431238332296204,0.12371375233354076,6428,Pennsylvania,Sullivan County
42115,1.4146600239874527,0.22497462865578005,0.18094381400498202,0.006501741396807824,0.12266507519143832,0.0035981179075560477,0.0028369775809576527,0.0002767783005812344,0.0013146969277608635,0.013008580127318018,0.11041572100747302,43356,Pennsylvania,Susquehanna County
42117,0.8078654629475239,0.14342202424906506,0.18012910602415377,0.04646608227531503,0.14327681570234155,0.007932159786570116,0.004359114837664658,9.528119863747886e-05,0.002167647269002644,0.010409470951144565,0.10723770277030086,41981,Pennsylvania,Tioga County
42119,0.5685585244843927,0.36022426413331254,0.1480410260974036,0.20266943956215097,0.09148081073264065,0.07395376777093021,0.011613678332257992,0.0005339622221727813,0.003537499721894676,0.052194807217389366,0.08942955035931208,44947,Pennsylvania,Union County
42121,0.41372035501236726,0.31103593772733884,0.1797613851302197,0.02358071620835152,0.1393522479266696,0.010384839225956642,0.0035828604684999274,0.0002000581987487269,0.0015459042630583443,0.008693438091081042,0.11584670085843154,54984,Pennsylvania,Venango County
42123,0.6018653593208179,0.3186177209135478,0.18749252660528518,0.018845648690661247,0.12663847901470765,0.003563314600023915,0.0037546335047231854,0.0002869783570489059,0.001913189046992706,0.0072940332416596915,0.1111773765395193,41815,Pennsylvania,Warren County
42125,1.0619863343277836,0.617072466557598,0.1749879703589645,0.02850733567510345,0.09768478491001828,0.03251371379078048,0.006385333461649504,0.0001491675488403426,0.0012077759599653547,0.011384852276008084,0.09780814647290925,207820,Pennsylvania,Washington County
42127,0.16962629207527166,0.08481314603763583,0.18984514028245808,0.07232509371095378,0.11475881261595547,0.031123395554882437,0.004827533982052932,7.572602324788914e-05,0.0019120820870092007,0.034379614554541665,0.11389758055355723,52822,Pennsylvania,Wayne County
42129,1.1519789467342518,0.669602293732491,0.18861677743729616,0.021800703236035918,0.10101718930139195,0.02344667811342146,0.007404790658571784,0.00016978440119506312,0.0009611987874107605,0.008705558248372672,0.10211690203713898,365169,Pennsylvania,Westmoreland County
42131,0.0,0.0,0.1601358042155892,0.021272863912858965,0.10538148960248973,0.007356061677747913,0.0033597397085867874,0.00010609704342905645,0.0019097467817230159,0.015454802659499223,0.10195423680860094,28276,Pennsylvania,Wyoming County
42133,1.2230603349181097,0.7497402131631461,0.14036995484766834,0.01938146133544228,0.10087798065162816,0.0559668208528365,0.012430685193529698,0.0002827768224161555,0.0021656566399676303,0.05608866777631664,0.092556116255759,434972,Pennsylvania,York County
44001,1.9360802005012532,1.0,0.1672781954887218,0.06500500451127819,0.07768022055137845,0.007979949874686717,0.014355889724310776,6.015037593984962e-05,0.0016040100250626567,0.019829573934837093,0.08667504761904761,49875,Rhode Island,Bristol County
44003,1.5254611657789414,0.9236435858084319,0.15689566970599741,0.009239377087659113,0.08009429147482773,0.014474436520116759,0.020330414372122414,0.0002347205922181096,0.0026300743281875358,0.03195209292528061,0.09511081219343384,166155,Rhode Island,Kent County
44005,1.4354671363767977,0.8978259820480649,0.16966267734774634,0.043146925972396485,0.08885188447061095,0.03455264935817006,0.015539040633143519,0.0007600617700994112,0.003800308850497056,0.04237042756490686,0.0877847336164463,82888,Rhode Island,Newport County
44007,1.0878999532447058,0.9370638632639026,0.13466322624296476,0.04433899024521795,0.16344129178654693,0.08463825285199317,0.03671168260016883,0.0006702124094614844,0.006579251819546905,0.1880089425484348,0.102015981374478,626667,Rhode Island,Providence County
44009,1.1681931657990692,0.6103528929980548,0.149764921758716,0.05137437450287056,0.10887486907283882,0.011671221225556982,0.01629403287157719,0.0002283842210129234,0.008686475716457052,0.02383071216500366,0.08318670016301909,126979,Rhode Island,Washington County
45001,0.8102451115395208,0.2242986977219971,0.16536176574733447,0.035456025494747606,0.22331911712633276,0.28276350474092143,0.0029507809733642838,0.00019671873155761892,0.002360624778691427,0.010032655309438565,0.147750442617146,25417,South Carolina,Abbeville County
45003,1.1023741559909805,0.5555624957057821,0.15377360258340153,0.015231283768168445,0.16294705775801224,0.24581040481202257,0.008301113685906846,0.00038101424743439995,0.004259864209020668,0.048869761834864675,0.1308855770492008,160099,South Carolina,Aiken County
45005,0.0,0.0,0.13197043862174873,0.12881111431039446,0.27117621652749785,0.73634705825895,0.003935118533448507,0.0001919570016316345,0.0019195700163163452,0.022938861694980325,0.188457529513389,10419,South Carolina,Allendale County
45007,1.1547513440141937,0.5920075243418873,0.15138997253187692,0.014770636897064012,0.15339066190695042,0.16042666438656306,0.007508309908831483,0.0002297916911599671,0.002554428566848006,0.02910872887786839,0.12735133546380514,187126,South Carolina,Anderson County
45009,0.7526114968411834,0.3763057484205917,0.16044285982360668,0.07764437355351222,0.2629172452617752,0.6153124413586039,0.004253455932945518,0.00018765246762994934,0.0026271345468192905,0.016138112216175643,0.1659816726089948,15987,South Carolina,Bamberg County
45011,0.0,0.0,0.1402678926661067,0.012602497679147694,0.2614025463065293,0.4427302064453384,0.005570045532911896,0.00022103355289332922,0.0037575703991865965,0.01816895804783166,0.16481800097254762,22621,South Carolina,Barnwell County
45013,1.6047105089593363,0.7822699450789913,0.20360839040145962,0.03245513058378998,0.11374822631647076,0.192870747628411,0.01164374695653782,0.0007335129104436212,0.0029648715119611918,0.12061047998865829,0.10845903731053484,162233,South Carolina,Beaufort County
45015,1.3624545244963253,0.6374667543844852,0.10005454248972408,0.021043264564812782,0.12795800790584955,0.25029942139977396,0.022750403445735846,0.00103462042363208,0.005999673869649073,0.060474688348712065,0.11249183268388412,177843,South Carolina,Berkeley County
45017,0.0,0.0,0.1627677100494234,0.010085542009884681,0.18423855024711694,0.4256342668863262,0.0021087314662273475,0.0005930807248764415,0.0034266886326194397,0.030181219110378913,0.15020553542009882,15175,South Carolina,Calhoun County
45019,1.3259396531785306,0.8411405760560122,0.12769803174675692,0.029501002258651262,0.15622890616746,0.2976479759229489,0.013474810755862928,0.0008537758881125271,0.003049607520080866,0.0539020984612046,0.10207282793988734,350209,South Carolina,Charleston County
45021,0.6076759061833689,0.30383795309168443,0.13447291388095842,0.012774200426439232,0.20757954175851975,0.2037873586064833,0.005655740667124426,0.000307180803006758,0.003595822341079108,0.03671714068880778,0.1293781757074193,55342,South Carolina,Cherokee County
45023,0.7672299336149668,0.26499698249849124,0.14589619794809897,0.006583624019312009,0.2097966203983102,0.3737779118889559,0.003289076644538322,0.00015087507543753772,0.004103802051901026,0.014453832226916114,0.1539282438141219,33140,South Carolina,Chester County
45025,0.8785680660760902,0.13151024949715412,0.13549022125219326,0.018713820772884835,0.22632708520563188,0.3263790816108187,0.003680403988530834,0.0002567723712928489,0.005071254333033765,0.03564856421449052,0.15024981811957033,46734,South Carolina,Chesterfield County
45027,0.8286008406965771,0.11649652569271682,0.167767578851048,0.04749446684395642,0.2342080867004089,0.5005290097509365,0.006433902376254611,0.00011438048668897086,0.0024591804638128736,0.025707014383346202,0.17068382373967,34971,South Carolina,Clarendon County
45029,1.8849892008639308,0.35094621001748433,0.15627892625732798,0.00997887997531626,0.2127763807466831,0.3902602077548082,0.0032397408207343412,0.00017998560115190784,0.00827933765298776,0.028129178237169598,0.16353556001234187,38892,South Carolina,Colleton County
45031,0.6396237678542829,0.2862800483394243,0.14258674160248103,0.019582897744645535,0.2234827972801794,0.41602481035512007,0.002955693714418835,0.00011648054046970778,0.0028246531063904137,0.016598477016933358,0.1525259242002883,68681,South Carolina,Darlington County
45033,0.3273033497598403,0.16365167487992016,0.12971742249391804,0.014062142099681867,0.338916817416256,0.46104422681055457,0.002432786476202358,0.0002495165616617803,0.024639760464100803,0.025980911983032873,0.16914390867693846,32062,South Carolina,Dillon County
45035,1.5098092343744278,0.785112225843067,0.10141701146058364,0.0147605016293801,0.1249118596902347,0.25825491560177216,0.015026912233166123,0.0010691662700010984,0.006620043206034198,0.044487569111347075,0.10880335395994288,136555,South Carolina,Dorchester County
45037,0.7694645173244395,0.27567166944598853,0.1305910691124699,0.11282857142857144,0.15711435982953492,0.3716879748008153,0.0035204743375949602,0.00040763387066889014,0.0024828608486196033,0.052399481193255514,0.14059395960718918,26985,South Carolina,Edgefield County
45039,1.571255635331441,0.2618550676239773,0.14881449323760226,0.01656341208882952,0.22975793120721322,0.5913758557355151,0.0022958757722491233,8.348639171814995e-05,0.0020871597929537486,0.01561195525129404,0.1722459926531975,23956,South Carolina,Fairfield County
45041,0.8132173201540024,0.5232135942899306,0.13162528035300736,0.023581867461517667,0.1965842593201394,0.41278190545071997,0.01220768404672672,0.00016802916401838092,0.003389805743675163,0.022136015955464966,0.1387980289448499,136881,South Carolina,Florence County
45043,1.351923268725689,0.3972206522823232,0.19814488513580902,0.009289146913128762,0.19197177432760396,0.33601516007846005,0.0045048040160909604,0.00023272050267628578,0.0022607134545696334,0.03103494132118754,0.1588296319691479,60158,South Carolina,Georgetown County
45045,1.4885434096071803,0.8534921602304837,0.12761039392764142,0.02626721037176575,0.1243965604742645,0.18061277633109868,0.01961105878442019,0.0005695606404786969,0.0031048811568507952,0.08087982713723751,0.11101779156739985,451225,South Carolina,Greenville County
45047,0.7828914313604456,0.42754195317322463,0.151361594005254,0.03790939693659293,0.22335500495255595,0.3136044558648311,0.008211194211969395,0.0003588808659077533,0.0028136259887167857,0.054391984036979084,0.13978993985156687,69661,South Carolina,Greenwood County
45049,0.37766714082503555,0.0,0.1341394025604552,0.07259509720246562,0.1878184921763869,0.5385964912280702,0.005357989568515884,0.0003793266951161688,0.0031294452347083927,0.0352773826458037,0.17191147463252726,21090,South Carolina,Hampton County
45051,1.0206393826752471,0.6350082253027394,0.17107887006992437,0.010960094841639713,0.16772936711587094,0.13443449651120906,0.010457089171193987,0.0011326037632152577,0.00474950889558136,0.06195156912039392,0.12031115410466744,269291,South Carolina,Horry County
45053,0.624772974936433,0.0,0.11175687129192396,0.0600488517576785,0.2035689550793074,0.4603462888969609,0.007103361988941357,0.0005246801469104411,0.004923921378697986,0.15143076240061348,0.14746603705049036,24777,South Carolina,Jasper County
45055,1.2882311943854645,0.4600709921065854,0.14258391818078675,0.008535097330502292,0.16523467915781967,0.2461708024701363,0.004894889540820462,0.0004700390618668655,0.0031930239719921553,0.03724654359207093,0.1296648135241584,61697,South Carolina,Kershaw County
45057,1.0335020612638939,0.5343370036006888,0.1531205969837708,0.027572454730470177,0.16050491833220268,0.23845431299900852,0.006444711162135365,0.00022178155821113606,0.0030658038929186455,0.04414757605802849,0.12988890048531024,76652,South Carolina,Lancaster County
45059,0.5292393705757699,0.26461968528788493,0.1501119677773269,0.03609567308414867,0.19999039632084406,0.254489983016968,0.002750349429640651,0.0005109938831026346,0.0022994724739618558,0.04101477373491441,0.13909032568345434,66537,South Carolina,Laurens County
45061,0.6245057232049948,0.0,0.13506763787721124,0.10273994797086368,0.24680010405827266,0.6430280957336109,0.003069719042663892,0.00015608740894901144,0.0026534859521331945,0.017377731529656607,0.17141768990634756,19220,South Carolina,Lee County
45063,1.221063222442843,0.6969065249951408,0.12237843523596464,0.008843078840356566,0.13137652206058897,0.14300033156625036,0.014211615489860552,0.0004954438223872008,0.0043217945737468125,0.05537156381125877,0.10694513912443643,262391,South Carolina,Lexington County
45065,0.0,0.0,0.23932375647415224,0.1276018371933939,0.19563920648881072,0.49672627772891625,0.0033225837975178344,0.0005863383172090296,0.000977230528681716,0.0079155672823219,0.174813935307339,10233,South Carolina,McCormick County
45067,0.0,0.0,0.14675458229992136,0.006157156251890388,0.24258813743875143,0.5588288669771944,0.0053233319218438085,6.049240820277055e-05,0.004355453390599479,0.023924747444195753,0.1759084447401851,33062,South Carolina,Marion County
45069,0.7720595859399302,0.3860297929699651,0.13061210382608093,0.11374057996059861,0.2622378253205682,0.509072685169184,0.0025921957626239933,0.00013825044067327966,0.045207894100162446,0.02765008813465593,0.17445968271523865,28933,South Carolina,Marlboro County
45071,1.3130798762930576,0.3502452810067186,0.15887277380825424,0.03114092460275141,0.1892325103977818,0.3099605417510931,0.0032526394369201237,0.0009331342646901994,0.0034659272688493123,0.07171803348618962,0.13985099178841848,37508,South Carolina,Newberry County
45073,0.5722402488118159,0.28612012440590795,0.18992096724247035,0.010703418469699622,0.18404421525991949,0.07557254991719736,0.005870235482611447,0.00013463842850026256,0.002369636341604621,0.045090409704737926,0.12552342035463762,74273,South Carolina,Oconee County
45075,1.0560966908465854,0.38933633149911895,0.14847407055058864,0.035689763353909686,0.2440028432125058,0.6219932757483703,0.00812964184170982,0.0001513497151382147,0.005308050723775959,0.01910249618923039,0.16421744629787785,92501,South Carolina,Orangeburg County
45077,1.369019660471046,0.6982570623364424,0.1341424545393545,0.05915744564852714,0.18917740555592835,0.06587599812118365,0.01604542709521573,0.00011742602160638798,0.0019291417835335168,0.03139468563376501,0.10217247366302087,119224,South Carolina,Pickens County
45079,1.6473489005987276,0.9156839591970496,0.09762745720215771,0.08323630495055685,0.1831688089429414,0.4591320269869591,0.02222990933255653,0.0011053833469447205,0.0031991094511576615,0.048460005930056546,0.1086333976623093,384482,South Carolina,Richland County
45081,0.0,0.0,0.16075471698113208,0.01201581886792453,0.16613891823899374,0.2631446540880503,0.0019119496855345911,0.003169811320754717,0.0041761006289308174,0.14374842767295598,0.14471677987421383,19875,South Carolina,Saluda County
45083,1.2808794718385408,0.623076463119093,0.13445676680489752,0.02809064602700602,0.15327788271129447,0.20599211415828664,0.020210547049492274,0.00030248991407176047,0.0026872359808235466,0.058591592890783556,0.1233519470150225,284307,South Carolina,Spartanburg County
45085,1.0281045265038713,0.47022036926742106,0.12955069982132222,0.025817716088445505,0.2048241047498511,0.46915946992257296,0.011055687909469923,0.0009213073257891602,0.0036200863609291245,0.03286926742108398,0.14153397669743897,107456,South Carolina,Sumter County
45087,0.5566796726632368,0.317185180069749,0.16466972825523982,0.017358174786782223,0.21915714236386866,0.3130416767376817,0.0027278063602776148,0.00037982113877283244,0.0023134560270708883,0.009737232830358067,0.15511367010807636,28961,South Carolina,Union County
45089,0.4707898788600645,0.0,0.1463846846585132,0.042882308340353836,0.24292568921941723,0.6576126427098161,0.004008947506027947,8.715103273973797e-05,0.0033117392441100427,0.020015687185893152,0.18508738343549372,34423,South Carolina,Williamsburg County
45091,1.3558010023311053,0.7077713835796402,0.11335276658424491,0.017269524003308667,0.12581646636263508,0.1902173191845112,0.015096893481309135,0.0005573420974640935,0.008554758861075847,0.04456525104722811,0.10162831917124115,226073,South Carolina,York County
46003,3.0,0.0,0.1988929889298893,0.0354,0.073,0.004059040590405904,0.006642066420664207,0.0,0.014760147601476014,0.03726937269372694,0.09799999999999999,2710,South Dakota,Aurora County
46005,1.7742269226347855,0.7746292677319232,0.17277848028509024,0.03562588228532015,0.17688751580641454,0.008449247039889642,0.0363260144844235,0.0009771238073341764,0.010863317622715255,0.07684791355328198,0.10525554661455339,17398,South Dakota,Beadle County
46007,1.584377732439522,0.0,0.11192072282133489,0.010805916642378316,0.34493762751384444,0.0011658408627222385,0.0037889828038472754,0.0008743806470416788,0.6146895948703002,0.019527834450597494,0.1443375109297581,3431,South Dakota,Bennett County
46009,3.0,0.0,0.19052333804809052,0.22006667609618102,0.10433550212164074,0.009618104667609617,0.0014144271570014145,0.0,0.07100424328147101,0.018387553041018388,0.10421357850070721,7070,South Dakota,Bon Homme County
46011,2.272516815266698,0.7274831847333021,0.09917096824651964,0.11226298764273424,0.1719806976380416,0.007946191146566558,0.027185984670733614,0.0002815579540122008,0.008822149225715626,0.01989676208352886,0.0609636164554982,31965,South Dakota,Brookings County
46013,1.8851660233774055,0.7825956037338151,0.1607675672716323,0.03737928608579015,0.11815986422490489,0.0053105581560866115,0.009717773945416222,0.0011497084667816376,0.030248282280802605,0.013577509512468862,0.08229782924091868,36531,South Dakota,Brown County
46015,1.5168411037107516,0.0,0.17392959086584206,0.02511931493815414,0.17765156993339676,0.002283539486203616,0.0017126546146527116,0.0001902949571836346,0.08468125594671741,0.014272121788772598,0.09901122740247383,5255,South Dakota,Brule County
46017,0.0,0.0,0.07165271966527197,0.0016,0.392,0.0020920502092050207,0.0005230125523012552,0.0,0.8404811715481172,0.018305439330543932,0.157,1912,South Dakota,Buffalo County
46019,2.587932739861523,0.7060336300692384,0.15736894164193868,0.010960593471810089,0.12312067260138476,0.002176063303659743,0.002176063303659743,0.000791295746785361,0.018694362017804153,0.030267062314540058,0.10458536102868449,10110,South Dakota,Butte County
46021,3.0,0.0,0.252387448840382,0.0,0.04,0.001364256480218281,0.002728512960436562,0.0,0.0034106412005457027,0.013642564802182811,0.10500000000000001,1466,South Dakota,Campbell County
46023,0.8754518567203418,0.0,0.17734691642019937,0.06450306714864718,0.19831175375178003,0.000985869208018403,0.0020812794391499617,0.0,0.31690217986635993,0.016650235513199694,0.1279948515719137,9129,South Dakota,Charles Mix County
46025,3.0,0.0,0.21782714711460308,0.1325,0.131,0.001896505012191818,0.000541858574911948,0.0,0.000541858574911948,0.01706854510972636,0.113,3691,South Dakota,Clark County
46027,1.7960905943450665,0.7910415464512406,0.10249567224466244,0.16133027986151183,0.271439050778996,0.013343912290825159,0.01673398730525101,0.00028851702250432774,0.030943450663589153,0.019979803808424696,0.062379472013848816,13864,South Dakota,Clay County
46029,1.6935395012303962,0.7099937561978918,0.14878613141367025,0.013983134388658317,0.12463312153377162,0.0034157270356631286,0.0044808462188268994,0.0,0.01986998200315863,0.015903331252065965,0.08968696514489294,27227,South Dakota,Codington County
46031,1.2918518518518518,0.0,0.10444444444444445,0.00022775308641975308,0.4431629629629629,0.0007407407407407407,0.0027160493827160493,0.0004938271604938272,0.6698765432098766,0.02617283950617284,0.16497135802469137,4050,South Dakota,Corson County
46033,2.017405063291139,0.0,0.2149464459591042,0.030994462025316454,0.1298987341772152,0.0018257059396299903,0.0035296981499513143,0.00024342745861733204,0.029211295034079845,0.022151898734177215,0.1173623417721519,8216,South Dakota,Custer County
46035,1.8929450369155045,0.8503383921246924,0.1692473338802297,0.03941543785890074,0.1276380742411813,0.004204265791632486,0.00476825266611977,0.0006665299425758818,0.025123051681706317,0.01507383100902379,0.09120611156685808,19504,South Dakota,Davison County
46037,1.8919439579684763,0.0,0.22924693520140105,0.024342364273204905,0.19098213660245184,0.0014010507880910684,0.0021015761821366026,0.0,0.09492119089316987,0.010858143607705779,0.1194108581436077,5710,South Dakota,Day County
46039,2.010082493125573,0.0,0.19225481209899176,0.011450045829514208,0.0978615948670944,0.0029789184234647113,0.0009165902841429881,0.0,0.002749770852428964,0.019706691109074245,0.096,4364,South Dakota,Deuel County
46041,2.5953593661573287,0.4682135446142237,0.09715148085266931,0.003605244293529523,0.30290813054140725,0.000943218260705527,0.0015091492171288435,0.0,0.7489152990001886,0.018487077909828335,0.15757819279381252,5301,South Dakota,Dewey County
46043,0.0,0.0,0.24217188540972684,0.0593,0.07400000000000001,0.0036642238507661557,0.000999333777481679,0.0,0.01832111925383078,0.007661558960692871,0.10800000000000003,3002,South Dakota,Douglas County
46045,3.0,0.0,0.21690002456398919,0.10317437975927292,0.05482510439695406,0.0012281994595922379,0.0012281994595922379,0.0,0.004421518054532056,0.014247113731269958,0.09815524441169245,4071,South Dakota,Edmunds County
46047,2.785734423456442,0.607132788271779,0.23089935156470257,0.03309233154778686,0.13700112771356074,0.006907245559627855,0.003665069072455596,0.00042289258528333803,0.07076402593741189,0.022413307020016916,0.12785706230617425,7094,South Dakota,Fall River County
46049,3.0,0.0,0.23688663282571912,0.2102,0.128,0.0012690355329949238,0.0008460236886632825,0.0,0.0012690355329949238,0.007614213197969543,0.106,2364,South Dakota,Faulk County
46051,0.8633768352365416,0.0,0.18529091897770528,0.014172933659597608,0.07816571506253397,0.0013594344752582926,0.0028548123980424145,0.0,0.004893964110929853,0.022838499184339316,0.09627324632952693,7356,South Dakota,Grant County
46053,1.538281432919691,0.0,0.23718098805900256,0.010303722781549987,0.13925520955279794,0.001638960430812456,0.0025755092484195737,0.0,0.07492390540856943,0.008897213767267619,0.1264872395223601,4271,South Dakota,Gregory County
46055,4.0,0.0,0.21734641197728446,0.018600000000000002,0.133,0.0015487867836861124,0.004130098089829634,0.0005162622612287042,0.019101703665462055,0.008776458440887971,0.12300000000000001,1937,South Dakota,Haakon County
46057,3.0,0.0,0.1727934948331357,0.04151661866847366,0.05760138912417415,0.001694053870913095,0.0022022700321870235,0.0,0.00338810774182619,0.025241402676605115,0.09133101812637641,5903,South Dakota,Hamlin County
46059,1.3605362867968522,0.0,0.2526960069950452,0.0177608568930341,0.08922209268434858,0.0008743806470416788,0.0026231419411250363,0.0,0.002331681725444477,0.005537744097930632,0.1006508306616147,3431,South Dakota,Hand County
46061,3.0,0.0,0.14019813869708797,0.15609999999999996,0.067,0.0,0.003302311618132693,0.0,0.003302311618132693,0.004503152206544582,0.08500000000000002,3331,South Dakota,Hanson County
46063,4.0,0.0,0.1450199203187251,0.0231,0.085,0.0007968127490039841,0.0007968127490039841,0.0,0.015139442231075698,0.01593625498007968,0.091,1255,South Dakota,Harding County
46065,2.1816472799906004,0.8183527200093996,0.13423804488309246,0.04536321818822701,0.11215967571378216,0.004934790271413465,0.005346022794031254,5.8747503231112676e-05,0.10451180824814946,0.017976735988720478,0.08622335800728469,17022,South Dakota,Hughes County
46067,0.0,0.0,0.2503064142720959,0.11334139997276318,0.1065071496663489,0.0038131553860819827,0.0016342094511779927,0.0,0.00667302192564347,0.016342094511779925,0.10727209587362113,7343,South Dakota,Hutchinson County
46069,0.0,0.0,0.22605633802816902,0.026800000000000004,0.14400000000000002,0.0007042253521126761,0.002112676056338028,0.0007042253521126761,0.08450704225352113,0.01056338028169014,0.10099999999999999,1420,South Dakota,Hyde County
46071,1.7944572748267897,0.0,0.1342791158033652,0.013875519630484988,0.45066281755196297,0.001979544704717915,0.0003299241174529858,0.0003299241174529858,0.5196304849884527,0.012537116463213462,0.14974826789838339,3031,South Dakota,Jackson County
46073,4.0,0.0,0.25060357315306614,0.085,0.083,0.0004828585224529213,0.001931434089811685,0.0014485755673587638,0.0024142926122646064,0.04056011588604539,0.102,2071,South Dakota,Jerauld County
46075,4.0,0.0,0.20576540755467196,0.0,0.106,0.0009940357852882703,0.0,0.003976143141153081,0.019880715705765408,0.012922465208747515,0.098,1006,South Dakota,Jones County
46077,1.1835664335664335,0.0,0.21756021756021757,0.03944982517482517,0.0948986013986014,0.0013597513597513598,0.0027195027195027195,0.0,0.004662004662004662,0.013986013986013986,0.10039452214452214,5148,South Dakota,Kingsbury County
46079,2.4098214285714286,0.5901785714285714,0.16901785714285714,0.07802683035714285,0.126805,0.005267857142857143,0.007053571428571428,0.00026785714285714287,0.006696428571428571,0.015625,0.08797169642857143,11200,South Dakota,Lake County
46081,0.9358426360127817,0.5521019214010042,0.16570527451549985,0.04444710959870523,0.11928742167074739,0.0037764037017056066,0.006556832800763581,0.0002489936506619081,0.020334481470722497,0.025397352367514628,0.08706133543594638,24097,South Dakota,Lawrence County
46083,1.3181493709288836,0.6590746854644418,0.08994378513429106,0.006329352190595163,0.038121464263406804,0.007138395645578656,0.010306058713304185,0.0001561524047470331,0.005086106897474792,0.012336039975015615,0.06146419648434014,44828,South Dakota,Lincoln County
46085,2.4234354194407457,0.0,0.1459387483355526,0.00985352862849534,0.21513182423435417,0.0007989347536617843,0.002663115845539281,0.0002663115845539281,0.38242343541944074,0.01118508655126498,0.12167776298268974,3755,South Dakota,Lyman County
46087,3.0,0.0,0.18974724101103596,0.05553095407618369,0.09802705589177643,0.001423994304022784,0.001423994304022784,0.000533997864008544,0.004093983624065504,0.01762192951228195,0.09829102883588467,5618,South Dakota,McCook County
46089,3.0,0.0,0.2980886539243595,0.1411,0.154,0.00040666937779585197,0.0016266775111834079,0.0012200081333875558,0.00040666937779585197,0.010166734444896299,0.129,2459,South Dakota,McPherson County
46091,3.0,0.0,0.19050687285223367,0.0801,0.083,0.0015034364261168386,0.0019329896907216496,0.0,0.07581615120274914,0.06808419243986254,0.098,4656,South Dakota,Marshall County
46093,1.3226389871825115,0.3168986396162617,0.11944641031689864,0.031318121412282775,0.07568400566171267,0.012542266257765196,0.006487379098844067,0.0007470315325941653,0.02347251710309035,0.030392388141857355,0.08016025792246598,25434,South Dakota,Meade County
46095,3.0,0.0,0.13525390625,0.0239,0.483,0.0009765625,0.00244140625,0.0,0.541015625,0.0146484375,0.17600000000000002,2048,South Dakota,Mellette County
46097,3.0,0.0,0.22268731686898283,0.0335,0.091,0.0012557555462536626,0.0037672666387609877,0.0,0.0016743407283382169,0.01297614064462118,0.105,2389,South Dakota,Miner County
46099,1.195576746052352,0.8332782590223523,0.11118913305166757,0.0371222667406236,0.1119707791441452,0.03780654754879977,0.014805154955507825,0.0007848089314796894,0.02476573748436283,0.04119951849316685,0.07965224113106899,169468,South Dakota,Minnehaha County
46101,1.532377428307123,0.0,0.1515572001233426,0.025297856922602533,0.14773373419673141,0.005087881591119334,0.010792476102374344,0.0,0.14014801110083255,0.017113783533765033,0.09971939562133826,6486,South Dakota,Moody County
46102,0.0,0.0,0.1293303311449413,0.0019000000000000002,0.121,0.03951107310369879,0.014363441960719765,0.00031867431485022306,0.003937524677359672,0.061078578407101555,0.16721706168114236,13586,South Dakota,Oglala Lakota County
46103,1.2470975155525617,0.6358124975234775,0.13489123112889806,0.02551814696675516,0.13716456987756073,0.010401394777509213,0.010421206958037802,0.000792487221143559,0.09656456789634267,0.04006022902880691,0.08622669096960811,100948,South Dakota,Pennington County
46105,3.0,0.0,0.23138832997987926,0.0218,0.11800000000000001,0.0006706908115358819,0.0013413816230717639,0.0,0.012743125419181758,0.00670690811535882,0.11,2982,South Dakota,Perkins County
46107,3.0,0.0,0.26921425504508373,0.0271,0.071,0.0012881064834693002,0.0034349506225848005,0.00042936882782310007,0.008587376556462,0.0072992700729927005,0.111,2329,South Dakota,Potter County
46109,2.179722140112326,0.0,0.17321903635826189,0.0276945610404966,0.1809997044043748,0.0010838506256774067,0.002069169376293231,0.0,0.34545275396590797,0.012415016257759386,0.13149719184156075,10149,South Dakota,Roberts County
46111,3.0,0.0,0.20254777070063695,0.0739,0.10300000000000001,0.0,0.0016985138004246285,0.0,0.0025477707006369425,0.0118895966029724,0.099,2355,South Dakota,Sanborn County
46115,1.7284489477786438,0.0,0.20124707716289947,0.06298858924395948,0.09481278254091971,0.0026500389711613405,0.0010911925175370225,0.0001558846453624318,0.01215900233826968,0.011067809820732659,0.10259875292283711,6415,South Dakota,Spink County
46117,0.0,0.0,0.1581254214430209,0.0,0.04699999999999999,0.0030343897505057315,0.0013486176668914363,0.0,0.06608226567768037,0.0070802427511800405,0.084,2966,South Dakota,Stanley County
46119,4.0,0.0,0.19155134741442098,0.0,0.044000000000000004,0.0007283321194464676,0.0,0.0,0.011653313911143482,0.00873998543335761,0.102,1373,South Dakota,Sully County
46121,3.0,0.0,0.06169371618809821,0.002932095297544736,0.5533209529754475,0.0016645859342488557,0.0018726591760299626,0.0,0.8809821057012068,0.02361631294215564,0.1699658759883479,9612,South Dakota,Todd County
46123,1.8012048192771084,0.5993975903614458,0.21031183557760452,0.023196686746987952,0.2011656626506024,0.0010630758327427356,0.002126151665485471,0.0,0.13961729270021261,0.010630758327427357,0.12100602409638554,5644,South Dakota,Tripp County
46125,0.0,0.0,0.18964897567988498,0.01833809752006709,0.1066174673535402,0.0023960704444710673,0.002036659877800407,0.0003594105666706601,0.007907032466754522,0.013417994489037978,0.10001904876003354,8347,South Dakota,Turner County
46127,0.0,0.0,0.14042641850128482,0.0061706785193416215,0.07106389332592541,0.006597680394471839,0.008958955483019655,0.0007639419404125286,0.00555594138481839,0.02118202652962011,0.08601944579484687,14399,South Dakota,Union County
46129,1.6130930489150423,0.6934534755424788,0.2396101507907319,0.027967855829349027,0.10109525560867966,0.0011033468186833395,0.002390584773813902,0.0,0.142515630746598,0.007171754321441706,0.10891963957337257,5438,South Dakota,Walworth County
46135,1.3658525715304395,0.4284249933149122,0.16333897851858453,0.1023367011320082,0.12985217042517158,0.015152865674302523,0.005214368482039398,0.0002674035118994563,0.02549246813441483,0.027364292717711024,0.09178995454140298,22438,South Dakota,Yankton County
46137,4.0,0.0,0.06961799357372367,0.0,0.41,0.0021420921099607284,0.0007140307033202428,0.0,0.7486611924312745,0.031060335594430562,0.147,2801,South Dakota,Ziebach County
47001,0.6683837133463776,0.41636385417082616,0.17388758002901675,0.015749293881191017,0.16409185534214482,0.037894820908038175,0.010688282820215896,0.0002395879087968694,0.003181195011247321,0.023532856819603615,0.13197445726683438,75129,Tennessee,Anderson County
47003,1.0581028896089484,0.4068090017311021,0.129477562253096,0.01209966043765813,0.16157153002796396,0.07909805140041724,0.007767765990501132,0.0010431000044387234,0.003706334058324826,0.11281015579919215,0.12816063740068356,45058,Tennessee,Bedford County
47005,0.8277033173630906,0.2239068469889017,0.19898113894111225,0.00982878282491358,0.21376972527139307,0.019467523803747954,0.0037600824792285766,0.0,0.004305900903632725,0.017648129055734124,0.16139656740857541,16489,Tennessee,Benton County
47007,0.0,0.0,0.15354147250698974,0.08553413327120223,0.2043025007766387,0.03650201926063995,0.0013202858030444237,0.00023299161230195712,0.004271512892202547,0.019804287045666356,0.14527524075799936,12876,Tennessee,Bledsoe County
47009,0.912963580332241,0.5106559443175073,0.16073766292902272,0.01648828699901612,0.11745825032728101,0.027483473325581584,0.007114804485172747,0.00026019856402917477,0.0034882869990161243,0.0279794768382622,0.12193701568509469,122983,Tennessee,Blount County
47011,1.2094823317805645,0.6476662995260855,0.14145690813738468,0.027725752048745493,0.16920401564220974,0.042632094823317805,0.008457706415529035,0.0005759728383335186,0.00333457959035195,0.04712872487697422,0.12530750886695027,98963,Tennessee,Bradley County
47013,0.9421357697219767,0.24307397583259652,0.17219274977895668,0.012750302092543473,0.19912854897337656,0.003070046173494449,0.002529718046959426,0.0004912073877591119,0.002603399155123293,0.011592494351115042,0.1468032223204637,40716,Tennessee,Campbell County
47015,0.0,0.0,0.16056807477719007,0.011886290848489241,0.1652462140424607,0.012173030939786972,0.0013767118324759075,0.0006521266574885878,0.001956379972465763,0.015216288674733715,0.12932149844214189,13801,Tennessee,Cannon County
47017,0.31337213379145923,0.15668606689572961,0.17891452212327327,0.03415644765444219,0.1985566930790267,0.10093962555220531,0.0019633966762499125,0.0004207278591964098,0.003961854007432859,0.020861089685155317,0.14594530537830447,28522,Tennessee,Carroll County
47019,1.6136632766787407,0.650442323767066,0.1709738088604068,0.02596617964614099,0.23523972555029257,0.013234884368904987,0.003151992198383951,0.00013931457230426304,0.002020061298411814,0.015498746168849262,0.1433766891891892,57424,Tennessee,Carter County
47021,0.3046924945659123,0.1986958189489835,0.10868175425137451,0.007237562971487022,0.11507078378723948,0.01442270809359417,0.0035801048459276306,0.0003835826620636747,0.003273238716276691,0.0232706814985296,0.11207945275540213,39105,Tennessee,Cheatham County
47023,1.6679703461560913,0.32000466989667853,0.1459342712042496,0.07366646430447726,0.18812597046290352,0.09158834860778706,0.0035024225089019907,0.00011674741696339968,0.004202907010682389,0.020022182009223045,0.11916525596871169,17131,Tennessee,Chester County
47025,0.35501195169652006,0.0,0.15962499611957906,0.03903406699158725,0.23708083692919008,0.00875422965883339,0.005153199019029584,0.00015521683792257785,0.0029180765529444636,0.008226492409896626,0.14129568807624251,32213,Tennessee,Claiborne County
47027,0.0,0.0,0.20086502989441546,0.012208243226052665,0.2671403129372853,0.013229868973413054,0.0008904719501335708,0.00012721027859051011,0.0026714158504007124,0.016028495102404276,0.16685078234321335,7861,Tennessee,Clay County
47029,1.1697795726064277,0.1679286555611644,0.16728363901508778,0.008226454091648436,0.2511874754613271,0.018761568231532896,0.0030848617421055584,0.0006730607437321219,0.0038140108811486905,0.017611756127657186,0.15716804083235178,35658,Tennessee,Cocke County
47031,0.8470690765791369,0.37158501004130196,0.1575537114925543,0.010537001250426281,0.14074163540600962,0.03495509832897579,0.008563525444280247,0.0004168087605623129,0.0031450115569701793,0.03802432647493464,0.12960092455761432,52782,Tennessee,Coffee County
47033,0.5823392293980529,0.29116961469902647,0.16419854655148772,0.013294803235979707,0.19419093651446592,0.126354038118744,0.0017139723022075964,0.0002742355683532154,0.0013026189496777732,0.0873440285204991,0.14956718771424654,14586,Tennessee,Crockett County
47035,1.2253224626692594,0.3724867536081922,0.2596292794319662,0.011347439030917167,0.15572005066633365,0.0028722815906374326,0.004245981481811856,0.0006600895580968013,0.003086364690560719,0.02331721763331133,0.15273860453499366,56053,Tennessee,Cumberland County
47037,1.4234658462598995,0.9396646778823676,0.10436410231042588,0.04128041188419627,0.1657470212117489,0.2772223826795451,0.030361539603083545,0.0006287090242084888,0.0033366258112181475,0.09752489703692947,0.10934330225425694,626681,Tennessee,Davidson County
47039,0.0,0.0,0.20651526750021265,0.018120064642340734,0.19699676788296333,0.028748830483966998,0.0021263927872756656,0.0005103342689461597,0.002211448498766692,0.0261971591392362,0.15467338606787448,11757,Tennessee,Decatur County
47041,0.722426961491214,0.361213480745607,0.15788068151471452,0.01593763819900657,0.17218800405917856,0.013352561021203867,0.002617101960155958,0.00010682048816963092,0.0018693585429685414,0.06617529242108637,0.14175206964695827,18723,Tennessee,DeKalb County
47043,0.6124511738412596,0.17907622921113034,0.13258567229090323,0.012428705754439658,0.14462938428703742,0.04139652881246728,0.004550396649619458,0.0003221519751942979,0.0034631337333387024,0.031671566061289416,0.12209201465791487,49666,Tennessee,Dickson County
47045,0.9346550149993479,0.46732750749967394,0.14391548193556802,0.013452698578322682,0.18645282379026998,0.14287204904134604,0.004930220425198905,0.00033911569062214684,0.0021390374331550803,0.02613799400026086,0.13889330898656582,38335,Tennessee,Dyer County
47047,0.8009528024366751,0.13537083799755292,0.1487517246765418,0.01095160752870122,0.14574919948975606,0.2807382917241559,0.004842110743758623,7.809856038320361e-05,0.002759482466873194,0.02233618826959623,0.14393866659724572,38413,Tennessee,Fayette County
47049,0.0,0.0,0.16966423520240548,0.00734440113592071,0.21694648922545798,0.0017261540174842698,0.00211593073110975,0.00022272955064313158,0.0024500250570744474,0.010523971267887967,0.1514886129517234,17959,Tennessee,Fentress County
47051,0.7624476273993959,0.2701451817207444,0.17317061288122382,0.04328068303614927,0.14955736626717334,0.051373867290266,0.007283445386339277,0.0005602650297184059,0.0035077462730195848,0.025065770242619117,0.133048231511254,41052,Tennessee,Franklin County
47053,1.028885444554037,0.5144427222770185,0.1647980031804183,0.019951001429175306,0.1759624187282353,0.18798687574226533,0.0021336983433643993,0.00012077537792628676,0.0021538275730187805,0.0203707804102337,0.15282378872360555,49679,Tennessee,Gibson County
47055,0.6283873155841954,0.0,0.16652535187383416,0.023000956418517893,0.14583154146176022,0.10215363744276751,0.0038324571816177717,0.0003730710530778362,0.0034593861285399357,0.01597422418178735,0.1391207393589961,29485,Tennessee,Giles County
47057,0.0,0.0,0.15999470362360418,0.00667813920642627,0.18512005119830513,0.004722602286269144,0.0010592752791631725,0.00013240940989539657,0.0020302776183960805,0.02339232908152006,0.1410978505539127,22657,Tennessee,Grainger County
47059,1.280687480931557,0.4327701181153841,0.17442722029318186,0.025449147913004316,0.17208515058621843,0.01994740741816914,0.003646612718106667,0.0003050950879690837,0.002411704028707995,0.024552890412750068,0.14490591448620535,68831,Tennessee,Greene County
47061,0.6064365467415894,0.0,0.1752171057432679,0.013140086112530104,0.24160585273297816,0.00270013865576881,0.001751441290228417,7.297672042618404e-05,0.004743486827701963,0.008246369408158797,0.15023921768955703,13703,Tennessee,Grundy County
47063,1.5381811204911742,0.8214217191097467,0.15857636224098234,0.014675604374520337,0.19388390573036585,0.040403555896648756,0.007450754668713226,0.0011352008186236889,0.0033416474801739576,0.10730046047582502,0.1406510776413405,62544,Tennessee,Hamblen County
47065,1.6435683290732925,0.9020150983772217,0.14686738393865542,0.029059511086013196,0.14174608868810556,0.20180704987219877,0.01757118230993283,0.0008797479640967723,0.0034625215478808775,0.044561017654401715,0.12844586280687156,336460,Tennessee,Hamilton County
47067,0.0,0.0,0.16996627071418097,0.021875934887813465,0.2567348584836486,0.0035195776506819184,0.001026543481448893,0.0,0.002786332306789852,0.0019064378941193723,0.16,6819,Tennessee,Hancock County
47069,0.7420467471471031,0.0,0.13983781602025466,0.14036278941767877,0.21188764539683702,0.41393608043151214,0.0053939015888159105,0.0,0.0022382856933181668,0.013796646240780832,0.17196605878251936,27253,Tennessee,Hardeman County
47071,1.776377468685161,0.34204257281180356,0.18477676169983862,0.014246891569968495,0.20427787597018365,0.03442711135018827,0.003919157765311611,0.00026896180742334586,0.0030354261123491893,0.019096288327057558,0.15442534388688234,26026,Tennessee,Hardin County
47073,0.5946193232804885,0.29730966164024425,0.16481621593088522,0.00802508049900586,0.19216680449738707,0.01302060422641775,0.0048915242904650465,0.0001935495222845882,0.0020938539228969083,0.011771330037126318,0.14064752872450864,56833,Tennessee,Hawkins County
47075,1.4976845691169425,0.6200031936977697,0.1374886889870655,0.009249060520572736,0.1951877894288604,0.5038058231756002,0.0011177942194070369,0.0,0.0016500771810294352,0.03848405812529941,0.17915792835471336,18787,Tennessee,Haywood County
47077,0.5931074219453347,0.0,0.14807879289855594,0.007843307285102092,0.19884547517015377,0.07875688717634773,0.0027368648492923763,0.00010803413878785697,0.0017285462206057115,0.019158053945046636,0.1431362670603911,27769,Tennessee,Henderson County
47079,1.3315496442932262,0.332415712960099,0.1968450355706774,0.015189557686359418,0.19802511599133932,0.0803897309000928,0.002938447262604392,0.00018558614290133005,0.003093102381688834,0.01710485617073925,0.1585510980513455,32330,Tennessee,Henry County
47081,0.2919805589307412,0.0,0.13932766302146618,0.06128460915350344,0.17920121506682868,0.04536249493722155,0.0019846091535034426,8.100445524503847e-05,0.005062778452814905,0.018428513568246253,0.13248039692183072,24690,Tennessee,Hickman County
47083,0.0,0.0,0.1783764538333729,0.02099400664609542,0.1575375029670069,0.022905293140280086,0.0029670068834559697,0.00035604082601471633,0.0028483266081177306,0.015309755518632803,0.14827794920484216,8426,Tennessee,Houston County
47085,1.0219009601898803,0.3020282662638904,0.17288812169597584,0.01106234221598878,0.17917995468766856,0.024975725536735355,0.001888013809472435,0.00032365951019527455,0.0044233466393354196,0.014996223972381055,0.13493041320530802,18538,Tennessee,Humphreys County
47087,0.0,0.0,0.17657673139714727,0.01523971472761643,0.19437480666781234,0.0025777625021481355,0.000945179584120983,8.592541673827117e-05,0.0045540470871283725,0.014091768345076474,0.15106891218422408,11638,Tennessee,Jackson County
47089,0.5615966697142413,0.28079833485712064,0.1621179994942323,0.031016030890734726,0.14310774797206605,0.020386328710097847,0.004143404594705001,0.0002528838485031221,0.0033069426342715973,0.03149376544050421,0.12898515766335322,51407,Tennessee,Jefferson County
47091,0.684224950668713,0.0,0.17693488270116203,0.10012470401227802,0.22781347292260465,0.020719140539355405,0.0019184389388292042,0.00021925016443762334,0.0018636263977197982,0.014744573558430169,0.14994398158298622,18244,Tennessee,Johnson County
47093,1.5583814948661117,0.8711761902338129,0.1306978293762985,0.028571571816595948,0.15833883662713488,0.08802108156381153,0.01872862807882913,0.0008305840000370177,0.00289431917561646,0.03473183010739752,0.11203034986326597,432226,Tennessee,Knox County
47095,0.0,0.0,0.13712972420837588,0.3200067926455567,0.2776465781409601,0.2771961184882533,0.0014044943820224719,0.00012768130745658836,0.0028089887640449437,0.017364657814096015,0.15857865168539326,7832,Tennessee,Lake County
47097,0.3965845766672659,0.24731260111450656,0.12309904727664929,0.09828885852957038,0.21205367607406073,0.3494517346755348,0.002121157648750674,0.0001438072982203847,0.006327521121696926,0.02027682904907424,0.15975462879741145,27815,Tennessee,Lauderdale County
47099,0.17655066994673863,0.0,0.1609305213881392,0.00972039456399723,0.1859313095607729,0.015333540328166424,0.0028899663235329243,4.776803840550288e-05,0.003630370918818219,0.01645608923069574,0.13693699395734313,41869,Tennessee,Lawrence County
47101,1.2551599375051394,0.6275799687525697,0.1620754872132226,0.017823271112572977,0.20345497903132964,0.016363785872872297,0.003618123509579804,0.00041115039881588683,0.0028780527917112077,0.0181728476276622,0.14476547981251542,12161,Tennessee,Lewis County
47103,0.8247054944396152,0.0,0.16636191960672642,0.008472575762117442,0.1635379335151824,0.06801354875453373,0.003656964719282995,0.0005995024129972123,0.004526243218128953,0.026527981775126646,0.14065441683402777,33361,Tennessee,Lincoln County
47105,0.6336189142433479,0.31680945712167397,0.2148859049345086,0.009881479116895957,0.11941465524343028,0.010977016228684406,0.00591070104621468,0.0009885493038965319,0.002800889694373507,0.06991926847351512,0.13278678227201582,48556,Tennessee,Loudon County
47107,0.535338460949757,0.2676692304748785,0.16861822217120118,0.018021713924922512,0.19750170282784218,0.039528565415375194,0.007423564076072399,0.00021046186813607318,0.0034056556843837294,0.02835495350706004,0.14207216928787356,52266,Tennessee,McMinn County
47109,0.5973537871524449,0.29867689357622246,0.1728475551294343,0.011990128475551295,0.20847355704697987,0.059443911792905084,0.0018791946308724832,7.670182166826462e-05,0.0023010546500479385,0.015186960690316395,0.1509296644295302,26075,Tennessee,McNairy County
47111,0.6696332254584682,0.3348166127292341,0.1408665947500899,0.012075301150665229,0.17886084142394823,0.004180151024811219,0.001977705861201007,0.00013484358144552318,0.003505933117583603,0.041307083782811935,0.13803726177633943,22248,Tennessee,Macon County
47113,1.446324292428836,0.7634443607951655,0.13156449020286082,0.044940962825808284,0.20481074124565082,0.3625450180072029,0.00933932895191975,0.00031538038944391313,0.0018719352147638718,0.033633792500050864,0.13801115022280097,98294,Tennessee,Madison County
47115,0.3897722845911393,0.19488614229556964,0.15911746998618834,0.008859507029783617,0.18341558947480255,0.03583950136345929,0.003931012501328044,3.541452703899139e-05,0.004037256082445019,0.012784644261075893,0.13973956156815526,28237,Tennessee,Marion County
47117,1.3463108730443871,0.45229774308390763,0.13123428160825684,0.011714838161805533,0.14652140967436392,0.06542117124473332,0.004343991899924879,0.0006205702714178398,0.0035274520691119314,0.04526896822026979,0.12910484371427638,30617,Tennessee,Marshall County
47119,1.1074040219378427,0.5164533820840951,0.12944068382825238,0.012466891891891891,0.1284391397796334,0.1254261574188448,0.006040318197539404,0.00035821927960867633,0.00327338307228618,0.048285488413459164,0.12055552398833934,80956,Tennessee,Maury County
47121,0.0,0.0,0.16038458265974645,0.010875146771037182,0.1699010465413086,0.009869820471369013,0.0015315238662469157,0.0,0.005445418191100145,0.014974900025525397,0.13749442695482003,11753,Tennessee,Meigs County
47123,0.3977627529818729,0.19888137649093646,0.16437925380174756,0.011227532064961026,0.19352258586221616,0.020800107819133405,0.003414272557784317,0.00029201015296839554,0.004941710281003616,0.03252543857678744,0.1484415867382466,44519,Tennessee,Monroe County
47125,1.8238970353563781,0.822974392303184,0.0800262285949713,0.019822488118794643,0.14207246519778796,0.19138750427955503,0.020715947798132663,0.00392268367269963,0.00573315306009946,0.07979991992154632,0.10199590903551886,172331,Tennessee,Montgomery County
47127,0.0,0.0,0.1835900660169758,0.016327978623074505,0.07894938698522477,0.022791574976422507,0.004086765168186105,0.00015718327569946557,0.002672115686890915,0.011002829298962591,0.12970040867651683,6362,Tennessee,Moore County
47129,0.9018965752490108,0.0,0.1371264838313549,0.11492344112430072,0.21592440987856465,0.03665802519670715,0.0018647382544230682,0.0002728885250375222,0.003138218037931505,0.008550507117842361,0.14057856915450037,21987,Tennessee,Morgan County
47131,0.29785896186374067,0.14892948093187033,0.16754173609582795,0.014486961989499168,0.22449526833715847,0.10585720124500896,0.002420850756122866,0.00037727544251265444,0.0017606187317257208,0.031408180589178485,0.15182629609834314,31807,Tennessee,Obion County
47133,0.0,0.0,0.16804781958972967,0.012949916225150569,0.16890082869175382,0.0039396821084091834,0.001992482905402346,4.528370239550786e-05,0.003079291762894534,0.009147307883892586,0.14742679889507768,22083,Tennessee,Overton County
47135,1.1833228048010107,0.0,0.18736576121288692,0.015562867972204672,0.3033997473152243,0.01503474415666456,0.0017687934301958308,0.0,0.006064434617814277,0.01655085281111813,0.159816677195199,7915,Tennessee,Perry County
47137,0.0,0.0,0.22454205239314556,0.0146,0.172,0.0009848335631278313,0.0007878668505022651,0.0,0.002166633838881229,0.013196769745912941,0.166,5077,Tennessee,Pickett County
47139,0.27548291233283806,0.0,0.17069836552748885,0.014508867756315007,0.16290549777117383,0.0029717682020802376,0.0014264487369985142,0.000237741456166419,0.003803863298662704,0.013848439821693908,0.13871292719167905,16825,Tennessee,Polk County
47141,1.4616916248392584,0.7943335960509396,0.14608481630508427,0.037553135327221696,0.2032205030350797,0.020118637740075496,0.011697847098353175,0.0006360531519199127,0.004383235851274181,0.05334550130667441,0.11722965666957037,72321,Tennessee,Putnam County
47143,0.815681096545003,0.4078405482725015,0.15706246659750386,0.029042984689867643,0.22283133704297525,0.01936558835549687,0.004086893646452262,0.00047156465151372253,0.004432707724228992,0.03731648275645258,0.13499270646672326,31809,Tennessee,Rhea County
47145,0.9276499141765564,0.2804673224931249,0.1855816614680423,0.011917915874568577,0.15072217197910706,0.02657758254738746,0.005130949964009523,0.0003322197818423433,0.0033221978184234326,0.013104224728225762,0.13836488806039016,54181,Tennessee,Roane County
47147,0.4706636694174977,0.33136701718389333,0.11773757977158547,0.01060421375013201,0.11875634778148243,0.0744383929514355,0.004993738967759456,0.0004827783896323341,0.003530316974186443,0.05888387671046875,0.11898500369627205,66283,Tennessee,Robertson County
47149,1.1859529938614797,0.716748412057699,0.08212365386665854,0.019454059344107478,0.12461152914654766,0.12523038491416735,0.030403192639868393,0.0005407381456489619,0.003632846415134575,0.06664026442856925,0.09568064842881296,262604,Tennessee,Rutherford County
47151,0.6159798452402375,0.30798992262011876,0.13734928918481196,0.011866578189670686,0.22602339391758142,0.000944754363865395,0.0019344970307719992,4.4988303041209284e-05,0.0025643332733489292,0.005398596364945114,0.13700737808169877,22228,Tennessee,Scott County
47153,1.1390306122448979,0.5695153061224489,0.15589569160997732,0.013326658163265304,0.1660107709750567,0.001488095238095238,0.002834467120181406,0.00035430839002267573,0.003755668934240363,0.03273809523809524,0.13432908163265306,14112,Tennessee,Sequatchie County
47155,0.934941260234959,0.35535332858668567,0.1548260056959772,0.010930985226059097,0.1523004739231043,0.007909843360626558,0.008610715557137771,0.00022249911000356,0.003804734781060876,0.05325516197935208,0.12839010768956924,89888,Tennessee,Sevier County
47157,1.521265230838223,0.9553857580680457,0.10265178016064404,0.019757263639705445,0.2122489184932533,0.521083048291311,0.023059567224820807,0.0004753994271490803,0.002456769375221664,0.056155344578344424,0.14181558383038267,927641,Tennessee,Shelby County
47159,0.30689763122195557,0.15344881561097778,0.1358134195972034,0.008299582594177188,0.14838625691328394,0.021392048419075445,0.0019305019305019305,0.00015652718355421057,0.004539288323072107,0.02175727851403527,0.1298049149535636,19166,Tennessee,Smith County
47161,1.473431401981387,0.0,0.16684178925247672,0.006894033323326328,0.16496067247072949,0.014109876913839688,0.010282197538276795,0.00022515761032722905,0.005628940258180727,0.018763134193935754,0.1309152656859802,13324,Tennessee,Stewart County
47163,1.1034031997857456,0.6503701625399335,0.1862928269450272,0.016776653297029133,0.1676217391581592,0.021227753582063854,0.005636928256697041,0.00021680493294988618,0.0026526721207986072,0.01480012498166723,0.13782034522997266,156823,Tennessee,Sullivan County
47165,1.2273211117681846,0.6320333654953468,0.12612904229823524,0.0077917333250334606,0.0979251455071742,0.06418500420181145,0.010196395779513834,0.0007096392667060911,0.0028759065019141584,0.03926670609107037,0.10960683494662143,160645,Tennessee,Sumner County
47167,0.24677068155400206,0.08532931680882762,0.11067271328236276,0.015751654360603135,0.1426858106448814,0.18743962934464073,0.006008415055418215,0.0008513285637104829,0.004060182380773072,0.020775691295165436,0.12544925590609193,61081,Tennessee,Tipton County
47169,0.0,0.0,0.13532401524777637,0.01651232528589581,0.15872681067344344,0.09580686149936468,0.002287166454891995,0.00012706480304955527,0.004193138500635324,0.025158831003811943,0.1262604828462516,7870,Tennessee,Trousdale County
47171,0.6616065090372959,0.22453994430186205,0.19663626931687872,0.02211969092994048,0.21255468792660953,0.001965816632992956,0.00163818052749413,0.00016381805274941297,0.0024572707912411946,0.03789657620269754,0.14979637416043248,18313,Tennessee,Unicoi County
47173,0.0,0.0,0.13773614527186143,0.007953728609555706,0.21592804437699512,0.0011512899680778692,0.000994295881521796,0.0006279763462242922,0.0031398817311214613,0.013030509184154063,0.13709325448741433,19109,Tennessee,Union County
47175,0.0,0.0,0.16979091564527757,0.016971449170872385,0.18706560922855087,0.00414563806777217,0.0014419610670511895,0.0,0.0027036770007209804,0.009012256669069935,0.1557335976928623,5548,Tennessee,Van Buren County
47177,0.7730615728306434,0.22131579607921886,0.1512337157057155,0.014568967594568136,0.23171178995456715,0.028665378147041842,0.004769196013956174,0.0003263134114812119,0.0027360124501116996,0.08092572604734055,0.14466294334697155,39839,Tennessee,Warren County
47179,1.1939030240935444,0.6712528155213492,0.15255450117499736,0.03780398523325121,0.15578407695622828,0.03914489465681133,0.011920734434334317,0.0003089958448190341,0.0030655640393888388,0.029541629058619765,0.11905274884329846,122979,Tennessee,Washington County
47181,1.345866870336643,0.0,0.15851007578873158,0.1257337700487633,0.19043769461253743,0.05745843369954762,0.0017625286410904177,0.0002937547735150696,0.003172551553962752,0.016274014452734856,0.1376467305093708,17021,Tennessee,Wayne County
47183,0.847976928128837,0.3987607435538677,0.15265126638302734,0.06407527483509894,0.23642208960338082,0.0781245538391251,0.010507980925730276,0.00022843436795065818,0.0028839838953770595,0.01998800719568259,0.12777062334028153,35021,Tennessee,Weakley County
47185,1.183584226616617,0.3477032622576526,0.17545760612979375,0.014776587593359388,0.16944661584304013,0.017762470492627993,0.0026701753028133585,0.00077396385588793,0.003173251809140513,0.016446731937618513,0.1455400719786386,25841,Tennessee,White County
47187,1.471754866744549,0.7714349663176513,0.0972093327947069,0.00629131082748305,0.04441216931794609,0.04335032918081471,0.030117587972617398,0.0004476422355908332,0.0021617844548045113,0.04457861580286273,0.08717520826282059,183182,Tennessee,Williamson County
47189,1.119095032151097,0.5694911091031906,0.12165659294868983,0.010812620950409236,0.08543732509890958,0.06401270253436614,0.011193669786741292,0.0003859886133359066,0.0034651250515382523,0.03237918117779162,0.10916900160536173,113993,Tennessee,Wilson County
48001,1.634335762427726,0.31934038112833146,0.125526018680078,0.24320043278935302,0.14124810975401142,0.2105785350165931,0.004977932874884533,0.0003592322693215642,0.004430531321632625,0.158866194532827,0.133009613739779,58458,Texas,Anderson County
48003,1.4063303124577302,0.7031651562288651,0.11247125659407547,0.005553212498309211,0.10469897200054107,0.015014202624103882,0.006154470445015555,6.763154335181928e-05,0.009603679155958339,0.4866089544163398,0.11943304477208169,14786,Texas,Andrews County
48005,1.2061633495061714,0.4612831475953948,0.13648569222436066,0.03403631167094997,0.1842135275610515,0.15022300077214737,0.00904680135068168,0.00014981964020237176,0.004736605547936522,0.1975890562515126,0.13636315128326285,86771,Texas,Angelina County
48007,0.9304344071163313,0.490327316694015,0.24190344589342777,0.019844688660506087,0.19656624060799724,0.013084031436220745,0.019647637965281975,0.00034545297521374905,0.007384057345193885,0.24570342862077899,0.16675239658001556,23158,Texas,Aransas County
48009,2.118621603711067,0.0,0.15981886459023636,0.006189595758780649,0.09726132096311023,0.004417936823503424,0.0019880715705765406,0.0003313452617627568,0.0066269052352551355,0.07455268389662027,0.11483035122597747,9054,Texas,Archer County
48011,3.0,0.0,0.20725933719095213,0.028399999999999998,0.073,0.005786428195686481,0.0,0.0,0.007890583903208837,0.06522882693319305,0.11900000000000001,1901,Texas,Armstrong County
48013,1.3391596713500034,0.38709892899289705,0.12716261049631494,0.00855846897196678,0.1517434258867538,0.00799358731713834,0.0034735365500656854,0.0006679877980895549,0.007592794638284607,0.6186680323306094,0.14598928992897062,44911,Texas,Atascosa County
48015,0.38638842946123797,0.0,0.1556814582820143,0.007447070415596298,0.10922514691909772,0.09388746173065418,0.004152443959601647,3.5190203047471584e-05,0.004856248020551079,0.2336981384382588,0.12528433684062357,28417,Texas,Austin County
48017,0.0,0.0,0.1408234473133287,0.0148,0.145,0.012002791346824844,0.00418702023726448,0.000837404047452896,0.014375436147941381,0.5977669225401256,0.125,7165,Texas,Bailey County
48019,1.7794483768611178,0.0,0.2008298755186722,0.015624476446180133,0.14799775445447888,0.004783988284110325,0.002782523797900903,9.76324139614352e-05,0.008103490358799122,0.1667073468391506,0.13818799121308273,20485,Texas,Bandera County
48021,1.0116487576006794,0.2713729085491634,0.11461352819835245,0.031513575386606624,0.10086953121840073,0.07782017230453951,0.006592873225384584,0.0008898356500519071,0.009963462808914535,0.3261382481023581,0.12381268959566406,74171,Texas,Bastrop County
48023,0.0,0.0,0.2509393451422437,0.0174,0.109,0.020128824476650563,0.0010735373054213634,0.0008051529790660225,0.0029522275899087494,0.12211486849168009,0.135,3726,Texas,Baylor County
48025,1.7585763158720693,0.7021123003044475,0.10784344496406265,0.23535960892627353,0.19053030350585354,0.08135337873889709,0.0055553811870311665,0.000533567684630112,0.005178745174351088,0.562003703587458,0.14039204670286556,31861,Texas,Bee County
48027,1.4847486582751785,0.7876351797830676,0.08704046932164328,0.026042081003110545,0.14403450287685143,0.21499830773445935,0.028197978951440036,0.007832771930955567,0.008045513884635841,0.21599755024416975,0.10503198543039954,310235,Texas,Bell County
48029,1.4750766880110104,0.93701844011337,0.10256890257415119,0.024494860445315327,0.16816123260669258,0.07516708072360824,0.02434129955561776,0.0013704701587412668,0.00844151299905525,0.5872330499084409,0.13337659645194022,1714740,Texas,Bexar County
48031,1.4184052586453273,0.0,0.18205201486138897,0.0101,0.0953975421549014,0.006573306659045442,0.004858531008859674,0.0003810612555968372,0.007049633228541488,0.18186148423359055,0.12538077545965515,10497,Texas,Blanco County
48033,4.0,0.0,0.20748829953198128,0.0,0.026000000000000002,0.0,0.0015600624024961,0.0,0.0031201248049922,0.1482059282371295,0.10700000000000001,641,Texas,Borden County
48035,1.8960575444761696,0.16428728311003735,0.21106962442345706,0.018057588403250602,0.14484005051614318,0.016253019986821875,0.002251262903580057,0.00010981770261366133,0.005710520535910389,0.1606632989237865,0.1400666593454865,18212,Texas,Bosque County
48037,1.1627072867714578,0.6599578674444985,0.14155458326581322,0.06704673472694864,0.1741181872197915,0.24185167179819586,0.007929563009776914,0.0005509641873278236,0.00749743423540215,0.06548911575649544,0.1300455247663804,92565,Texas,Bowie County
48039,1.354380743758901,0.6634756007995759,0.09554996391690031,0.03372041728667863,0.09617932981230402,0.12057822368967257,0.05500916446868434,0.00028419432505444396,0.005651954554453549,0.2766679652324965,0.1115303225765249,313166,Texas,Brazoria County
48041,1.3589358022283693,0.8270319372238274,0.07215256785954396,0.06935078393233805,0.24929197181436072,0.10989935899738774,0.05174723250073133,0.0006107230653165753,0.004439289508393593,0.2330242082411689,0.08189041883285177,194851,Texas,Brazos County
48043,2.4815857885615253,0.657603986135182,0.16583622183708838,0.008124436741767764,0.12443533362218372,0.011265164644714038,0.007149046793760832,0.0005415944540727903,0.01115684575389948,0.4243934142114385,0.1278258232235702,9232,Texas,Brewster County
48045,4.0,0.0,0.21869273060476482,0.0,0.156,0.02504581551618815,0.0,0.0,0.0018326206475259622,0.2510690287110568,0.16,1637,Texas,Briscoe County
48047,1.434583967880382,0.717291983940191,0.16973556693894504,0.009253066592828466,0.3844721030042919,0.005122525266509761,0.0029073792053163506,0.00013844662882458813,0.003461165720614703,0.9123632839540358,0.22935040841755502,7223,Texas,Brooks County
48049,1.619246312916601,0.4840182648401826,0.17330604104340525,0.04376581378260641,0.1512325880438776,0.03626725450060358,0.004277541594499554,0.00036739621057051386,0.005668398677373642,0.19558599695585996,0.12721928305253766,38106,Texas,Brown County
48051,1.0652237155989992,0.24896724268342352,0.17495781695467505,0.009485651946238436,0.12356996567172863,0.12206900564380055,0.001629138302205155,0.00017455053237912376,0.006225635654855414,0.1842089951707686,0.13438686216326293,17187,Texas,Burleson County
48053,1.220374269005848,0.31387134502923975,0.18584795321637426,0.02477365146198831,0.11154645614035087,0.01791812865497076,0.0047485380116959065,0.0003976608187134503,0.006783625730994152,0.2023859649122807,0.122472,42750,Texas,Burnet County
48055,1.1651342405296066,0.4897283665213051,0.11847843219671098,0.0886997451794252,0.1819103924762255,0.06790836967372459,0.009378447958808385,0.00034151211054484317,0.008012399516629012,0.4708138496295907,0.1366923501287238,38066,Texas,Caldwell County
48057,2.2498479958841964,0.7501520041158037,0.15125578784902483,0.011654370702960572,0.14389584210280154,0.02642533090126748,0.04433843131752491,0.00037416397736307936,0.004864131705720032,0.46405687292455916,0.14841162714559658,21381,Texas,Calhoun County
48059,1.706807442409923,0.35026580035440047,0.18199940933254577,0.005539279385705848,0.14092771707028945,0.010410513880685174,0.004208505611340815,0.0005906674542232723,0.005537507383343178,0.07567926757235677,0.12442144122858831,13544,Texas,Callahan County
48061,1.3031658501760173,0.8243740922183107,0.11051180423918663,0.009181720292459564,0.31259371507348416,0.005305137736638685,0.00661972871175008,0.000278181236306344,0.00415548607862928,0.8806725585288397,0.1762297653922848,406210,Texas,Cameron County
48063,0.7781630513668253,0.38908152568341264,0.16071284573824693,0.005398717845335054,0.19906523667446174,0.17442141762761068,0.00483831949036368,0.0013708571889363762,0.006612369970163697,0.21353116684138376,0.1399772598983953,12401,Texas,Camp County
48065,1.1583629893238434,0.0,0.17162730507926238,0.011479537366548045,0.06390035587188612,0.0056615981882885795,0.0030734390164995147,0.0,0.01083791653186671,0.0849239728243287,0.11231672597864768,6182,Texas,Carson County
48067,0.7394301470588235,0.23253676470588236,0.1908810399159664,0.011634145220588235,0.19673828124999998,0.17446822478991597,0.0029871323529411763,0.00013130252100840336,0.005284926470588236,0.03456538865546219,0.14814571297268908,30464,Texas,Cass County
48069,1.0367154552220292,0.5652443562391466,0.1335896799801538,0.007913420987348051,0.15820528404862316,0.02009426941205656,0.004093277102455967,0.0,0.009426941205656165,0.5988588439593153,0.1406798561151079,8062,Texas,Castro County
48071,0.3575336220651926,0.1787668110325963,0.0938568497834511,0.006519403920674721,0.13013360496922727,0.08183268748575336,0.009659220423979941,0.000598358787326191,0.006240027353544564,0.1890528835194894,0.10600450193754274,35096,Texas,Chambers County
48073,1.3648343003245156,0.5004228537712656,0.14963123217622185,0.05607381060084571,0.17894042678729474,0.14746779427672338,0.004661225292555807,0.00017700855541351166,0.006726325105713443,0.20649031369849544,0.14220855541351166,50845,Texas,Cherokee County
48075,1.4032097713392984,0.7016048856696492,0.15125692373242436,0.20136700752733988,0.1367978980258486,0.09913364578895044,0.00710126402499645,0.000284050560999858,0.005681011219997159,0.26771765374236617,0.1212332055105809,7041,Texas,Childress County
48077,2.6977306547619047,0.30226934523809523,0.17847842261904762,0.006498790922619048,0.13726506696428573,0.005301339285714286,0.0026041666666666665,9.300595238095238e-05,0.011439732142857142,0.04343377976190476,0.11775074404761905,10752,Texas,Clay County
48079,3.0,0.0,0.14870482890949793,0.024900000000000002,0.239,0.03997441637352095,0.0015989766549408379,0.0009593859929645027,0.011512631915574032,0.5289414774544292,0.174,3127,Texas,Cochran County
48081,4.0,0.0,0.2596385542168675,0.010550722891566264,0.15619638554216866,0.0024096385542168677,0.0015060240963855422,0.00030120481927710846,0.011144578313253013,0.18132530120481927,0.14940843373493978,3320,Texas,Coke County
48083,2.45238898257448,0.54761101742552,0.21742551995503093,0.004490410342889263,0.1932212478920742,0.02214727374929736,0.0035975267003934795,0.00011242270938729622,0.006520517144463182,0.15952782462057336,0.14014356379988757,8895,Texas,Coleman County
48085,1.3512688201180816,0.909540724568954,0.07675425421906816,0.005003835411923957,0.06740728787063442,0.08485685909341323,0.11216592253250181,0.0005726403192469779,0.005685500312523567,0.1474472129161069,0.08106001730703108,782341,Texas,Collin County
48087,0.0,0.0,0.1786064769381747,0.017,0.159,0.04383382401046778,0.0013084723585214263,0.0,0.01701014066077854,0.2996401701014066,0.14300000000000002,3057,Texas,Collingsworth County
48089,1.4901312637731148,0.22846603430104437,0.19354220561464022,0.01572863370700393,0.10886183769282361,0.13126377311487974,0.003688799463447351,0.0007665037846124365,0.00598831081728466,0.26118616460668775,0.14407966848711318,20874,Texas,Colorado County
48091,0.7063205251124715,0.3875562357105981,0.15538572166088946,0.009773984991518549,0.0837037668707132,0.015921159377535216,0.007826904638985176,0.0004701674164761413,0.005946234973080611,0.24881075300538388,0.10992224721587139,108472,Texas,Comal County
48093,1.7534707313582367,0.296765421497066,0.20917418062115356,0.011541290968942321,0.16179869758122226,0.0037927579791040503,0.0025046514956347504,0.0002862458852154,0.006583655359954201,0.25797910405037927,0.1310874481179333,13974,Texas,Comanche County
48095,3.0,0.0,0.1370198189380964,0.3885,0.073,0.018840225103988254,0.0034254954734524103,0.001223391240518718,0.003914851969659897,0.5316858331294348,0.13699999999999998,4087,Texas,Concho County
48097,1.005723651689778,0.4218591461352343,0.15870125139839217,0.017859830371777193,0.14219494237323413,0.027421494913754976,0.0075448135910711036,0.0004943153732081067,0.010458672633139944,0.15602154174363245,0.11697002887842443,38437,Texas,Cooke County
48099,1.5435630689206763,0.6348026857036703,0.07539608821421936,0.15180118362039224,0.13764567023168175,0.15844855497465565,0.018882195270826147,0.008784267933441257,0.008479074334545261,0.1588466335819113,0.09318569040099785,75362,Texas,Coryell County
48101,4.0,0.0,0.2378737541528239,0.0,0.314,0.08837209302325581,0.0,0.000664451827242525,0.0033222591362126247,0.20996677740863787,0.185,1505,Texas,Cottle County
48103,2.0,1.0,0.11268571428571429,0.0197,0.076,0.02857142857142857,0.003657142857142857,0.0,0.010057142857142857,0.5506285714285715,0.128,4375,Texas,Crane County
48105,0.0,0.0,0.1465447700994891,0.0132,0.20800000000000002,0.008066684592632429,0.0034955633234740524,0.0008066684592632429,0.009142242538316752,0.6324280720623824,0.14800000000000002,3719,Texas,Crockett County
48107,0.0,0.0,0.1746162733124278,0.010258062386532431,0.20379551081036476,0.03449414094735105,0.0009902624195411785,0.0006601749463607857,0.005776530780656874,0.5233536887275128,0.17148539362931176,6059,Texas,Crosby County
48109,0.0,0.0,0.14762301918265222,0.005,0.314,0.006255212677231026,0.010008340283569641,0.0,0.01292743953294412,0.7618849040867389,0.204,2398,Texas,Culberson County
48111,2.21706698493212,0.78293301506788,0.09383857974041473,0.005793704311502313,0.13775145457257942,0.012531702222885275,0.006116664180217813,0.0008951215873489483,0.012382515291660451,0.40534089213784874,0.1130853349246606,6703,Texas,Dallam County
48113,1.2464185861496566,0.979871451259623,0.08782080705907491,0.012836059817687297,0.16571665099325247,0.22304528173929714,0.050354520382969004,0.0005155969121614574,0.007234825467700451,0.382553484206308,0.1209916955537473,2368129,Texas,Dallas County
48115,1.8320682426082555,0.8673462011132799,0.13973830694715536,0.15512346562567775,0.22274965661823176,0.06542326321116171,0.0035422540302175957,0.000506036290031085,0.0071567989590110605,0.5340128677799465,0.15589366008819489,13833,Texas,Dawson County
48117,2.1983274829651043,0.8016725170348957,0.1148048730125955,0.019149819326863514,0.1751795374767706,0.012492256865579187,0.003148874664464175,0.00010324179227751394,0.009085277720421227,0.6730848647532521,0.13974927730745407,19372,Texas,Deaf Smith County
48119,0.0,0.0,0.1982412540623208,0.013208717262473716,0.2286771171860065,0.07264385394761996,0.005735041101127891,0.0,0.013764098642706939,0.055056394570827755,0.13222309309883387,5231,Texas,Delta County
48121,1.338029380604696,0.8484321188504922,0.0694869109315529,0.015611877201507966,0.08818777448107043,0.08381048393182154,0.06561587892800333,0.000697238512920041,0.00686825210454352,0.18236258213680967,0.08057291122735107,662614,Texas,Denton County
48123,0.0,0.0,0.1829626312384933,0.08907229934816141,0.16240916554709658,0.09334726576105887,0.0021893814997263274,0.0,0.004378762999452655,0.3235308752550132,0.153504105090312,20097,Texas,DeWitt County
48125,0.0,0.0,0.19680851063829788,0.12890000000000001,0.172,0.04050736497545008,0.00900163666121113,0.0,0.015548281505728314,0.2896890343698854,0.14800000000000002,2444,Texas,Dickens County
48127,2.2281912765106044,0.7718087234893958,0.14195678271308523,0.010444257703081232,0.300624449779912,0.009903961584633853,0.0056022408963585435,0.0,0.003401360544217687,0.8619447779111644,0.2145303121248499,9996,Texas,Dimmit County
48129,1.3217296709273865,0.0,0.21158553168343758,0.06528471580092467,0.14934810987217842,0.04460157737285831,0.0024476475387544194,0.0005439216752787598,0.004895295077508839,0.0840358988305684,0.1289303780255643,3677,Texas,Donley County
48131,0.8092004753013071,0.0,0.1604990663724325,0.04905886946189102,0.26571125445594973,0.009336275674758105,0.001867255134951621,0.00042437616703445936,0.0038193855033101342,0.8847394330334408,0.193571549821762,11782,Texas,Duval County
48133,1.25604046709358,0.2755206371414734,0.19851477156540925,0.047638163913254046,0.2058018619168057,0.018027229187967498,0.003336382715385029,0.0004843136199752462,0.006672765430770058,0.14384114513264812,0.14021164505192918,18583,Texas,Eastland County
48135,1.327018157952308,0.9217457886676876,0.10175745642820681,0.01585791657551229,0.11892957048056589,0.04478232334281339,0.007875738350470356,0.0008677896886166411,0.009851965288412456,0.5274629913221031,0.12057514037774375,137130,Texas,Ector County
48137,3.0,0.0,0.21828171828171827,0.0025,0.067,0.005494505494505495,0.0034965034965034965,0.0,0.012987012987012988,0.512987012987013,0.18100000000000002,2002,Texas,Edwards County
48139,1.118294231669006,0.5867789586257603,0.09989305527705367,0.010770752623487735,0.09651852817325046,0.09011429717264889,0.005688122451707774,0.0006349842924938173,0.005968852349441882,0.23501771271973798,0.10360761981150993,149610,Texas,Ellis County
48141,1.2851850695376852,0.894358923118236,0.10269345340319368,0.01972273904164767,0.22231536323838905,0.031054961936938342,0.010346658006981872,0.0012477440063948441,0.00750270094736119,0.8220047586633277,0.14668785791455638,800645,Texas,El Paso County
48143,1.6172604908946953,0.6025336500395883,0.12612826603325417,0.04983548957508578,0.20839472156241753,0.01190287674848245,0.006782792293481129,0.00034309844286091316,0.007680126682501979,0.192108735814199,0.09880224333597255,37890,Texas,Erath County
48145,0.5393484831523564,0.33180342550095154,0.1609201835889399,0.11576069069741408,0.2615846859957461,0.2532184036717788,0.0025747229374230383,0.0005597223777006605,0.00565319601477667,0.20799283555356543,0.15912795253554238,17866,Texas,Falls County
48147,1.523780038331122,0.3229249594574672,0.16998378298687897,0.0927330591183842,0.12814094058676104,0.06817042606516291,0.003685684800235884,0.0002063983488132095,0.010880141530296329,0.09512015332448769,0.12318959162612414,33915,Texas,Fannin County
48149,1.1871792783253239,0.2367027775515191,0.21458825445955854,0.018526602590209336,0.1102278651136271,0.06646574896147267,0.002687953083000733,0.0002850859330455323,0.0072086014498656025,0.18673128614482365,0.1358140425185306,24554,Texas,Fayette County
48151,1.3475088072471062,0.0,0.22244589833920483,0.005544916960241571,0.1683787116255662,0.034222445898339206,0.0020130850528434826,0.0,0.0050327126321087065,0.2513839959738299,0.14866909914443885,3974,Texas,Fisher County
48153,1.1864722308408315,0.5932361154204158,0.17762953769779707,0.005409959664908471,0.1910685696556004,0.03599131244182439,0.0017064846416382253,0.00015513496742165683,0.007291343468817871,0.5290102389078498,0.15508501396214708,6446,Texas,Floyd County
48155,4.0,0.0,0.23877245508982037,0.0225,0.069,0.03967065868263473,0.0037425149700598802,0.0,0.002245508982035928,0.13997005988023953,0.145,1336,Texas,Foard County
48157,1.570313047191971,0.9016664531283365,0.0730437753576767,0.010142455519965834,0.08621519538757207,0.2149357249626308,0.1697544309203502,0.00038607730087550715,0.003932521887678838,0.23739824898569292,0.10724913089899636,585375,Texas,Fort Bend County
48159,1.5366336633663367,0.7683168316831683,0.1867986798679868,0.01076019801980198,0.08583111739745404,0.039321074964639324,0.004714757190004715,0.0001885902876001886,0.006789250353606789,0.1256954266855257,0.11466251768033947,10605,Texas,Franklin County
48161,1.9095680258377068,0.2816915623738393,0.16577513120710538,0.07979391400888171,0.16648445700444087,0.1611324182478805,0.002926927735163504,0.00025232135647961244,0.007064997981429148,0.13595074687121517,0.1435287141703674,19816,Texas,Freestone County
48163,1.2797816111982343,0.6398908055991172,0.11244700005808214,0.19000684788290642,0.2024488586861823,0.033919962827438,0.021316141023407096,5.808212812917465e-05,0.004936980890979845,0.7783585990590696,0.15208009525469016,17217,Texas,Frio County
48165,0.30651603332192173,0.30651603332192173,0.08998060025105557,0.004963151888622619,0.14256789912130552,0.017402715964852218,0.0025105557457491727,0.0,0.005819924683327628,0.3659134999429419,0.11657320552322263,17526,Texas,Gaines County
48167,1.5982788036071662,0.9160650717966146,0.11260894788695165,0.014747916130294636,0.13725410474787939,0.13769571142669812,0.029830866880185644,0.0005114843688317217,0.0060005011860258355,0.22405761579628505,0.12212260863893666,291309,Texas,Galveston County
48169,2.0,1.0,0.10865191146881288,0.3264,0.177,0.06500541711809317,0.001238198421297013,0.0004643244079863798,0.005571892895836558,0.4714440489088376,0.126,6461,Texas,Garza County
48171,0.953013648991424,0.0,0.26516890123605913,0.015694777952248662,0.11388283609131537,0.003583363530217015,0.003583363530217015,0.0004428876273301929,0.0062004267826227,0.20006442001852076,0.1315512340459798,24837,Texas,Gillespie County
48173,4.0,0.0,0.13050570962479607,0.0,0.095,0.012234910277324634,0.0008156606851549756,0.0016313213703099511,0.0032626427406199023,0.3083197389885807,0.13699999999999998,1226,Texas,Glasscock County
48175,3.0,0.0,0.19029126213592232,0.012915339805825243,0.1706263522884882,0.04757281553398058,0.0020804438280166435,0.00027739251040221914,0.006934812760055479,0.34147018030513177,0.1479395284327323,7210,Texas,Goliad County
48177,2.362750542737416,0.5305195133033775,0.15105770687130812,0.015696425506134194,0.1584307063159489,0.07411521179381027,0.003938001716564851,0.0002524360074721058,0.009592568283940022,0.47220679557732115,0.14927581158176403,19807,Texas,Gonzales County
48179,1.7912580430441536,0.7986243621033947,0.16028400266252496,0.07143732859995562,0.15611266918127356,0.04867983137341913,0.004038162857776792,4.4375416019525186e-05,0.008875083203905036,0.23807410694475262,0.1349127579321056,22535,Texas,Gray County
48181,1.0421668307453031,0.5054725051084987,0.1553231797612449,0.01830830182747752,0.14125675686855232,0.058580209634587224,0.00865342455553993,0.0003391877693854083,0.015180720898103031,0.11323907774018217,0.11761146454660523,120877,Texas,Grayson County
48183,1.3205612697578129,0.7771351582268082,0.13533896355689923,0.036256062074857875,0.18136796358976043,0.20037133186553185,0.011016726364562452,0.0004600571785350465,0.005980743320955604,0.16445401071276,0.12850994052117906,121724,Texas,Gregg County
48185,2.1742219215155614,0.0,0.13802435723951287,0.11321566681702001,0.2197175988573147,0.16501278003307773,0.002368064952638701,0.0002631183280709668,0.005224778228837768,0.2124492557510149,0.14632694331679447,26604,Texas,Grimes County
48187,1.2828339656207948,0.6763549831601195,0.11629781119566952,0.0143531592832217,0.09897587677617024,0.06471379805828195,0.014148540670402105,0.0014140938015555031,0.00681958139782412,0.356480883124387,0.1126081135532528,131533,Texas,Guadalupe County
48189,1.0970418768781187,0.6613734733824056,0.12226725112342514,0.07723230777713451,0.18543089901579687,0.05306977641772117,0.003914757533151379,0.0005789430154660492,0.009649050257767485,0.5587902847848262,0.13241598434096988,36273,Texas,Hale County
48191,4.0,0.0,0.22636444974649567,0.0131,0.23199999999999998,0.07217417238294065,0.000894721145243066,0.0005964807634953773,0.007754249925439905,0.3241872949597375,0.184,3353,Texas,Hall County
48193,1.6630268874016672,0.4049547962897734,0.24715275331689562,0.02982543148996126,0.1617440413291065,0.00540096278032171,0.003992015968063872,0.00011741223435481978,0.007984031936127744,0.10132675824820947,0.14284748150757307,8517,Texas,Hamilton County
48195,0.0,0.0,0.13646891145554962,0.01066958845537146,0.16741671120612864,0.006413682522715126,0.002850525565651167,0.0,0.009264208088366293,0.432923570283271,0.1473110636023517,5613,Texas,Hansford County
48197,3.0,0.0,0.19521623580575018,0.0051,0.126,0.05943464604977047,0.002899251026818072,0.0,0.006281710558105823,0.21478618023677218,0.146,4139,Texas,Hardeman County
48199,1.3595314358927428,0.46462890088770936,0.13511485311613436,0.006952914798206278,0.130101601537476,0.05844239040907843,0.005051706781367255,0.0001098197126384186,0.0039718129404228055,0.04363503248833166,0.11144848540312986,54635,Texas,Hardin County
48201,1.2723614306037543,0.9706628782047617,0.08148809532536447,0.010881178596754101,0.16601868842588724,0.18949151432426634,0.0618293403472659,0.0007374598832086396,0.006783995605540577,0.4084450152550101,0.11636099589827648,4092426,Texas,Harris County
48203,1.0530694336517805,0.32611113650561474,0.13280309609788057,0.020767769803903643,0.16278182566165378,0.2193780378174948,0.005165242035013942,0.00047233776721366426,0.006810805869177675,0.11052703752799745,0.13226760220017977,65631,Texas,Harrison County
48205,3.0,0.0,0.12487627845595513,0.23190000000000002,0.063,0.06895414054767403,0.004783899703068294,0.0004948861761794787,0.003629165291982844,0.23886506103596172,0.105,6062,Texas,Hartley County
48207,1.3470079674521105,0.6735039837260552,0.21800305136463807,0.09221483302254618,0.2024085438209866,0.03729445668757417,0.0052551279877945415,0.0,0.006611290049160875,0.2397016443464994,0.1678974402441092,5899,Texas,Haskell County
48209,0.4142718020202792,0.26549421731686046,0.08456020419204746,0.04466637069003927,0.1652629290865461,0.03523713138179712,0.011590826634077412,0.0008720171602793001,0.007790868643663236,0.35263228245717887,0.08863636884416354,157107,Texas,Hays County
48211,0.0,0.0,0.12923561859732072,0.0105,0.14,0.002364066193853428,0.004728132387706856,0.0007880220646178094,0.003940110323089046,0.285263987391647,0.106,3807,Texas,Hemphill County
48213,0.9849488106759028,0.2731243314827077,0.19141241786787552,0.015817277033565932,0.17337871186268017,0.06222940966739673,0.004176641369123415,0.0004074772067437478,0.0055136759537513375,0.10810879641420058,0.13905475474965617,78532,Texas,Henderson County
48215,1.5717588081092557,0.879735766402631,0.09325102062679327,0.00901275257528373,0.3127171724733437,0.005897241629440517,0.00965190914969494,0.00012132648570089924,0.0033416411859534907,0.9063424065753792,0.16079744414141506,774769,Texas,Hidalgo County
48217,0.3184473766707515,0.21947048932713956,0.18290632391917694,0.02362586850579954,0.15751811108894526,0.06338168656844025,0.0033628772549801934,0.0005699791957593548,0.004987317962894354,0.18316281455726866,0.13184795804953117,35089,Texas,Hill County
48219,2.1614998909962937,0.6139088729016786,0.12762153913233049,0.02793482886418138,0.15752805755395682,0.03649444081098757,0.002746893394375409,0.00017440592980161326,0.009025506867233486,0.4357096141268803,0.13193638543710487,22935,Texas,Hockley County
48221,0.8631745535539839,0.3572349654175296,0.2128091907311164,0.013701482943222227,0.10765450744402329,0.004923605955218632,0.005920050017584307,0.000761986635926693,0.007014184674299559,0.10226251416513618,0.12203532491891682,51182,Texas,Hood County
48223,1.3638975000711016,0.4914820397599613,0.15494439862347487,0.012255908535024602,0.17013276072921704,0.0706180142771821,0.004977105315548477,0.000739455646881488,0.006000966980461307,0.15266915047922414,0.12589425784249594,35161,Texas,Hopkins County
48225,2.033246249789314,0.27018371818641496,0.19222990055621103,0.12251292347884711,0.2389311056800944,0.2603657508848812,0.00400303387830777,4.213719871902916e-05,0.00400303387830777,0.09961233777178494,0.16675952300691052,23732,Texas,Houston County
48227,1.125671198446247,0.656432080429567,0.1318119501885068,0.17365319890323316,0.17247406603450247,0.0622929281389238,0.007625956814806352,0.00042842454015766025,0.009054038615331887,0.3785844853193191,0.13798689020907118,35012,Texas,Howard County
48229,4.0,0.0,0.13578826237054084,0.024700000000000003,0.282,0.01380897583429229,0.004602991944764097,0.0,0.01093210586881473,0.7963176064441887,0.204,3476,Texas,Hudspeth County
48231,0.6296717714126485,0.29638100988052807,0.1393375053698522,0.02168913025810122,0.18304759140359228,0.08281763401409514,0.010635209975734073,0.0017067422122630008,0.009334834956867025,0.13643488255988112,0.12220067573059017,86129,Texas,Hunt County
48233,1.0012641083521445,0.6513769751693003,0.14744920993227992,0.007259431151241537,0.1522073137697517,0.025191873589164786,0.004108352144469526,0.0002257336343115124,0.016433408577878103,0.19801354401805868,0.12477751693002258,22150,Texas,Hutchinson County
48235,4.0,0.0,0.18198874296435272,0.0,0.14800000000000002,0.0068792995622263915,0.001876172607879925,0.0,0.004377736085053158,0.25453408380237647,0.132,1599,Texas,Irion County
48237,2.631357806280407,0.3686421937195931,0.14927023440955328,0.12604932551968157,0.14714915966386555,0.03759398496240601,0.003427686864219372,0.0003317116320212296,0.006855373728438744,0.14186200796107917,0.12286665192392748,9044,Texas,Jack County
48239,3.0,0.0,0.16433392539964475,0.01542338188277087,0.1384299111900533,0.07019538188277087,0.003552397868561279,7.104795737122558e-05,0.0040497335701598575,0.28980461811722913,0.13132099467140318,14075,Texas,Jackson County
48241,0.795715485858303,0.19182301876225147,0.16611593391206944,0.026354950994119292,0.16667698123774852,0.16687202464295717,0.005600672080649678,0.00039204704564547744,0.005516661999439933,0.056482777933352005,0.14752161859423132,35710,Texas,Jasper County
48243,3.0,0.0,0.2318531169940222,0.037599999999999995,0.065,0.00982066609735269,0.0029888983774551663,0.0004269854824935952,0.0064047822374039285,0.3373185311699402,0.16,2342,Texas,Jeff Davis County
48245,1.4425404224788225,0.8702358159612801,0.12685463763462598,0.06336418086755222,0.1804031228074348,0.3380900849476559,0.03420897202633655,0.0003290086533239784,0.005474228316149568,0.1700499062523536,0.13757661343068817,252273,Texas,Jefferson County
48247,1.1460377358490565,0.5730188679245283,0.1488679245283019,0.0030369999999999998,0.26702358490566036,0.004150943396226415,0.002830188679245283,0.0,0.0037735849056603774,0.9258490566037736,0.20422528301886791,5300,Texas,Jim Hogg County
48249,1.2151917331896762,0.6075958665948381,0.13056467016014497,0.008727986189333464,0.22859684607473432,0.005803418384837652,0.0036975366080611196,0.00022038297663940447,0.006611489299182135,0.7898036142808169,0.16715218668886822,40838,Texas,Jim Wells County
48251,0.9342891595001789,0.44351835901784886,0.11482502285767289,0.01752401181973578,0.11003607537069184,0.02636251606662515,0.006506155008149257,0.0032663283289384765,0.007142194601613951,0.18099964222772869,0.10982648707382034,150934,Texas,Johnson County
48253,1.1215226215226215,0.1731016731016731,0.13681813681813682,0.2478486634986635,0.11113365013365012,0.11602811602811602,0.00391050391050391,4.95000495000495e-05,0.005791505791505791,0.24794574794574795,0.12598089298089296,20202,Texas,Jones County
48255,1.2634916351861845,0.2630194279546681,0.13950350782514842,0.22502212628170537,0.19210901241230438,0.09288990825688073,0.0021586616297895305,0.00013491635186184566,0.004789530491095521,0.4975715056664868,0.13926470588235296,14824,Texas,Karnes County
48257,0.5304499274310595,0.2652249637155297,0.10277697145621674,0.012927987421383647,0.13595414610546686,0.10382196419932269,0.008737300435413643,0.0003193033381712627,0.0071794871794871795,0.16979196903725205,0.11005400096758587,103350,Texas,Kaufman County
48259,1.475366656689614,0.16641724034720143,0.1671355881472613,0.015524986530978752,0.05521499551032625,0.004998503442083208,0.006255612092187968,0.0005088296917090692,0.005567195450463933,0.20439988027536665,0.10868808739898235,33410,Texas,Kendall County
48261,3.0,0.0,0.14182692307692307,0.0,0.071,0.01201923076923077,0.002403846153846154,0.0,0.014423076923076924,0.7668269230769231,0.22500000000000003,416,Texas,Kenedy County
48263,4.0,0.0,0.25742574257425743,0.0644,0.109,0.009900990099009901,0.0,0.0,0.008663366336633664,0.1485148514851485,0.134,808,Texas,Kent County
48265,0.43913350125944584,0.21956675062972292,0.24814105793450883,0.03847151435768262,0.134192241813602,0.01781360201511335,0.007516372795969773,0.0006045340050377833,0.007153652392947104,0.23969773299748112,0.1374301057934509,49625,Texas,Kerr County
48267,2.036249186021272,0.481875406989364,0.22813110484046017,0.009318558714998914,0.2179294551769047,0.003907097894508357,0.00412415888864771,0.0006511829824180595,0.00824831777729542,0.23377469068808335,0.162699370523117,4607,Texas,Kimble County
48269,4.0,0.0,0.13286713286713286,0.0,0.08800000000000001,0.0,0.0,0.0,0.01048951048951049,0.13636363636363635,0.127,286,Texas,King County
48271,2.0,1.0,0.24291272929405225,0.09230000000000001,0.18600000000000003,0.014730405780989438,0.0027793218454697055,0.0,0.007226236798221234,0.556976097832129,0.193,3598,Texas,Kinney County
48273,2.174729422039238,0.8252705779607623,0.11481238888369047,0.061563560088581146,0.2690378965097782,0.037459842175852284,0.023424097813542932,0.001154050092012102,0.0061133464333614045,0.7016312654003306,0.14108228065250614,32061,Texas,Kleberg County
48275,0.0,0.0,0.21242269427265395,0.0279410594245765,0.14571712826028502,0.05754235009411132,0.0018822264049475664,0.0002688894864210809,0.0056466792148427,0.29604732454961014,0.156533207851573,3719,Texas,Knox County
48277,1.9489486474002369,0.4998694595625891,0.16620810154037716,0.01432857630590645,0.18087558492157532,0.13461731568694396,0.006245857851505231,0.00020083144217058623,0.014058200951941036,0.06472797381157994,0.13302524451228084,49793,Texas,Lamar County
48279,0.8570508692852543,0.2573513629534235,0.1593331902411104,0.013168483937897974,0.2356112899763898,0.04278457465836732,0.0014309222293768333,0.00028618444587536667,0.009229448379480575,0.5173499320311941,0.1627719825427488,13977,Texas,Lamb County
48281,0.7896528942420085,0.18671545459165523,0.1575951618641053,0.011289393708390508,0.11150693703308433,0.03211871728413884,0.010214971794480866,0.0019820094526604667,0.008995273669766733,0.1749758601412817,0.1198875844895055,19677,Texas,Lampasas County
48283,4.0,0.0,0.12445541678768515,0.2299,0.121,0.004937554458321232,0.0010165553296543712,0.0,0.005808887598024978,0.8597153645076968,0.141,6886,Texas,La Salle County
48285,1.7440170274619737,0.14556403467787987,0.2122722317396044,0.021239910709650627,0.11630618283756423,0.06753880496288221,0.002907127654051809,0.0008825208949800135,0.003114779629341224,0.15973628199138246,0.13636172974095415,19263,Texas,Lavaca County
48287,1.2239947026246087,0.3643149530459909,0.15783770768119432,0.03162301950397303,0.14343649169275222,0.10877678786419456,0.003310859619552131,0.0010835540573079702,0.0062605345533349385,0.2241752949674934,0.13194341439922946,16612,Texas,Lee County
48289,3.0,0.0,0.21516576394262246,0.0061820010713648,0.16585125885363966,0.0715433605142551,0.004821141598714362,0.00011904053330158918,0.0042259389322064165,0.1345158026307958,0.1545815725254449,16801,Texas,Leon County
48291,0.8233015612812818,0.040215221500998106,0.11234350832198617,0.06800052483375857,0.14395970545853548,0.10843039012202055,0.0046005578837433735,0.0003437198418888727,0.005684597385085203,0.17981835728355566,0.12199344288301628,75643,Texas,Liberty County
48293,1.1595535408826547,0.17896852548751283,0.1612641122134793,0.06808119654464591,0.21109258467328088,0.17546185425932262,0.0038487854943551145,0.0002993499828942867,0.005174478275744098,0.1909425248032843,0.1458445945945946,23384,Texas,Limestone County
48295,3.0,0.0,0.1465778316172017,0.011185372501514234,0.11344427619624468,0.007571168988491823,0.0030284675953967293,0.0,0.011205330102967898,0.3049666868564506,0.11786008479709266,3302,Texas,Lipscomb County
48297,0.0,0.0,0.192264330934004,0.10094664816581389,0.16174807041887088,0.04353481918307172,0.004943196600468303,0.0002601682421299107,0.007978492758650594,0.35209435434914577,0.15120969560315672,11531,Texas,Live Oak County
48299,1.4056266514688358,0.495000259053935,0.31096834360913944,0.009535640640381326,0.116637272680172,0.0058028081446557175,0.003989430599450805,0.0002590539350292731,0.006113672866690845,0.07989223356302783,0.15127983006061863,19301,Texas,Llano County
48301,4.0,0.0,0.14634146341463414,0.0,0.18600000000000003,0.0,0.0,0.0,0.04878048780487805,0.21951219512195122,0.139,82,Texas,Loving County
48303,1.1533760593334315,0.8526526820905853,0.10982279588711441,0.039581873608027805,0.19640813252471928,0.07514229049137292,0.020632569549296886,0.0006742435382005588,0.00731625966983585,0.3189171935688643,0.11054824607020022,278831,Texas,Lubbock County
48305,2.100253592561285,0.4498732037193576,0.1577345731191885,0.00710799661876585,0.19116280642434488,0.02147083685545224,0.001352493660185968,0.0,0.012172442941673712,0.46373626373626375,0.16477379543533394,5915,Texas,Lynn County
48307,1.803935772063262,0.6611131232645177,0.1985995412290233,0.013156151152963903,0.16349969817698903,0.019316672703126887,0.003501146927441748,0.00012072920439454304,0.006640106241699867,0.2989255100808886,0.1531635880719546,8283,Texas,McCulloch County
48309,1.3884572649754578,0.7004653024039915,0.12455885670984798,0.03867497030663982,0.19384862984831908,0.14800703274996702,0.013707902478065227,0.00045551104507856504,0.006270726816829217,0.23614629141638394,0.11971152102375043,234901,Texas,McLennan County
48311,4.0,0.0,0.26449787835926447,0.0,0.128,0.011315417256011316,0.004243281471004243,0.0,0.0,0.36916548797736914,0.142,707,Texas,McMullen County
48313,2.1215603044496487,0.3609484777517564,0.13912470725995316,0.1869367754683841,0.14955298594847777,0.19899004683840749,0.005781615925058548,0.00021955503512880562,0.004976580796252928,0.19672131147540983,0.11818706088992975,13664,Texas,Madison County
48315,0.841172008344396,0.0,0.215247487198938,0.015830077754598902,0.2068865920728238,0.22046273468613692,0.004741134079271762,0.0002844680447563057,0.008059927934761995,0.031101839560022757,0.16627678740754787,10546,Texas,Marion County
48317,0.8514273807043135,0.0,0.12315065638674724,0.01002667222337987,0.10945717857887059,0.016253386122108773,0.002500520941862888,0.000625130235465722,0.0062513023546572205,0.43467389039383203,0.12243238174619712,4799,Texas,Martin County
48319,1.3818544366899301,0.0,0.24401794616151545,0.000755134596211366,0.14768295114656033,0.00448654037886341,0.001744765702891326,0.0,0.00448654037886341,0.21535393818544366,0.1441026919242273,4012,Texas,Mason County
48321,1.3068497629556972,0.38823497357092257,0.1430167293335513,0.01090068116178955,0.2023704430276279,0.11443518064410658,0.01959021306740777,0.0002179717726554411,0.0070295896681379765,0.3834668410440848,0.1504380415236227,36702,Texas,Matagorda County
48323,1.8150687456227652,0.8265324929042722,0.10555125511445317,0.017857068082126136,0.2659013233071621,0.0024881123520955435,0.003262191750525268,7.372184746949758e-05,0.011832356518854364,0.9567989973828744,0.18301245899222238,54258,Texas,Maverick County
48325,1.6943442159718298,0.15178454984132506,0.13498239360083467,0.050194822414467676,0.10066563056992565,0.02199713080902491,0.006433943398687128,0.0007825066295700561,0.007194713732991349,0.4971308090249098,0.13055699256618702,46006,Texas,Medina County
48327,0.0,0.0,0.26851025869759143,0.0169,0.099,0.005798394290811775,0.0013380909901873326,0.0,0.008028545941123996,0.35236396074933096,0.16699999999999998,2242,Texas,Menard County
48329,1.2921196446314804,0.8341296978198609,0.11042433806768367,0.012263080104038811,0.0900240808930972,0.06639049623005436,0.012529954994447368,0.00039452919516044186,0.0074010754573616225,0.37699456426442224,0.10482446373253843,136872,Texas,Midland County
48331,2.211253382881609,0.38982913923334817,0.17389021286908754,0.016366696287918567,0.14861013046815041,0.09989093993617966,0.003877691158056307,4.03926162297532e-05,0.006907137375287797,0.2334693218079735,0.14658848002585126,24757,Texas,Milam County
48333,1.2410858995137763,0.0,0.2346029173419773,0.03060028363047002,0.16621110210696918,0.00526742301458671,0.002228525121555916,0.0002025931928687196,0.0038492706645056724,0.16572123176661263,0.1447260940032415,4936,Texas,Mills County
48335,1.5597149845793896,0.7798574922896948,0.13112836328831223,0.25587124322024885,0.09105615229182175,0.11272997979368286,0.002977773051153887,0.0,0.007444432627884717,0.3702009996809529,0.11918270764649581,9403,Texas,Mitchell County
48337,0.9972615244180739,0.41837821390537044,0.19676454181246514,0.01349232212586845,0.1424000709975151,0.0026877630711496527,0.0031441756681373297,0.00020285004310563416,0.008874689385871494,0.09787514579846848,0.13503357168213398,19719,Texas,Montague County
48339,1.3851004726316851,0.7157363970281692,0.10401407801714113,0.0070666232945544236,0.10234561795386027,0.04256976473737564,0.020945877747692795,0.0006823976513233249,0.007346197223892256,0.20778679352095247,0.10085075458698486,455746,Texas,Montgomery County
48341,1.8669192841490139,0.599936084733382,0.09619247626004383,0.007014362673484296,0.15518855003652302,0.015339663988312637,0.061039079620160704,0.0008217677136596055,0.012783053323593864,0.5269357195032871,0.1207458911614317,21904,Texas,Moore County
48343,0.19754136384722437,0.19754136384722437,0.19375289933508583,0.011197286222359673,0.1604883253440544,0.23009123241070048,0.003479202102984382,0.0005412092160197928,0.00719035101283439,0.07754754909540745,0.14925467759393846,12934,Texas,Morris County
48345,0.0,0.0,0.27107438016528923,0.0,0.096,0.019834710743801654,0.0,0.0,0.008264462809917356,0.1347107438016529,0.145,1210,Texas,Motley County
48347,1.2258229496001487,0.390087409336061,0.11812658855619615,0.07972275122435062,0.25328370838757674,0.18180831938503503,0.012351993056847064,0.00038745273076684644,0.005656809869195958,0.17599652842353233,0.12008279089951025,64524,Texas,Nacogdoches County
48349,1.244369959149471,0.24556405153451347,0.14377291295694983,0.0154263161202472,0.1829674452707657,0.13838902272965328,0.005300094270451451,0.008002513878705353,0.00638944170943752,0.23766628260186445,0.13788279040536294,47735,Texas,Navarro County
48351,3.0,0.0,0.16213222568362756,0.05011810314987884,0.1969106265143648,0.2008307372793354,0.004292142609899619,6.922810661128418e-05,0.005538248528902735,0.027898926964347526,0.14827061266874353,14445,Texas,Newton County
48353,1.5104495268138802,0.6903916929547844,0.16554942166140904,0.02694401945320715,0.15558136172450052,0.04699001051524711,0.0044032597266035756,0.0,0.006243427970557308,0.33537066246056785,0.1458493690851735,15216,Texas,Nolan County
48355,1.4808149036483134,0.9133216935322681,0.12025149024725759,0.017023924200204578,0.16650784804768792,0.0400838300824192,0.016845378763829612,0.0007906834561979001,0.006254923400703091,0.6063660305926892,0.14161971065100584,340212,Texas,Nueces County
48357,0.835958133620268,0.835958133620268,0.10329648831067201,0.005283850141837034,0.11913851120023476,0.003814927125110046,0.0027389220385405457,0.00039127457693436367,0.009586227134891911,0.48733248557174996,0.12461302944341192,10223,Texas,Ochiltree County
48359,4.0,0.0,0.12426900584795321,0.1374,0.12,0.030214424951267055,0.008284600389863547,0.0,0.006335282651072124,0.11842105263157894,0.111,2052,Texas,Oldham County
48361,1.0999181299412246,0.5704998961350001,0.14019331109400393,0.007811627992228455,0.13914119530285812,0.08527927465571808,0.009824407053044467,0.0005254347055732737,0.005205469408702665,0.05823771643633076,0.12014300377579823,81837,Texas,Orange County
48363,2.3047561452812064,0.6952438547187934,0.16299669168652842,0.0093612820604034,0.17528988652129057,0.022090996407100424,0.004766817260147273,0.0004980256838959838,0.007185799153356338,0.17733271673010564,0.13285222866493543,28111,Texas,Palo Pinto County
48365,1.1730542948394689,0.2877374348630022,0.15569843671205244,0.015054437720625317,0.15928840981677594,0.1625063035804337,0.003067742477727349,0.0001260716086737267,0.004412506303580433,0.08278702302908052,0.13521150613548497,23796,Texas,Panola County
48367,1.2505494881421741,0.3255107887827448,0.12215313828286024,0.026691043129473947,0.08375503519289813,0.016377739957409324,0.005464948215553294,0.0003420937850111608,0.00777408126437863,0.10613459679971264,0.09950938619822625,116927,Texas,Parker County
48369,2.516213847502191,0.48378615249780893,0.11919368974583698,0.00712541630148992,0.16408939526730937,0.011588275391956374,0.0024345116369656247,0.002044989775051125,0.009738046547862499,0.6002531892102444,0.13593514460999126,10269,Texas,Parmer County
48371,2.032501450957632,0.8463274650157994,0.11743083768620623,0.13059454439930354,0.1207339911007932,0.03688656735667763,0.005094473463597086,0.0003224350293415877,0.008060875733539691,0.6725994712065518,0.14515702585928933,15507,Texas,Pecos County
48373,1.0466606478321185,0.0,0.19038601281571357,0.09339030013432278,0.17910005945434126,0.11474687864708344,0.004139783762358796,0.00022020126395525512,0.019399731354457973,0.13121793319093653,0.14974639420430275,45413,Texas,Polk County
48375,1.3183533901034912,0.8401377681233636,0.10854608376764431,0.05714823123239699,0.2024511162686974,0.10212846794908857,0.039827211682208256,0.0005203472285315471,0.00829251773723291,0.3526137123883938,0.1353143062449927,121073,Texas,Potter County
48377,1.326170376055257,0.6630851880276285,0.17766692248656946,0.0,0.3354090560245587,0.006011767715528268,0.009721156305960604,0.0,0.0072908672294704525,0.8341007930416986,0.24563468917881814,7818,Texas,Presidio County
48379,0.0,0.0,0.20368334249587686,0.006038061205790727,0.10855085211654757,0.02345611141652923,0.0050393989371449515,9.162543522081729e-05,0.010353674179952355,0.07687374015026571,0.13296536558548655,10914,Texas,Rains County
48381,1.1259722509836405,0.7736757092565748,0.12490370677158832,0.01656512652723131,0.0900665230896666,0.023748188030648168,0.013949057775937046,0.0003396148270863533,0.006808863118658107,0.16380202940567407,0.09285606129633465,120725,Texas,Randall County
48383,0.0,0.0,0.10365310365310365,0.008,0.14800000000000002,0.02079002079002079,0.001782001782001782,0.0,0.00594000594000594,0.6091476091476091,0.128,3367,Texas,Reagan County
48385,4.0,0.0,0.25778180719250526,0.0212,0.228,0.006648534300392868,0.0006044122091266244,0.003626473254759746,0.01118162586884255,0.2459957691145361,0.187,3309,Texas,Real County
48387,2.618429237947123,0.38157076205287715,0.2108864696734059,0.01469047433903577,0.18395233281493,0.17363919129082425,0.0017884914463452567,7.776049766718506e-05,0.009720062208398134,0.06601866251944012,0.1597598755832037,12860,Texas,Red River County
48389,1.36951316839585,0.6159036494232025,0.12000290212580715,0.2256528694768918,0.12675360951897266,0.05006167017340202,0.008633824276282377,0.00043531887107306103,0.004643401291445984,0.7424363346151056,0.14837023869984764,13783,Texas,Reeves County
48391,1.496952458350264,0.0,0.1950426655830963,0.017485453067858595,0.18392076391710688,0.06542056074766354,0.004469727752945957,0.0,0.005688744412840309,0.4723012325612895,0.16199390491670052,7383,Texas,Refugio County
48393,4.0,0.0,0.1603875134553283,0.0,0.122,0.001076426264800861,0.002152852529601722,0.0,0.0032292787944025836,0.07965554359526372,0.113,929,Texas,Roberts County
48395,1.8625315846468535,0.3406328961617134,0.16664661292263266,0.011597443147635663,0.12639116833112743,0.21573817831789194,0.006196606906509445,6.016123210203345e-05,0.005775478281795211,0.17988208398508002,0.14351485982432918,16622,Texas,Robertson County
48397,1.0088208637042522,0.5505444426005591,0.09625081379169485,0.008416148180297943,0.05930251349936812,0.05771219219525894,0.024215887766955588,0.0007148601554820838,0.006025249881920421,0.15918403819395688,0.08535128993961985,78337,Texas,Rockwall County
48399,1.9240072374059614,0.6800304732882583,0.19464812874964288,0.018459851442719742,0.13987801161794114,0.018283972954956672,0.001999809541948386,0.000285687077421198,0.006761260832301686,0.3200647557375488,0.1463086372726407,10501,Texas,Runnels County
48401,1.0621788861803863,0.34556534783423964,0.14039002437652354,0.09768986311644479,0.12992662666416652,0.17691730733170824,0.004012750796924808,0.0003562722670166885,0.005437839864991562,0.14267766735420964,0.12862403900243766,53330,Texas,Rusk County
48403,1.4138822226324534,0.0,0.2677681373453941,0.007279970463356101,0.21212793058888682,0.07236477755215064,0.0030459664020675652,0.0,0.005168912682296474,0.03175189219124977,0.17006248846224847,10834,Texas,Sabine County
48405,2.075465313028765,0.0,0.2305696559503666,0.0251473434856176,0.2380342921601805,0.22741116751269036,0.0025944726452340667,0.0,0.003948110547095319,0.06001128031584884,0.17464399323181048,8865,Texas,San Augustine County
48407,1.1448984232868404,0.0,0.17328684050939963,0.004856807155852031,0.14897142207398426,0.10271376591873863,0.004661916312916919,0.0003411158277744087,0.006215888417222559,0.1091570648878108,0.14570520012128563,26384,Texas,San Jacinto County
48409,1.478581569038948,0.8557496450836368,0.1290198135917536,0.010503751311647429,0.1682971884451577,0.01652675760755509,0.008286525523115857,0.0008950064810814148,0.005956422443059071,0.5439170421578915,0.15092071477069316,64804,Texas,San Patricio County
48411,2.142717338117762,0.4286413309411189,0.19197520795954984,0.11158933289838524,0.1468656010438754,0.03327352797259827,0.0021203718806067527,0.0,0.00782906540531724,0.2797259827108139,0.1388597292448214,6131,Texas,San Saba County
48413,0.0,0.0,0.12713088702687084,0.0,0.14800000000000002,0.01097948569777521,0.0011557353366079169,0.0,0.004622941346431667,0.44380236925744004,0.128,3461,Texas,Schleicher County
48415,0.6849476981265883,0.34247384906329414,0.14083092015838308,0.10187464688848176,0.14726505525678152,0.047219431475681105,0.0034867915607824595,0.00023639264818864133,0.006264405176998995,0.3633945984279889,0.13594178831038353,16921,Texas,Scurry County
48417,0.0,0.0,0.1743635287152161,0.010700000000000001,0.14800000000000002,0.008584961515689757,0.0026642984014209592,0.0002960331557134399,0.005624629958555358,0.10065127294256956,0.11999999999999998,3378,Texas,Shackelford County
48419,1.1699151210311223,0.23589280100597296,0.15671172587236717,0.006750487268154669,0.24068017132977051,0.17415906947500787,0.0031829613329141778,0.0,0.003497327884313109,0.16362779000314367,0.14757320811065702,25448,Texas,Shelby County
48421,3.0,0.0,0.13348714568226763,0.0102,0.152,0.004614370468029005,0.0023071852340145024,0.0,0.007580751483190508,0.4044166117336849,0.12300000000000001,3034,Texas,Sherman County
48423,0.9856563826236231,0.6001096752658434,0.14233465261551667,0.019678404940155454,0.1662889895570073,0.17943350340947023,0.01238376806065519,0.00037671069572266464,0.005440846883791903,0.17208526059796864,0.11989669066806542,209710,Texas,Smith County
48425,0.0,0.0,0.14817432273262662,0.033765429917550056,0.24546937573616018,0.006713780918727915,0.0062426383981154295,0.00011778563015312132,0.008480565371024734,0.19151943462897528,0.12426866902237926,8490,Texas,Somervell County
48427,1.1839161527358615,0.5816493898438525,0.10308686524078205,0.013285069216638235,0.3598697021388269,0.0011317412413069151,0.0021814722477365173,0.0,0.0012629576171106153,0.956846214407558,0.19984890434326202,60968,Texas,Starr County
48429,1.8951194184839044,0.6740394600207684,0.18151609553478712,0.06134048805815161,0.2327731048805815,0.020872274143302182,0.0033229491173416407,0.00010384215991692627,0.00529595015576324,0.20882658359293874,0.13454932502596054,9630,Texas,Stephens County
48431,4.0,0.0,0.16360454943132108,0.0306,0.035,0.012248468941382326,0.0,0.0,0.020122484689413824,0.3193350831146107,0.136,1143,Texas,Sterling County
48433,0.0,0.0,0.23691275167785236,0.0181,0.132,0.026174496644295303,0.009395973154362415,0.0,0.005369127516778523,0.14026845637583893,0.147,1490,Texas,Stonewall County
48435,2.0,1.0,0.13880813953488372,0.0031,0.083,0.004118217054263566,0.001937984496124031,0.0,0.004118217054263566,0.595687984496124,0.141,4128,Texas,Sutton County
48437,1.8436465495289025,0.5781767252355487,0.17086834733893558,0.08214845938375351,0.2173461930226636,0.07206518971224854,0.0012732365673542145,0.0005092946269416857,0.009167303284950344,0.40094219505984213,0.16108963585434172,7854,Texas,Swisher County
48439,1.4826599388950585,0.9740599739416778,0.08921133498321467,0.011406431165178477,0.13413226947865114,0.14868998059169086,0.046744119326552126,0.0017600699605697895,0.006537797557681815,0.2669750842860136,0.10536922221380758,1809019,Texas,Tarrant County
48441,1.1799309537207427,0.8041534226575213,0.13196356059799552,0.04020424999619789,0.16163719526105272,0.07375328882332365,0.015763539306191354,0.0009353185405989081,0.00678296047328639,0.22108496950709472,0.1107973476495369,131506,Texas,Taylor County
48443,4.0,0.0,0.20833333333333334,0.0,0.15,0.007113821138211382,0.0040650406504065045,0.0,0.009146341463414634,0.47459349593495936,0.16699999999999998,984,Texas,Terrell County
48445,2.1984032882776066,0.8015967117223934,0.1444154612283614,0.0921377124337997,0.16479353410797565,0.04782230653703264,0.0023713540431586438,0.0,0.006165520512212474,0.4909493320686112,0.15265488894158566,12651,Texas,Terry County
48447,4.0,0.0,0.24558196221815967,0.0079,0.147,0.006703229737964655,0.0042656916514320535,0.0,0.007312614259597806,0.09262644728823888,0.141,1641,Texas,Throckmorton County
48449,1.12788396115544,0.5832250881425125,0.11538937341498114,0.011046437186862126,0.18875428341683678,0.09559596709346199,0.007329745778437558,0.0004948351580379786,0.010948227871590277,0.39583719923300553,0.13098555699882478,32334,Texas,Titus County
48451,1.6146413601640326,0.8061276333218413,0.1384841501696576,0.04685865163034603,0.13321231696031646,0.040327702273593294,0.01014316561122099,0.0009072598936691404,0.007956669267478362,0.3566892271960226,0.11599362196294752,110222,Texas,Tom Green County
48453,1.2929209795111816,0.8999400546342454,0.07298787619622246,0.022501958963784794,0.14162358117910778,0.0852395764381518,0.057927335282045876,0.0007009897819511728,0.008352322541214879,0.33464549247949266,0.07828749270209107,1024266,Texas,Travis County
48455,0.3119643469317792,0.1559821734658896,0.22434007541995202,0.0032969352074048684,0.16355440521083303,0.09448063078505314,0.002879670894754885,0.00020569077819677752,0.004730887898525883,0.0765855330819335,0.15698148782996227,14585,Texas,Trinity County
48457,1.795966185794358,0.11586878618028117,0.1896995313792153,0.11248092897179085,0.1481208306533125,0.10980428190756225,0.0023431039235504918,0.00027565928512358727,0.005283469631535422,0.06831755949646237,0.13066902508499495,21766,Texas,Tyler County
48459,1.1203541173776999,0.11058536213080974,0.15749573888931287,0.013126759775115114,0.1327201404258567,0.08690121855045918,0.003815920018316416,7.631840036632832e-05,0.006588821898293012,0.06647332671907197,0.12774100078862347,39309,Texas,Upshur County
48461,1.0068554396423248,0.0,0.14694485842026825,0.018180864381520122,0.19033532041728765,0.018777943368107303,0.0,0.0,0.017287630402384502,0.49001490312965723,0.14095886736214602,3355,Texas,Upton County
48463,2.718803256958909,0.5835258473773907,0.14754781291422078,0.021361832986176863,0.16905082370763114,0.006438174588146184,0.005074796440068169,0.0002272296913463359,0.005529255822760841,0.6930126869911002,0.16004048475667487,26405,Texas,Uvalde County
48465,1.878524368785039,0.8087940418218276,0.12382862053443548,0.03979432008839055,0.1973749641936408,0.015263739411548063,0.0048696648524778,0.0009002741744076605,0.004910586405859966,0.8019396816303147,0.165998874657282,48874,Texas,Val Verde County
48467,1.560604043439396,0.43038095056961906,0.17967249282032752,0.012680975294319026,0.14369352783430647,0.027140112972859887,0.003252248996747751,0.000627626999372373,0.008691682991308318,0.0921850929078149,0.12992843150307157,52579,Texas,Van Zandt County
48469,1.720565022524858,0.6498219902526702,0.13438871798416924,0.01736978327745325,0.1538694019102923,0.06351894738054913,0.010357978177963661,0.0002649983293583584,0.00579539824640236,0.43912527507978755,0.13831219107531711,86793,Texas,Victoria County
48471,1.8089624379245812,0.3854644051811792,0.10285731126862263,0.246197776336924,0.23735052533855971,0.224827220347475,0.009298418826719322,0.0004126081254328701,0.004450273352883099,0.16782835501981994,0.1127002549328775,67861,Texas,Walker County
48473,0.5764147668093971,0.28820738340469854,0.1017474829302164,0.08570096979516259,0.1576716583728735,0.24855919453766925,0.004953130424719361,0.0002314546927438954,0.008193496123133897,0.29015160282374725,0.12117840527716701,43205,Texas,Waller County
48475,1.7575530118221054,0.6212234940889473,0.1477763182585851,0.011737643085006567,0.13155160442859823,0.04897729405141678,0.0030024394820791895,9.382623381497466e-05,0.009194970913867517,0.47607431037718145,0.14259157440420342,10658,Texas,Ward County
48477,1.7668900883800938,0.35378729462008424,0.18384838958419836,0.05386481108013524,0.14050625778515927,0.17637463669256775,0.013197698558633371,0.00023726199655970106,0.0029361172074263003,0.13764161575419656,0.12899691559404472,33718,Texas,Washington County
48479,1.1830069276314212,0.9297808247636855,0.0779338559020703,0.013892932937012091,0.31208910036675697,0.004522536775575106,0.005848934487139535,0.00011985521490040031,0.004019144872993424,0.9574474035365279,0.15998243322066943,250302,Texas,Webb County
48481,0.6381298449612403,0.18141957364341085,0.14580910852713178,0.010882575096899223,0.17672119670542635,0.1409156976744186,0.003875968992248062,4.8449612403100775e-05,0.0039001937984496126,0.37415213178294576,0.15062286821705428,41280,Texas,Wharton County
48483,1.6513863216266174,0.0,0.18391866913123844,0.008477116451016637,0.1778894639556377,0.02088724584103512,0.004251386321626617,0.0,0.008133086876155268,0.24842883548983363,0.1381833641404806,5410,Texas,Wheeler County
48485,1.3926007604562738,0.8234296577946768,0.1306235741444867,0.09138322661596958,0.17821189353612168,0.10502661596958175,0.02029657794676806,0.0007680608365019012,0.010600760456273764,0.16622813688212928,0.11509305703422054,131500,Texas,Wichita County
48487,2.136608792020687,0.8633912079793129,0.15574436645733283,0.045428755079423705,0.1817406723309937,0.08023642408570374,0.007240487624676764,0.00044329516069449576,0.010712966383450314,0.2591799039527152,0.14932338381972662,13535,Texas,Wilbarger County
48489,1.538357278395229,0.7691786391976145,0.11687900966838348,0.1470153564651667,0.3140030270172585,0.0213698382578838,0.006325110689437065,0.00031625553447185326,0.0028462998102466793,0.8718261498147646,0.18187150989428028,22134,Texas,Willacy County
48491,1.7714128215501599,0.8574047918160117,0.08914802959219645,0.01205781858100355,0.07061971141220642,0.061976109529926965,0.04834164933673071,0.000977100825922272,0.006219850051694075,0.23193487256286685,0.08132504335441315,422679,Texas,Williamson County
48493,0.49864858567500814,0.11941376578591734,0.1261009366699287,0.012849841558320519,0.1061644997436973,0.01633347313481523,0.0037979402581667368,0.0002097022228435621,0.006547369402115663,0.3824036534787269,0.12387925812013606,42918,Texas,Wilson County
48495,0.79971870604782,0.79971870604782,0.11814345991561181,0.013639156118143458,0.15912081575246131,0.021940928270042195,0.002390998593530239,0.0,0.009985935302390999,0.5378340365682138,0.13886849507735582,7110,Texas,Winkler County
48497,0.8631927884046205,0.20591269639927615,0.12310788641399023,0.01658180695790417,0.1262884638151775,0.010604292455223503,0.004126710301554281,0.00027060395420028076,0.007796776430395589,0.17102169905457743,0.10952278992676782,59127,Texas,Wise County
48499,1.4069678772281002,0.3682680392717567,0.24182632732818607,0.026293153655514247,0.1436431703364789,0.046992660375560005,0.003836621866361643,0.0005004289390906491,0.006672385854541989,0.08462015060528072,0.14009303212277188,41964,Texas,Wood County
48501,1.485975377585988,0.742987688792994,0.11359309557050387,0.006761187968016245,0.089742987688793,0.00888437618987181,0.003934509455514659,0.00012691965985531158,0.007488259931463384,0.5866226678512502,0.13328506155603503,7879,Texas,Yoakum County
48503,2.550566037735849,0.44943396226415094,0.18447439353099732,0.015038630727762802,0.12090975741239893,0.012506738544474394,0.003504043126684636,0.00026954177897574127,0.007439353099730458,0.1641509433962264,0.12913811320754717,18550,Texas,Young County
48505,2.087458981309745,0.5998002568126695,0.10415180482237124,0.002152946212013126,0.38892067341988873,0.0013554001997431874,0.0022827792837779998,0.0,0.0029961478099586247,0.9333713796547296,0.17851633613924953,14018,Texas,Zapata County
48507,1.9859552967371756,0.5404641603151494,0.12057891581741886,0.03504618480774171,0.3524116639547829,0.007621820673118096,0.0003425537381176672,0.0013702149524706688,0.003511175815706089,0.9386828808769375,0.2085426907596129,11677,Texas,Zavala County
49001,1.2721375773118118,0.0,0.12550912656509278,0.0036575954140896064,0.08318358726806456,0.002413637049328707,0.010559662090813094,0.00286619399607784,0.01146477598431136,0.10801025795745965,0.09591144969075276,6629,Utah,Beaver County
49003,1.1740270135067534,0.5685842921460731,0.11131565782891446,0.006790475237618809,0.09107223611805904,0.003441720860430215,0.008864432216108054,0.001680840420210105,0.008244122061030515,0.0830815407703852,0.08890373186593296,49975,Utah,Box Elder County
49005,1.239410240022724,0.777801448657861,0.07717298679164891,0.0319002547578469,0.16036195142735407,0.006186976281778157,0.018836102826303082,0.003870188893623065,0.006124840221559438,0.09955972163045022,0.068682103039341,112656,Utah,Cache County
49007,1.4306872868289493,0.40690557398495536,0.13563519132831847,0.0254308181096108,0.1581929168808111,0.004345185254403588,0.005840302761295145,0.0010746157080783068,0.011774050366771014,0.12423492033827034,0.10171821707237302,21403,Utah,Carbon County
49009,4.0,0.0,0.18980169971671387,0.059500000000000004,0.047,0.003777148253068933,0.003777148253068933,0.0009442870632672333,0.007554296506137866,0.031161473087818695,0.1,1059,Utah,Daggett County
49011,1.616525112650459,0.9696488177003971,0.08154555450781294,0.01074807800860744,0.05716039924432016,0.012079131033447642,0.017671683867410165,0.005915576597417768,0.004646321607679482,0.08402859576023153,0.07380389520978599,306479,Utah,Davis County
49013,2.796581931531144,0.41016821626269684,0.10662653839952706,0.015988848282904283,0.13347245660235396,0.0023647014564411243,0.002794647175794056,0.0027409039608749393,0.04525178696189606,0.06003117106465309,0.09213172461976676,18607,Utah,Duchesne County
49015,1.8682580174927115,0.30329810495626824,0.12463556851311954,0.003911534256559766,0.12789385932944605,0.0023688046647230322,0.0034620991253644317,0.0008199708454810496,0.007106413994169096,0.05958454810495627,0.09830830903790087,10976,Utah,Emery County
49017,2.1616395978344936,0.0,0.16067285382830626,0.03304452822892499,0.1792014694508894,0.004253673627223511,0.011794276875483373,0.0019334880123743233,0.01643464810518175,0.04524361948955916,0.10983836040216552,5172,Utah,Garfield County
49019,0.9521951219512195,0.47609756097560973,0.13560975609756099,0.015494829268292681,0.08361951219512195,0.003143631436314363,0.00834688346883469,0.0003252032520325203,0.04130081300813008,0.09550135501355013,0.09609560975609756,9225,Utah,Grand County
49021,1.3708381171067738,0.6871737105474081,0.09819552455429673,0.022742189632389578,0.19956848558369258,0.004917358057318632,0.00756016723349869,0.003011069471221541,0.02207395533219245,0.07718302536663561,0.08361969542707363,46163,Utah,Iron County
49023,2.4568612141323443,0.5431387858676556,0.1017958227601015,0.0119248975209838,0.11414708178801483,0.002439976576224868,0.002147179387077884,0.001463985945734921,0.008783915674409526,0.036990044895569,0.09156861214132345,10246,Utah,Juab County
49025,2.322385964912281,0.6776140350877193,0.19480701754385965,0.01402661052631579,0.12797319298245613,0.002245614035087719,0.004350877192982456,0.00014035087719298245,0.014596491228070175,0.03691228070175439,0.11267761403508772,7125,Utah,Kane County
49027,2.2712948892265854,0.0,0.141566024154203,0.009737958889866432,0.11353411181316485,0.0009597696552827321,0.00607854115012397,0.0011997120691034152,0.009997600575861793,0.12820922978485164,0.11121618811485244,12503,Utah,Millard County
49029,0.0,0.0,0.10529094941387686,0.0,0.029698595416622665,0.0016897243637131693,0.003590664272890485,0.0010560777273207309,0.0019009399091773154,0.023867356637448517,0.07541123666701868,9469,Utah,Morgan County
49031,4.0,0.0,0.2133676092544987,0.023799999999999998,0.171,0.0012853470437017994,0.0038560411311053984,0.0012853470437017994,0.003213367609254499,0.07005141388174807,0.13,1556,Utah,Piute County
49033,4.0,0.0,0.1515017667844523,0.0004,0.159,0.0,0.0030918727915194345,0.00044169611307420494,0.007067137809187279,0.04240282685512368,0.1,2264,Utah,Rich County
49035,1.2488755942524439,0.9846239759919585,0.08679314916161239,0.013601783704250452,0.1000881052391335,0.015931549888069305,0.03300814350437768,0.015326492854402688,0.008893270075899209,0.1709456079949109,0.07779566942325342,1029655,Utah,Salt Lake County
49037,3.6674352366743523,0.0,0.10850400108504,0.019606327139563274,0.25687752610877523,0.00169537501695375,0.0025091550250915503,0.00033907500339075,0.5039332700393327,0.04401193544011935,0.14144547673945476,14746,Utah,San Juan County
49039,1.0277478254618646,0.4257062756092301,0.11490906476888793,0.08687857091510316,0.15628667960606715,0.008230896412910646,0.0053914168643519516,0.004960103515203796,0.010962547624182303,0.09413413845158508,0.0895265617137517,27822,Utah,Sanpete County
49041,0.2383905393712143,0.2383905393712143,0.1449860590327853,0.014483564080376887,0.13583251610422073,0.0018748197288722239,0.003220844149601,0.0017306028266512836,0.01105662917027209,0.04480338428997212,0.10222007499278916,20802,Utah,Sevier County
49043,1.4014701024116287,0.4941636383658187,0.07620306133685717,0.003189246778989098,0.06463503468780972,0.004239621187093932,0.012278383437947363,0.001046140292919282,0.003358660940425063,0.11535073229820504,0.06701324193370774,36324,Utah,Summit County
49045,1.4974234772750696,0.5457933972310969,0.07521728674980246,0.006107432409220516,0.0717246899584321,0.006973788175478375,0.006424129994159882,0.0037788999965646364,0.009670548627572228,0.11441478580507747,0.07798926448864613,58218,Utah,Tooele County
49047,2.1248005400761016,0.45467656806186324,0.09196636798821652,0.005880609426782865,0.12122529765557874,0.0037130231987234563,0.005093899594942924,0.0022707745182275686,0.07699153062476985,0.07149871118203019,0.09799640972136983,32588,Utah,Uintah County
49049,1.4034659790461588,0.9253703316529994,0.06476835396969204,0.026932680945633065,0.12724633346497238,0.005418496062443376,0.013613027620972426,0.007559566675184488,0.005950859912808481,0.10800791383061925,0.05940889802618843,516564,Utah,Utah County
49051,1.8340841478963026,1.0,0.08572035699107522,0.010605898852528686,0.07044309392265193,0.003357416064598385,0.007692307692307693,0.0012324691882702932,0.005397365065873353,0.13531661708457288,0.0696364640883978,23530,Utah,Wasatch County
49053,1.7986822575390073,0.8369836730261014,0.17250841689896101,0.013421456757050285,0.1264150816348695,0.005719871121891177,0.007110017014806502,0.007805089961264164,0.013532201426347609,0.09764326829091699,0.09430765666292582,138115,Utah,Washington County
49055,3.0,0.0,0.15298776097912167,0.0031999999999999997,0.085,0.0007199424046076314,0.006839452843772498,0.0014398848092152627,0.004679625629949604,0.04175665946724262,0.10400000000000001,2778,Utah,Wayne County
49057,1.4171322804407618,0.9287610925634416,0.101143420574651,0.01085342982926534,0.11461237437077272,0.013561902125966545,0.012588870245117543,0.002655295888183501,0.008225362832776903,0.16740905395353664,0.08689665104049543,231236,Utah,Weber County
50001,0.38711604790744414,0.19355802395372207,0.13856223350805247,0.07747110073056138,0.07958262947774368,0.0076858314548762935,0.014448276798566036,0.0001629504902093914,0.0023899405230710736,0.018603514298905516,0.07362888025854811,36821,Vermont,Addison County
50003,0.3912996632996633,0.26397306397306397,0.18841750841750843,0.03973256835016835,0.11314973737373737,0.008296296296296296,0.0072457912457912456,0.000430976430976431,0.002531986531986532,0.014141414141414142,0.09158224915824915,37125,Vermont,Bennington County
50005,0.28129503314439425,0.0,0.15348896788035996,0.04306812694142889,0.1258923687834246,0.0053479360809555836,0.008037915906106894,3.202356934703942e-05,0.00441925256989144,0.010599801453870048,0.09329093412751785,31227,Vermont,Caledonia County
50007,0.997419272413683,0.6696413171931394,0.11297071129707113,0.06257173528378421,0.12474093711073493,0.021201571433134243,0.028100546168833243,0.0003066210993644,0.00264460698201795,0.018243955412181802,0.06268662684851002,156545,Vermont,Chittenden County
50009,0.5813510941960038,0.0,0.19346653980336187,0.00251604820805582,0.14601363780526483,0.0028544243577545195,0.0034887408816999684,0.0,0.005708848715509039,0.00935616872819537,0.11112115445607358,6306,Vermont,Essex County
50011,0.3961797846940058,0.27053575168600513,0.12164369790139488,0.011074198885770535,0.07762250240857874,0.004461106689565618,0.004838101621078205,0.0002932182800653458,0.010472081430905207,0.011959116994093745,0.0792295689691283,47746,Vermont,Franklin County
50013,0.0,0.0,0.1404591104734577,0.0,0.0767971305595409,0.003586800573888092,0.0030129124820659973,0.0005738880918220947,0.009469153515064563,0.011477761836441894,0.08169440459110473,6970,Vermont,Grand Isle County
50015,0.0,0.0,0.1333605720122574,0.028348482124616957,0.14680036772216548,0.006087844739530133,0.005107252298263534,0.0001634320735444331,0.003840653728294178,0.013156281920326864,0.07649863125638406,24475,Vermont,Lamoille County
50017,0.7143350843240255,0.0,0.14777439867293338,0.0247000380149295,0.107882775781034,0.003801492949958529,0.004838263754492674,0.00010367708045341443,0.002937517279513409,0.009745645562620956,0.08728801492949959,28936,Vermont,Orange County
50019,0.9366530792111931,0.0,0.1771510410928721,0.030036498843230144,0.139814696485623,0.005949102126253167,0.003415225294700892,0.0003305056736807315,0.004516910873636664,0.01120047005251368,0.10737420586831185,27231,Vermont,Orleans County
50021,0.8518218098050031,0.4154472599850751,0.16639628824502775,0.03760352194932027,0.10920031796502384,0.005418383569644074,0.006002400960384154,0.0001622270529833555,0.0024334057947503324,0.01104766230816651,0.08816492002206289,61642,Vermont,Rutland County
50023,0.9760137064534552,0.43405448987133405,0.1447408203715524,0.040488737528135185,0.11364196929485672,0.007407531830550609,0.008432156414821783,0.00018476836765545738,0.0025363657741794606,0.016713138710652737,0.08177011455638794,59534,Vermont,Washington County
50025,0.3806528429896884,0.29207197897243503,0.1610091433963112,0.03289639655830881,0.13581439130141756,0.009457911172017164,0.010401455754498686,0.00047177229124076113,0.0025610495810212746,0.018421584705591625,0.08312169478579291,44513,Vermont,Windham County
50027,0.27160755249691193,0.13580377624845597,0.1780659961178754,0.015852165166754896,0.10078170107640727,0.005770248808893595,0.009334745014999118,0.00022939827068995942,0.002717487206634904,0.01228163049232398,0.08699348861831657,56670,Vermont,Windsor County
51001,0.39817244187098527,0.0,0.19107934497421514,0.012890681263005518,0.19812461171929188,0.2805573147561748,0.005518863656925722,0.001206308996049338,0.004071292861666516,0.08594951596851534,0.15429014747127476,33159,Virginia,Accomack County
51003,0.6534505405678488,0.454561988481358,0.14270991209457412,0.06935432050116197,0.12250927553804183,0.09699909063352531,0.046731332727089014,0.0005254117409315954,0.0025462261291300395,0.05473375770435485,0.08859592805900778,98970,Virginia,Albemarle County
51005,0.7739692307692307,0.24363076923076923,0.20338461538461539,0.017310455384615384,0.2039715692307692,0.04683076923076923,0.002276923076923077,0.0006769230769230769,0.0017846153846153847,0.01083076923076923,0.14136492307692308,16250,Virginia,Alleghany County
51007,3.0,0.0,0.15752561071710008,0.010065941686367217,0.1336342789598109,0.2310480693459417,0.002127659574468085,0.0003152088258471237,0.004412923561859732,0.022852639873916468,0.12627620173364856,12690,Virginia,Amelia County
51009,1.024696318733966,0.3157976076407134,0.16474515500880907,0.04754170865143881,0.13731029579946216,0.1900287454022811,0.004759991345470281,0.00021636324297592187,0.009210892343832102,0.019318146694278737,0.12842020832689396,32353,Virginia,Amherst County
51011,0.8657583650571028,0.0,0.17411340412742937,0.003747745942696854,0.13501990249115073,0.20082815734989648,0.0023375409069658717,0.0002671475322246711,0.0021371802577973688,0.011153409470380017,0.12722166566486343,14973,Virginia,Appomattox County
51013,0.5451808824733528,1.0,0.08695170527066144,0.013926691423314598,0.07087182895757173,0.08492397204521701,0.0959970330554231,0.0008236161081971476,0.004676790883388482,0.15114078055688007,0.0626201299483193,207621,Virginia,Arlington County
51015,0.9705898305084746,0.36450169491525425,0.16052881355932203,0.03672296542372881,0.0944478779661017,0.039728813559322035,0.0049898305084745765,0.00020338983050847457,0.002169491525423729,0.020677966101694915,0.11133765423728814,73750,Virginia,Augusta County
51017,3.0,0.0,0.22236313675755653,0.011200000000000002,0.11300000000000002,0.046924540266328474,0.0014796026210103573,0.0,0.001056859015007398,0.02134855210314944,0.147,4731,Virginia,Bath County
51019,0.5720713503698364,0.21115383588346817,0.16668001815802824,0.0039975540067825575,0.09206476808459504,0.06940105209751929,0.009986915538465646,0.00020027237042377632,0.002590189324147507,0.016342225426580148,0.11224282357339316,74898,Virginia,Bedford County
51021,1.714976553341149,0.0,0.17365181711606095,0.10054802168815943,0.08428824736225088,0.03341148886283705,0.002637749120750293,0.00014654161781946072,0.00014654161781946072,0.0057151230949589685,0.11514170574443143,6824,Virginia,Bland County
51023,1.382647520212381,0.338723301556655,0.16365994931820924,0.008290798841559067,0.08061225413297937,0.030318571256184385,0.005279353203813201,9.050319777965489e-05,0.0026245927356099916,0.010739712803185713,0.10851393749245807,33148,Virginia,Botetourt County
51025,1.329299070781232,0.3494895032694734,0.1653091659974762,0.12526907192841574,0.18754261787312151,0.5731329585866697,0.002810599977056327,0.0004015142824366181,0.0022370081450040153,0.017093036595158886,0.16070201904324882,17434,Virginia,Brunswick County
51027,0.0,0.0,0.16051124574653497,0.04868430575151465,0.2756632915594655,0.025562287326749106,0.002199352643372894,8.299443937256204e-05,0.0007884471740393393,0.0039422358701966965,0.14602440036517553,24098,Virginia,Buchanan County
51029,1.4697305493992767,0.0,0.1430071153621836,0.1356669777207512,0.17150297445468332,0.35075236206695437,0.003674326373498192,0.00011664528169835531,0.0025661961973638165,0.016796920564563163,0.14627190015163888,17146,Virginia,Buckingham County
51031,0.5662813172386127,0.2831406586193064,0.1583640275701105,0.00854458079574049,0.11869911746471683,0.14162503190985012,0.009955873235841144,0.00029174720105028994,0.0026074906093869663,0.016738995660260384,0.12212917107326501,54842,Virginia,Campbell County
51033,0.20126116657908566,0.0,0.13116132422490803,0.017960157645822386,0.08386333858819407,0.2933963916622876,0.006235768085479068,0.0007707129094412332,0.0074619022595901205,0.033596076370642845,0.12075866176212997,28545,Virginia,Caroline County
51035,0.47603355302576394,0.0,0.19429465415085548,0.011223407229878172,0.15157090073896545,0.005925038279741695,0.001764196791159044,0.00016643365954330605,0.00219692430597164,0.025830503961121097,0.12802849344251382,30042,Virginia,Carroll County
51036,0.0,0.0,0.16730981256890848,0.0,0.1308715545755237,0.4841510474090408,0.0034454244762954795,0.0006890848952590959,0.07056229327453142,0.012127894156560088,0.1660214994487321,7256,Virginia,Charles City County
51037,3.0,0.0,0.18679485142221516,0.013928762116637535,0.2451871921182266,0.29802955665024633,0.0020657873828062927,0.0,0.0027808676307007787,0.019068806610519625,0.16636929922135707,12586,Virginia,Charlotte County
51041,1.7243577581300042,0.9411135987047647,0.10396665781251976,0.014703933454761633,0.07282206643139934,0.2194943017240289,0.03255163864961611,0.0006356012598186165,0.0038262563402016217,0.07230043385319825,0.1027244146776458,316236,Virginia,Chesterfield County
51043,0.0,0.0,0.16296137950691178,0.01813569189112156,0.09964343736639589,0.05315661963802195,0.00897819581017529,0.0004987886561208494,0.002921476414422118,0.03491520592845945,0.10774583155194528,14034,Virginia,Clarke County
51045,3.0,0.0,0.17071290944123313,0.0017000000000000001,0.085,0.0009633911368015414,0.0015414258188824663,0.0,0.0023121387283236996,0.006936416184971098,0.10499999999999998,5190,Virginia,Craig County
51047,0.7929490886504316,0.3964745443252158,0.1220415943798325,0.03773315556126711,0.08155323523742208,0.15781019083724218,0.013000920987812975,0.0008138962068153098,0.004133735997772494,0.0890359613613485,0.10766021975197583,46689,Virginia,Culpeper County
51049,3.0,0.0,0.16086350974930363,0.0036522085157182646,0.19450218861918026,0.3261042578591325,0.003481894150417827,0.0,0.003979307600477517,0.018006366892160765,0.14251770791882215,10052,Virginia,Cumberland County
51051,0.0,0.0,0.16745268188392126,0.021063956486197574,0.24148242469974218,0.0032069420863987926,0.0011318619128466328,0.0,0.0015091492171288435,0.00540778469471169,0.13996484939948436,15903,Virginia,Dickenson County
51053,1.1139245026963323,0.2698117924359844,0.13663797721509946,0.03280572122424199,0.13257858647905435,0.3287025463376308,0.004356987250455341,0.00028570408199707153,0.0032855969429663226,0.024070568908253275,0.12996278704331987,28001,Virginia,Dinwiddie County
51057,1.7861178369652946,0.37315039009954265,0.17361671598959735,0.017040157833378172,0.14580414312617704,0.3808627028966012,0.00771231279705856,0.0002690341673392521,0.0053806833467850415,0.03129764146713299,0.15744973544973545,11151,Virginia,Essex County
51059,1.2687573032378303,0.988018992116201,0.09825998047539455,0.008589324422766872,0.06130310563255283,0.09172312038694218,0.17533317555874392,0.0007987338589199343,0.0035906045232002603,0.15575495141035692,0.0791872679604183,1081712,Virginia,Fairfax County
51061,0.5145775501127249,0.25728877505636244,0.12712605248224776,0.005960771743631428,0.061496250172538076,0.08160667453951505,0.012821495943438186,0.0006134687054276644,0.0037421591031087525,0.06407680628191954,0.09703148628130608,65203,Virginia,Fauquier County
51063,3.0,0.0,0.17579684534328163,0.005551266444139014,0.11472550559591595,0.018325806662739707,0.0022907258328424634,6.544930950978467e-05,0.0013089861901956934,0.026965115518031286,0.11681602199096801,15279,Virginia,Floyd County
51065,0.7271807247674282,0.3635903623837141,0.1565528784399206,0.04950970378731852,0.0497763029854813,0.15328325094391032,0.005721848118017983,0.0003892413685726519,0.0019072827060059943,0.029582344011521544,0.1026635397610058,25691,Virginia,Fluvanna County
51067,1.2420271016221798,0.11691803628981998,0.1758756388112324,0.026211939315158743,0.16327658968286474,0.08146512580352214,0.004487259388521876,0.0002670987731263021,0.002670987731263021,0.025356576862123614,0.12356868890115566,56159,Virginia,Franklin County
51069,1.4667518038439435,0.5308090160270736,0.12711831939212057,0.012345204009961051,0.0633980461017815,0.040546580678117616,0.01237468871719558,0.0004341996041121257,0.002988314922418747,0.0659983398250431,0.09169091373475513,78305,Virginia,Frederick County
51071,0.0,0.0,0.18026148328126806,0.00787860696517413,0.1125753789193567,0.015098923984727525,0.003181765590651394,0.0,0.0012148559527941688,0.012090709244475297,0.116636815920398,17286,Virginia,Giles County
51073,0.3009387378588095,0.15046936892940474,0.14677953225893972,0.009994098974442454,0.08376509848608171,0.08673829290791688,0.007759509468772044,0.00040696727983070163,0.0037712301264311685,0.025367627109447066,0.10707580443865647,36858,Virginia,Gloucester County
51075,0.5888934935764608,0.0,0.14905373670396463,0.06469910208592347,0.056122346548786665,0.19247594050743658,0.010360547036883548,0.00018418750287792974,0.0024865312888520514,0.02095132845236451,0.11095114426486162,21717,Virginia,Goochland County
51077,1.0191849610506662,0.0,0.20981136934268976,0.011442451554754395,0.2043535054400309,0.020601300457091354,0.0010300650228545678,0.00019313719178523143,0.001995750981780725,0.02678169059421876,0.14311382218502544,15533,Virginia,Grayson County
51079,0.9938596967885671,0.49692984839428356,0.12742487637885128,0.007449850567842199,0.061356137586263106,0.06341357387382492,0.014019453349997282,0.00016301689941857305,0.0023365755583328804,0.042438732815301854,0.10407243384230833,18403,Virginia,Greene County
51081,0.0,0.0,0.12554112554112554,0.2880823327615781,0.1218429306542514,0.5979743526913338,0.002858776443682104,8.167932696234583e-05,0.0019603038470963,0.014130523564485829,0.15488801764273463,12243,Virginia,Greensville County
51083,2.253000745012555,0.28928561573908007,0.1936756712011258,0.020363218454236914,0.15418051378273226,0.36679451450015177,0.0036698766590325875,0.0001655583455202671,0.002842084931431252,0.016197124803399465,0.16123376838387463,36241,Virginia,Halifax County
51085,1.1563742326987974,0.5955158567237114,0.13121977108638835,0.019830969428116522,0.058397624745901884,0.0931676396663429,0.013528534091705636,0.0003905350329952034,0.0036850485164675604,0.021189028969688474,0.09379662137127866,99863,Virginia,Hanover County
51087,1.4297000993695734,0.9355954843859449,0.12355710492449541,0.008126945444475215,0.10116604167006042,0.2954013064655383,0.06532979295290534,0.00041376838744359556,0.0032971150243536907,0.0488735400003258,0.10011128740612833,306935,Virginia,Henrico County
51089,0.8173440933685435,0.40867204668427176,0.19678306956473565,0.010353042418422557,0.2028291259625861,0.21866632195157984,0.004376650477368839,7.386751860538124e-05,0.0017912873261804953,0.04699820871267382,0.15814374619120608,54151,Virginia,Henry County
51091,4.0,0.0,0.24946143903489876,0.0,0.123,0.0025850926324859974,0.0017233950883239983,0.0,0.002154243860404998,0.007755277897457992,0.135,2321,Virginia,Highland County
51093,0.7886022115111994,0.3943011057555997,0.14644173518571024,0.008797728948114545,0.10076549475474907,0.24700878933938192,0.007967110859087042,0.00042529061525375673,0.0035724411681315564,0.01865608165579813,0.12355945562801247,35270,Virginia,Isle of Wight County
51095,1.5651927353042128,0.8457669865241982,0.20698712113298215,0.016408485427330657,0.07745622229849722,0.13140025966661195,0.022474592965124086,0.0008207852676506141,0.0029399035950394723,0.04512826635228104,0.1050964646540017,67009,Virginia,James City County
51097,1.6764578833693304,0.0,0.1732181425485961,0.0,0.16441166306695462,0.2843772498200144,0.0024478041756659467,0.0,0.015982721382289417,0.026493880489560834,0.138029373650108,6945,Virginia,King and Queen County
51099,0.42206580732700133,0.21103290366350066,0.10163670284938942,0.012771654511533243,0.05792528833107191,0.17868046132971507,0.011618046132971505,0.0005088195386702849,0.005172998643147897,0.03349728629579376,0.09546209294436907,23584,Virginia,King George County
51101,0.42861625352996546,0.21430812676498273,0.12362723564480703,0.004505993096956385,0.10186683401317854,0.17690618136178224,0.007405083150298086,0.00018826482585503608,0.014496391590837779,0.020332601192343897,0.10907518042045812,15935,Virginia,King William County
51103,0.0,0.0,0.3120007023088403,0.01602609077341761,0.09200948116934421,0.2795189184443859,0.005706259327539286,0.0,0.0018435607058203845,0.01035905539460978,0.15934176103941708,11391,Virginia,Lancaster County
51105,0.0,0.0,0.16039395005276116,0.0666689334427639,0.24153734318208467,0.037010982139367654,0.00218861140422871,0.0003126587720326728,0.004025481689920663,0.015867432680658145,0.13823515847891507,25587,Virginia,Lee County
51107,1.2611996452231604,0.8643458882068721,0.06539997246316949,0.003752685961659766,0.038474674120822644,0.07271644429075051,0.14739568824465513,0.00058916009464985,0.002926588731032407,0.1235186946261555,0.07074468234985223,312309,Virginia,Loudoun County
51109,0.0,0.0,0.14466262480016892,0.006365224866527916,0.12499161463517633,0.17705788314782975,0.00482610925104817,0.00048261092510481704,0.003710071486743281,0.022984345308116914,0.12268542816638013,33153,Virginia,Louisa County
51111,0.0,0.0,0.1719838934489701,0.09318355273346755,0.17969831190955554,0.34745237726498374,0.0019358835372463993,0.0005420473904289918,0.0028651076351246707,0.03639461050023231,0.15715401889422334,12914,Virginia,Lunenburg County
51113,0.0,0.0,0.17508265704839193,0.014518364893297265,0.08369379320709348,0.09783588818755636,0.005560565073639916,0.00030057108506161706,0.0017282837391042981,0.017733694018635407,0.12220408776675683,13308,Virginia,Madison County
51115,0.0,0.0,0.25506794386277565,0.010466629538872799,0.1079803965248385,0.09166852305635999,0.003452884829583426,0.00022276676319893073,0.0023390510135887724,0.011583871686344397,0.13468623301403432,8978,Virginia,Mathews County
51117,1.2636355302960858,0.35264460537171144,0.20729061631069148,0.05315588352125157,0.1882792495493018,0.36819751275705076,0.0066611666208329515,0.00033611391206037826,0.002291685764048034,0.024627983010969537,0.16226595777187033,32727,Virginia,Mecklenburg County
51119,0.0,0.0,0.2518477963317821,0.0358575873711105,0.08455808011679898,0.18049092070444384,0.003376220458070992,0.0002737476047084588,0.0032849712565015056,0.01514736746053472,0.14509362168081028,10959,Virginia,Middlesex County
51121,1.2567908297313333,0.6990634799559284,0.0977625222476481,0.09787483155352149,0.22294368166793793,0.03936774302907026,0.05415713196033562,0.0003178235443681668,0.0021612001017035343,0.0268666836172557,0.07299114331723026,94392,Virginia,Montgomery County
51125,1.1376830892143808,0.0,0.19893475366178429,0.006771131824234355,0.1266949400798935,0.13095872170439415,0.004527296937416778,0.0002663115845539281,0.003195739014647137,0.03055925432756325,0.13049520639147802,15020,Virginia,Nelson County
51127,0.0,0.0,0.12078788865375224,0.029874816864724082,0.049054153779369475,0.13478756307992837,0.008790493244343155,0.00016278691193228064,0.010526886971620814,0.021162298551196484,0.10396223343643171,18429,Virginia,New Kent County
51131,0.0,0.0,0.22447332310920978,0.0263119864395835,0.1902586165146501,0.36548551134070545,0.006699491484381306,0.001049317943336831,0.002179352651545726,0.07054645249818388,0.16628815885059328,12389,Virginia,Northampton County
51133,1.2875912408759125,0.0,0.3011354420113544,0.0,0.14212919708029198,0.25328467153284673,0.0030008110300081105,0.00016220600162206002,0.0017031630170316302,0.030981346309813463,0.1533632603406326,12330,Virginia,Northumberland County
51135,1.855300587900626,0.0,0.17087047221695428,0.11526141981161894,0.2018111132182818,0.3931348378532145,0.0031607560528478414,0.0003160756052847841,0.0037296921423604526,0.03837157848157279,0.15247600986155888,15819,Virginia,Nottoway County
51137,1.6694841850601834,0.4395030017024581,0.1810877811295959,0.01794530629312147,0.08697679280786116,0.12711687225590634,0.007347450792987068,0.0005973537230070786,0.0028075624981332694,0.03401929452525313,0.12033111316866281,33481,Virginia,Orange County
51139,0.0,0.0,0.17669079111554778,0.008054816571000748,0.18321845104400633,0.019382746859662257,0.002953165294068713,0.00029115714166874635,0.0017469428500124782,0.015514516263206057,0.12314233424839863,24042,Virginia,Page County
51141,1.8272579772850188,0.0,0.2149269875608437,0.01098671714440238,0.18646187128177394,0.058680367766360195,0.0022714981070849107,0.0,0.002812330989724175,0.024012979989183343,0.13617836668469444,18490,Virginia,Patrick County
51143,1.0447359304632633,0.1338456208862155,0.171889270305168,0.013210754889301799,0.1547431266337039,0.22073504865681984,0.002850124397694706,0.00028343778540610337,0.0023777280886845336,0.02097439612005165,0.14379093314017571,63506,Virginia,Pittsylvania County
51145,0.535370462811096,0.0,0.1214789987877059,0.08537899878770591,0.052344398488197955,0.13627611780646082,0.0047065535192184265,0.00035655708478927474,0.0027454895528774156,0.017899165656421592,0.09835181487556158,28046,Virginia,Powhatan County
51147,1.5692399863060595,0.10266175967134543,0.13912187606983908,0.18481285946593634,0.17513184697021567,0.3319068812050668,0.008772680588839439,0.0006846970215679561,0.002952755905511811,0.02246662102019856,0.11631718589524136,23368,Virginia,Prince Edward County
51149,1.786703988803359,0.42452064380685794,0.10390482855143457,0.13357676976906926,0.11011322603219034,0.3199160251924423,0.015199440167949616,0.002967109867039888,0.0057942617214835545,0.05760671798460462,0.11071613715885234,35725,Virginia,Prince George County
51153,1.4872761827055587,0.9625847632598843,0.06771110591489594,0.006267627275486192,0.06759332291879146,0.20197909463136998,0.07541504768632992,0.0013059636519221298,0.005950219153138541,0.20263580778205084,0.08714793209984031,402002,Virginia,Prince William County
51155,0.4359944941500344,0.2179972470750172,0.17868203716448727,0.027518969373709564,0.1337904335856848,0.05038426244551503,0.005133058040835054,0.00020073411332874512,0.0018352833218628125,0.012388162422573986,0.12038148084423034,34872,Virginia,Pulaski County
51157,1.9046521090465212,0.0,0.19096704190967043,0.004730462498304625,0.08933256476332563,0.043537230435372304,0.0052895700528957,0.00040689000406890003,0.0024413400244134003,0.030923640309236403,0.1128255798182558,7373,Virginia,Rappahannock County
51159,0.0,0.0,0.1817592392478928,0.19363706505295006,0.1295722930624595,0.3030041063323968,0.004322455154527772,0.0002161227577263886,0.003674086881348606,0.055111303220229085,0.13948411497730712,9254,Virginia,Richmond County
51161,1.1889451805663809,0.7336645882047285,0.17225253312548713,0.02520014722438729,0.07411036416385208,0.050261972806789644,0.026695245518316445,0.00029228371005455964,0.0014830691954620249,0.021120204382090585,0.10969157573395688,92376,Virginia,Roanoke County
51163,3.0,0.0,0.20710987582373247,0.00785339131214417,0.13801062446765588,0.02662841260590846,0.004662213654906532,0.00013448693235307301,0.00475187160980858,0.013269377325503205,0.1269397498543058,22307,Virginia,Rockbridge County
51165,0.4964226747385801,0.18857614592342165,0.15677333123673245,0.019267323164819036,0.09413102445160783,0.016681080797756636,0.006027727546714889,0.00013103755536336714,0.002738684907094373,0.053410907566108445,0.10486474303535394,76314,Virginia,Rockingham County
51167,0.0,0.0,0.16403086825622037,0.015027694916427312,0.19605159705159705,0.008063120739177077,0.0018341004256497214,3.460566840848531e-05,0.001903311762466692,0.00951655881233346,0.13105934872132055,28897,Virginia,Russell County
51169,0.8560210553566036,0.1741813004271476,0.19717823704534668,0.028122781205505463,0.18630275704362084,0.005824740044009147,0.0015532640117357725,0.0005177546705785909,0.002243603572507227,0.010096216076282522,0.13193946584976488,23177,Virginia,Scott County
51171,0.4318815040602005,0.21594075203010024,0.1849832114876289,0.010159362274664826,0.10838708832424451,0.017479103660133832,0.00516752792132022,0.0001666944490748458,0.002405162765222775,0.06136737075226824,0.11818526897340033,41993,Virginia,Shenandoah County
51173,0.24298310978638848,0.12149155489319424,0.1815076999503229,0.024033112891207156,0.1923948397913562,0.01987083954297069,0.00254595131644312,9.314456035767511e-05,0.0013040238450074517,0.01636239443616493,0.12815797317436664,32208,Virginia,Smyth County
51175,1.28562197092084,0.0,0.15228863758750674,0.0843991383952612,0.09403080236941304,0.37242864835756595,0.0024771136241249327,0.00032310177705977385,0.003338718362950996,0.01093161012385568,0.1445624663435649,18570,Virginia,Southampton County
51177,1.1525936093204898,0.6384061700858681,0.09897301404446188,0.004282659705711741,0.079808532888878,0.15254458851115632,0.023080631061218822,0.0011683292891165632,0.0032435435509040253,0.07580251149946486,0.09668293340523053,122397,Virginia,Spotsylvania County
51179,1.3479346469087554,0.7490171447181706,0.0733865277099278,0.027865557028869194,0.052485138917967446,0.16967145105884726,0.028070501934693435,0.0012717022975938463,0.004466466606183265,0.09208210234101782,0.08033766022285807,128961,Virginia,Stafford County
51181,3.0,0.0,0.1588268631340323,0.0,0.13413318220459053,0.4610371209974497,0.003400396712949844,0.0002833663927458203,0.0029753471238311135,0.012184754888070274,0.1566197223009351,7058,Virginia,Surry County
51183,1.8513278729213205,0.0,0.14494911888806156,0.21450983701497472,0.15045271779597916,0.5810374782824522,0.003971208736659221,0.0,0.0019028708529825432,0.022172582113013983,0.14806213287002565,12087,Virginia,Sussex County
51185,0.565242468609965,0.2826212343049825,0.17207950663294733,0.03648828918763033,0.15959614446071255,0.029570965881361197,0.006411109632193088,0.0001331026221216558,0.00126447491015573,0.006566396024668353,0.12565728293180708,45078,Virginia,Tazewell County
51187,0.7630073186959414,0.3815036593479707,0.12721224218230207,0.0192955502328676,0.10473163007318696,0.046200931470392545,0.009580838323353293,0.0002661343978709248,0.0034597471723220225,0.03507651363938789,0.10243659347970727,37575,Virginia,Warren County
51191,0.3437203877833661,0.17186019389168306,0.17745462497266565,0.029645017858444492,0.1511771812814345,0.012573802755302864,0.0036992492164151904,0.00029156644070267514,0.0018040673518478023,0.01319338144179605,0.11651508856330638,54876,Virginia,Washington County
51193,0.0,0.0,0.20883465108284635,0.004012134754211069,0.11938930904090753,0.28022229861349834,0.005672052251632863,0.0002864672854360032,0.0041824223673656465,0.057408044001375044,0.14657453878767043,17454,Virginia,Westmoreland County
51195,0.715236900511435,0.3576184502557175,0.14148895107594325,0.07553695599729807,0.2189896989288816,0.05155360416867703,0.0034015246550226767,4.824857666698833e-05,0.0012785872816751906,0.01136253980507575,0.12858853613818394,41452,Virginia,Wise County
51197,0.4633487258423123,0.23167436292115615,0.17827945955190697,0.008887867282367028,0.15708773730118009,0.02798016076620489,0.004378313665127416,0.00013682230203523174,0.0014024285958611255,0.009577561142466221,0.12200051308363263,29235,Virginia,Wythe County
51199,1.6440639129903458,0.8665678846388855,0.12119638274471466,0.009898460222412317,0.04680682512525969,0.13367652450201636,0.04895820603690578,0.001512281559330319,0.0038341683978980814,0.04417695221801295,0.0895763320298179,65464,Virginia,York County
51510,0.36651758284154723,1.0,0.09149364845748253,0.013054348198848292,0.10561229870111312,0.2178457625423317,0.0602432019204664,0.0010073875083948958,0.0042081648400325794,0.16092479602189103,0.07817282054213166,139966,Virginia,Alexandria city
51520,1.783964115503224,1.0,0.18957106812447436,0.024187569386038686,0.2269703392206336,0.056574151948416036,0.006840482197925428,0.00022427810485001402,0.0029156153630501822,0.012391365292963275,0.131801850294365,17835,Virginia,Bristol city
51530,2.0,1.0,0.1606015037593985,0.0602,0.201,0.05218045112781955,0.004360902255639097,0.0018045112781954887,0.010977443609022556,0.015488721804511277,0.132,6650,Virginia,Buena Vista city
51540,1.1710178263369753,1.0,0.09239792984473835,0.05608192524439332,0.2719690396779758,0.19406555491661875,0.06373778033352502,0.00039102932719953996,0.002668200115008626,0.0511328349626222,0.07685488211615871,43475,Virginia,Charlottesville city
51550,1.4255858223564302,0.8827680246974695,0.10416319771026376,0.016742780445436502,0.09021541431715187,0.2980842360120427,0.028725209149944423,0.0007605452524425203,0.003919733224126836,0.0436795989361367,0.10616592937279769,222209,Virginia,Chesapeake city
51570,1.4273160645568894,1.0,0.19631267589454943,0.009819223479409568,0.1341312963069324,0.10240652461087818,0.03319740394003791,0.00045947963930848316,0.0039055769341221065,0.0387111596117397,0.1178623284130722,17411,Virginia,Colonial Heights city
51580,1.5197114578090924,1.0,0.1872169099144439,0.014564569703069956,0.1487990270088911,0.12514678745176983,0.005703740983056534,0.0,0.003019627579265224,0.015433652071800034,0.13135480624056367,5961,Virginia,Covington city
51590,1.1360183959305972,1.0,0.19078809839035607,0.03444097972266741,0.2199798620305205,0.48300931410122405,0.00936055559426753,0.00025549903607181845,0.001742038882307853,0.02891784544631036,0.17558432629549625,43053,Virginia,Danville city
51595,1.0,1.0,0.16905685844440696,0.041490197401720934,0.29212400877340977,0.6252741690568584,0.007254935043023452,0.0006748776784207862,0.003205668972498735,0.044204487936561496,0.1920578707609246,5927,Virginia,Emporia city
51600,1.0469754043873256,1.0,0.1368491025925105,0.023085947263461113,0.08701320629293154,0.04746288499889209,0.15209395080877466,0.0006204298692665633,0.00491912253489918,0.15758918679370706,0.08928411256370485,22565,Virginia,Fairfax city
51610,0.6758838793383068,1.0,0.10484917288355498,0.0034152205643853384,0.026737593253324685,0.043139798897178075,0.09422640285436264,0.0003243593902043464,0.0026759649691858577,0.08992864093415505,0.07293529030165423,12332,Virginia,Falls Church city
51620,2.0,1.0,0.17245397343276625,0.015016756000932186,0.17249988347704498,0.5690981123281287,0.0074574691214169195,0.00023304591004427873,0.0032626427406199023,0.01642973665812165,0.16531158238172922,8582,Virginia,Franklin city
51630,1.2610969282714322,1.0,0.09935765461582804,0.10689468829778473,0.17604784649592356,0.22638557193444783,0.0283702544675945,0.000699991764802767,0.004117598616486865,0.10734579593181257,0.08661698097669439,24286,Virginia,Fredericksburg city
51640,1.0,1.0,0.20207327463788696,0.053510536779324054,0.2573886679920477,0.062340244248792955,0.0052541891508094294,0.001136040897472309,0.0009940357852882703,0.1404430559500142,0.15408846918489064,7042,Virginia,Galax city
51650,1.5004074623824908,1.0,0.12264617712971856,0.03241321633342065,0.16760927995576122,0.49553246602054773,0.021770133007363426,0.0011205215518495881,0.004322011699991269,0.04541022730580052,0.12419167467039204,137436,Virginia,Hampton city
51660,1.1119107004129698,1.0,0.08245083207261725,0.15502854601954452,0.2783739829087787,0.06362186695015742,0.03512286870834526,0.001267530768287198,0.0025963936705237765,0.1567036022406673,0.07033562988101566,48914,Virginia,Harrisonburg city
51670,1.6518525076357842,1.0,0.1486875304324731,0.01050236377318401,0.21019875171528488,0.3703687309105396,0.008012040192997212,0.0010623699703421717,0.0038510911424903724,0.06551281483776725,0.14896095790358993,22591,Virginia,Hopewell city
51678,1.0,1.0,0.1529395058222096,0.36450000000000005,0.21600000000000003,0.09656347628514626,0.022010792388525987,0.0005680204487361545,0.001136040897472309,0.038483385401874466,0.08199999999999999,7042,Virginia,Lexington city
51680,1.5776916154986238,1.0,0.13968875714588186,0.1349519412979039,0.21534703842896466,0.2929811560448867,0.024719457971628202,0.0004896252381960619,0.0031362481473639634,0.03043616345543087,0.1073648105017997,75568,Virginia,Lynchburg city
51683,1.3298432087993444,1.0,0.06892995954628381,0.0012194600883107267,0.08664612252452342,0.1371724703207213,0.04981359562148013,0.0013748975436926574,0.006054837259723434,0.31400544670950004,0.09257436344887761,37821,Virginia,Manassas city
51685,2.0,1.0,0.05647025853009178,0.0003935752820009809,0.0970039935542633,0.12975548237931758,0.08974987739087788,0.0014012471099278357,0.00392349190779794,0.3254396412807399,0.08719274153997057,14273,Virginia,Manassas Park city
51690,1.6564647999421171,1.0,0.19166485782504883,0.027293582229939946,0.26084024310831344,0.4495333188626004,0.009333622747992185,7.235366471311772e-05,0.0019535489472541786,0.03993922292164098,0.16806794009116563,13821,Virginia,Martinsville city
51700,1.3693302862454972,1.0,0.10634742334784943,0.041497324022377276,0.15844824838561525,0.4067862261300693,0.027423790525622653,0.0017430375334082193,0.004708968066445697,0.0751996192984689,0.11469721501336329,180719,Virginia,Newport News city
51710,1.235315922354889,1.0,0.09387677771965881,0.13501243302017735,0.1907336375655383,0.4311008785116785,0.03294521760977277,0.001630992145701965,0.004942400441521106,0.06649176060659728,0.10273001313854785,242797,Virginia,Norfolk city
51720,2.0,1.0,0.14653865588681153,0.0172,0.294,0.06316321374431531,0.01414855987872663,0.0,0.0012632642748863063,0.017180394138453764,0.127,3958,Virginia,Norton city
51730,1.6615977791486736,0.884176434299815,0.14972239358420728,0.032633152375077114,0.26058121529919803,0.7910549043800124,0.00823565700185071,0.0005860579888957434,0.0029919802590993214,0.037507711289327575,0.18114765576804442,32420,Virginia,Petersburg city
51735,2.0,1.0,0.1556378600823045,0.004177786008230453,0.045183045267489716,0.006419753086419753,0.02139917695473251,0.0002469135802469136,0.0031275720164609055,0.018189300411522634,0.09553555555555555,12150,Virginia,Poquoson city
51740,1.2962265138430942,1.0,0.1320877165436751,0.03574806092008164,0.1679903176846182,0.5325587481027896,0.010666247971947453,0.001172345213795991,0.004406761919715288,0.030554247134558014,0.1379414455435181,95535,Virginia,Portsmouth city
51750,2.0,1.0,0.08422720624085812,0.1615971721111653,0.375442710872745,0.07794978059483179,0.015602145294978059,0.0003047294002925402,0.0020112140419307656,0.023464163822525596,0.0716267674305217,16408,Virginia,Radford city
51760,1.2139569275367996,1.0,0.11076126024660406,0.06231141351719274,0.2524352541941297,0.5060475775412068,0.02325991362002605,0.0007736981793608665,0.0034522608636038663,0.06269403664783021,0.12763061788124222,204214,Virginia,Richmond city
51770,1.5760264654959188,1.0,0.14259213455354935,0.021915381523621075,0.20700421510429548,0.2845659163987138,0.0175612169181301,0.0005462115590732954,0.0028753400939896118,0.055084920438618186,0.13395772528650343,97032,Virginia,Roanoke city
51775,1.5564067413918232,1.0,0.17095395532618338,0.06925828562212726,0.09034868155793888,0.07108297717925974,0.01620837029271833,0.00024191597451818402,0.002499798403354568,0.024231916780904767,0.10232041770824934,24802,Virginia,Salem city
51790,0.6559841657542322,0.7003705887307335,0.19750694853870127,0.04989871136191359,0.13519704371262528,0.12149414638254864,0.007790785816558578,0.0002947864903562705,0.002021393076728712,0.02160363850753811,0.1122374294618041,23746,Virginia,Staunton city
51800,1.2938109593899627,0.7160252999940888,0.11499674883253531,0.0133346822722705,0.11089641189336172,0.42702606845185315,0.015960276644795178,0.0006384110657918071,0.00316841047467045,0.028551161553466927,0.12075837323402494,84585,Virginia,Suffolk city
51810,1.2671200975355827,0.9818399338803728,0.10601743402877666,0.021124816549998402,0.0757593802654831,0.1962013178262716,0.06111727557911752,0.0015000205482266881,0.0038470846632602273,0.06618127188956927,0.0867430398589935,437994,Virginia,Virginia Beach city
51820,1.4126916119204036,1.0,0.16980862610682662,0.00915248500428449,0.17419794344473008,0.106112539274493,0.00733123869370656,0.00023802723031514806,0.0027611158716557174,0.06364848138627059,0.11973864610111397,21006,Virginia,Waynesboro city
51830,1.4866363377878875,1.0,0.13356553881148706,0.29647460904179695,0.22865723628092124,0.13989195336934887,0.0574353141882286,0.00035541654819448395,0.002701165766278078,0.06688939437020187,0.07528319590560135,14068,Virginia,Williamsburg city
51840,1.5526084799450444,1.0,0.14028927985345188,0.03725507003014922,0.1509766820593062,0.10930046177918559,0.023317940693813686,0.0001526542762279128,0.0035492119222989733,0.15421898255924893,0.10540812120749532,26203,Virginia,Winchester city
53001,1.425192225544639,0.7765378043571124,0.10225331055104656,0.008653668304143528,0.2508706749252457,0.005820162323793251,0.006674498077744554,0.00021358393848782572,0.019008970525416488,0.5926420333190944,0.1266216360529688,18728,Washington,Adams County
53003,1.6081487305184294,0.8009526892660593,0.19294269990288118,0.008051079868658374,0.12943777459186975,0.0042547287610414835,0.005410905054802757,0.0016648938630162327,0.013966609628636174,0.029736854275539935,0.11126855662951488,21623,Washington,Asotin County
53005,1.3564325348800037,0.8558445413650584,0.11751307286552645,0.00813822985408627,0.13411175872856393,0.012678966958189665,0.02677368529216998,0.0014442947503025597,0.008985454296348732,0.18665083460827073,0.09337898750941931,175172,Washington,Benton County
53007,1.2779042965784715,0.5571197880004969,0.15423791975487558,0.01279642664900004,0.11618854981850305,0.003257284032407216,0.008115605979048486,0.0013802050984776338,0.009661435689343436,0.25827778007811963,0.1025169558196348,72453,Washington,Chelan County
53009,1.42653072656994,0.6721752282785278,0.24072881071088453,0.02658812391462663,0.15952373816592907,0.008346871323735365,0.01410285138087502,0.0013164528597837655,0.05083748809590499,0.050795473642933166,0.11477218363116912,71404,Washington,Clallam County
53011,1.182886146655915,0.8273592202424752,0.11451395631495923,0.007547282438764067,0.09408120593469577,0.01980896316792951,0.041150734784172575,0.006366327113547723,0.008519781927436096,0.07562011740560415,0.08862490155467213,425363,Washington,Clark County
53013,2.0,1.0,0.22976949485041687,0.0184,0.11599999999999999,0.0029426189308484553,0.005640019617459539,0.0034330554193231977,0.014222658165767533,0.0622854340362923,0.125,4078,Washington,Columbia County
53015,1.0280246069719754,0.6546431012596426,0.1543306317742408,0.011775916414412656,0.1630234254467337,0.006268919050873938,0.014647007128210135,0.0022654037691631677,0.015330534127526609,0.07787325456498388,0.10699868176935846,102410,Washington,Cowlitz County
53017,2.0288569123884366,0.7730217792927585,0.14163045458093726,0.004956805703728761,0.13390778277952695,0.003330644531758216,0.007363846894434181,0.0013530743410267753,0.01053836746376623,0.2865655330332284,0.10830712185475269,38431,Washington,Douglas County
53019,1.9872864521255462,0.0,0.18911402463249902,0.033367977751291224,0.1909610647596345,0.0034432525493312146,0.006886505098662429,0.001059462322871143,0.1667328830618461,0.033637928751158785,0.13996543504171635,7551,Washington,Ferry County
53021,1.4798434041682125,0.780970535931323,0.07287335440041963,0.023612349833041203,0.16680350037741642,0.018845233678338857,0.018346276371173063,0.0013689341504292312,0.006793495643718895,0.5118022593810371,0.09973731816844288,78163,Washington,Franklin County
53023,0.0,0.0,0.22330097087378642,0.0159,0.11599999999999999,0.0,0.017210944395410415,0.0,0.00264783759929391,0.040158870255957636,0.114,2266,Washington,Garfield County
53025,1.8075179533213646,0.5343918312387792,0.1181665170556553,0.01396852670556553,0.1462582921903052,0.011108617594254936,0.009088868940754039,0.0007966786355475763,0.012208258527827648,0.3833370736086176,0.1167963195691203,89120,Washington,Grant County
53027,0.9097078176298474,0.3934365427146723,0.16276769647100842,0.0375179348050057,0.16053950025413136,0.01103067434097559,0.014176408368476723,0.002500103026223608,0.0456749591329313,0.08615739659601357,0.11611672184293309,72797,Washington,Grays Harbor County
53029,0.4370748732580949,0.3015056174050391,0.18392224798104603,0.01867371920617532,0.09074618500496777,0.02185820192087229,0.043818306881002723,0.004967773163834612,0.008381524978982499,0.05470919420171707,0.09189544748172114,78506,Washington,Island County
53031,1.0916577396893412,0.31196438136047133,0.26252008569898233,0.02113298741296197,0.1344270554365292,0.008235136582753079,0.015532940546331012,0.0021089983931440815,0.022797268344938403,0.028387787895018748,0.11493311462238885,29872,Washington,Jefferson County
53033,1.1666983387434764,0.9449931106760444,0.10908950632466347,0.01922749961294478,0.09806481867433978,0.06203291237950156,0.1460583280560922,0.007500845307881065,0.008360910478141349,0.089257263045832,0.07405102397464025,1931249,Washington,King County
53035,1.3982391800360765,0.7990785758940482,0.1325831332401556,0.03473346433961288,0.09960237802280067,0.026479992673205034,0.04936029912436836,0.009198313244376486,0.01608709329319524,0.062460927078480326,0.0852547733671003,251133,Washington,Kitsap County
53037,1.661982158132714,0.5065135036050348,0.1273860442380545,0.05907375290235854,0.2017248441891727,0.008896492728828058,0.01979714041305145,0.0013931321031406575,0.009629720151533667,0.07628009287547355,0.08032386655260906,40915,Washington,Kittitas County
53039,1.2292056304754404,0.0,0.17841322964858747,0.009759267644453194,0.14922536666994785,0.002460872133083965,0.006250615218033271,0.0009351314105719067,0.023673589920267742,0.10685106801850576,0.117207303868491,20318,Washington,Klickitat County
53041,1.2289709098137962,0.31425352859320127,0.17329534159432775,0.01246585382015771,0.14382209263799617,0.005367437545556955,0.008799946988271155,0.0015505930687164536,0.014220396262673116,0.0865018885428401,0.1125813928831754,75455,Washington,Lewis County
53043,2.7889309366130557,0.0,0.20785241248817407,0.00890105014191107,0.12828864711447494,0.0026490066225165563,0.003878902554399243,0.0004730368968779565,0.016367076631977295,0.02261116367076632,0.11598751182592243,10570,Washington,Lincoln County
53045,0.8176246725646221,0.2634475032537604,0.18306726634705678,0.0384256412790985,0.14938407552018979,0.010856851018962421,0.012043032010412033,0.003739765070264749,0.036886933886884465,0.07980362114697112,0.11168895698446432,60699,Washington,Mason County
53047,0.859727626459144,0.16327821011673152,0.17193579766536965,0.015550702821011671,0.20829664396887157,0.0038667315175097278,0.005763618677042802,0.0007538910505836576,0.11369163424124513,0.17575389105058364,0.12892563229571985,41120,Washington,Okanogan County
53049,0.789244741873805,0.11347992351816444,0.24775334608030591,0.013962538240917784,0.1741684512428298,0.0037762906309751435,0.02041108986615679,0.0007170172084130019,0.023087954110898663,0.08016252390057362,0.13230621414913957,20920,Washington,Pacific County
53051,1.2301361433735867,0.0,0.19113914314283517,0.0075493577417121765,0.15343727405584184,0.003999692331359126,0.005614952695946466,0.0012306745634951158,0.03753557418660103,0.030074609645411893,0.12425136527959388,13001,Washington,Pend Oreille County
53053,1.47910591342073,0.9086095130309032,0.11039014115501902,0.022567276305448147,0.11364549655757805,0.0679027948065013,0.05973278003080889,0.013314470747272784,0.013680404916847433,0.0916080354616618,0.09631139488823919,795225,Washington,Pierce County
53055,0.0,0.0,0.23191071088845203,0.011859972097152642,0.11337649819265647,0.0034244403576637705,0.011478216754391528,0.0009512334326843807,0.007039127401864418,0.05434713678736762,0.09978324560847232,15769,Washington,San Juan County
53057,1.3429654151803663,0.6731336772140529,0.161469961762517,0.013891143788333718,0.12785601491860635,0.006620986988990684,0.01779283325206799,0.0019332597668112335,0.021522484837597625,0.1685956493101,0.0991919401887067,116901,Washington,Skagit County
53059,0.03542382071209109,0.0,0.14422555575637086,0.0022523043556840774,0.13587113681547083,0.004156876920296404,0.00867522139887945,0.0009940357852882703,0.015633471895897342,0.049972889933128505,0.10157636002168806,11066,Washington,Skamania County
53061,1.2860619484533915,0.8560984670596564,0.1030988245354567,0.014574989170586049,0.08227324468868064,0.02546909937126315,0.08885726902507238,0.004394849544744055,0.013728472597026642,0.09006848114840853,0.08205965780453783,713335,Washington,Snohomish County
53063,1.1271653852438666,0.8179601503328586,0.12938515049201968,0.031177029461759983,0.15049688574999842,0.017096012274495406,0.021130212787630432,0.004036322659643776,0.015481058781336146,0.04511683477603927,0.08801533675281875,471221,Washington,Spokane County
53065,1.8758356114033676,0.2918839447749879,0.17265856516046035,0.00610139440858239,0.1565527784797041,0.0033309595460706163,0.005444395947715421,0.0015621051664331167,0.05543176127357515,0.027221979738577106,0.11435765316670879,43531,Washington,Stevens County
53067,1.2538570703707228,0.7315471093774776,0.12987980845463482,0.0167317889195446,0.1107874924682079,0.02676561063013351,0.051679986046364125,0.007773602257951987,0.013933815368027146,0.07050946627342784,0.08579947198173342,252264,Washington,Thurston County
53069,3.0,0.0,0.2551533433886375,0.0121,0.078,0.002513826043237808,0.0057817998994469585,0.0015082956259426848,0.013071895424836602,0.027149321266968326,0.125,3978,Washington,Wahkiakum County
53071,1.73967778704003,0.8281077218829214,0.149333968459196,0.07636938636634287,0.13846213912658853,0.018356271584355488,0.012895323318759463,0.002841054082101359,0.010258416835371974,0.19722359265749137,0.09356710501692724,58781,Washington,Walla Walla County
53073,1.067649398428955,0.5978074972655861,0.13244506314010143,0.02837067216863876,0.15616569056378643,0.009590335089987074,0.03524908024261708,0.0024460574724072784,0.02825395247091578,0.07833349905538431,0.0848598488614895,201140,Washington,Whatcom County
53075,2.038815436841165,0.7910711095229588,0.09507325352867607,0.13285358227621938,0.3116658477755941,0.016705377881007684,0.07754154011077363,0.0023003394675719137,0.006878685009826693,0.04556012149365732,0.06387995801322137,44776,Washington,Whitman County
53077,1.0451546061151744,0.6757280116432527,0.11561848613046857,0.014325744662481345,0.18319283315037968,0.009538257870090572,0.010524974201479253,0.0008387088816803779,0.043448409125481535,0.45006598665466163,0.1203747343060712,243231,Washington,Yakima County
54001,0.4296823196093797,0.21484115980468985,0.16643558984869491,0.028279293507746096,0.232031707758153,0.007474832720477425,0.002049550907227681,0.0001808427271083248,0.005786967267466393,0.005786967267466393,0.1428953523419133,16589,West Virginia,Barbour County
54003,1.1451583484529946,0.6379633096218644,0.11383425011279748,0.008735911835574883,0.12838639134483387,0.07134560185851838,0.00842861119910914,0.0003647918286630379,0.0027455384999376014,0.0380247482456393,0.12047075425510467,104169,West Virginia,Berkeley County
54005,0.24873117057127775,0.0,0.14166226805798043,0.005329838807909375,0.2409472979008486,0.0049535100897316175,0.000852653376101344,4.0602541719111614e-05,0.0014210889601689067,0.003938446546753827,0.1510017053067522,24629,West Virginia,Boone County
54007,2.0448254492873374,0.0,0.17530813192866487,0.0230838463127453,0.2177950836604007,0.004062521517592784,0.0017214074227088066,0.0002065688907250568,0.0028919644701507954,0.004613371892859602,0.1537789712869242,14523,West Virginia,Braxton County
54009,0.6498815904275209,0.32494079521376046,0.19120029913997258,0.0362105945406955,0.13403224064148905,0.011674768374257344,0.003946985749304084,0.0001246416552411816,0.0008724915866882712,0.006772196601437534,0.1337591092276372,24069,West Virginia,Brooke County
54011,0.8315908595396547,0.6639811459836584,0.15951162283661582,0.040869062178801686,0.23777615008461467,0.04966828974553307,0.009759237533612268,0.00025955418972373054,0.0022840768695688287,0.010859747298040885,0.1295636894070744,96319,West Virginia,Cabell County
54013,1.6221318998295529,0.0,0.181591713648879,0.0028935230103579387,0.18725055723089024,0.0020978104103841614,0.0015733578077881212,0.0003933394519470303,0.002753376163629212,0.007473449586993575,0.1587327913989773,7627,West Virginia,Calhoun County
54015,1.87012571915619,0.0,0.1568293202642233,0.007900735137438738,0.2816360536969955,0.0006392499467291711,0.0007457916045173663,0.00021308331557639036,0.0020242914979757085,0.003515874707010441,0.15874877477093544,9386,West Virginia,Clay County
54017,0.0,0.0,0.162033650329188,0.08806320409656182,0.15746744696415507,0.013533284564740308,0.001706900755913192,0.000121921482565228,0.002926115581565472,0.004754937820043892,0.1404996342355523,8202,West Virginia,Doddridge County
54019,0.5188644410173983,0.2920132930776081,0.16946501878841852,0.03997004278980864,0.19833124090445056,0.04609135732748322,0.001976585069180477,0.00010860357522969656,0.0019983057842264166,0.008731727448467603,0.158095028128326,46039,West Virginia,Fayette County
54021,2.0,1.0,0.13723685724145865,0.25757757966179684,0.17343667318532152,0.12343264695732198,0.004141263085240998,0.0012653859427125273,0.004831473599447832,0.05671229725066145,0.12223133555734499,8693,West Virginia,Gilmer County
54023,0.865544106559437,0.0,0.18337940856161514,0.010550917315908518,0.12370478344642707,0.006701851386445506,0.0015916897042808076,0.00025131942699170643,0.0015079165619502387,0.010052777079668259,0.15061087375387452,11937,West Virginia,Grant County
54025,1.8781567080045096,0.32322435174746333,0.192728297632469,0.01737649661781285,0.18283850056369785,0.027649379932356256,0.004002254791431793,0.00022547914317925591,0.003156708004509583,0.01189402480270575,0.1503933483652762,35480,West Virginia,Greenbrier County
54027,1.3604156234351528,0.0,0.16266065765314638,0.021198810716074115,0.19968289934902353,0.010015022533800702,0.002128192288432649,0.0006259389083625439,0.002086463027875146,0.010098481054915707,0.13889359038557839,23964,West Virginia,Hampshire County
54029,1.6483244230016951,0.8791889424957622,0.1875733472421437,0.007382468379188942,0.1293653018646499,0.02321032729169383,0.0028360933628895552,0.0002607901942886947,0.0012713521971573869,0.010236015125831268,0.14576841830747161,30676,West Virginia,Hancock County
54031,1.9689839572192513,0.0,0.16606060606060605,0.004124064171122995,0.10945739750445632,0.025240641711229948,0.010124777183600712,7.130124777183601e-05,0.001711229946524064,0.03408199643493761,0.13967201426024956,14025,West Virginia,Hardy County
54033,0.7756696913124648,0.5173591513625379,0.16509645580978016,0.01280873384564176,0.15625845525984458,0.016223100189583062,0.004732340554856076,0.0002315518314302667,0.001968190567157267,0.012778766697057844,0.13476604581831866,69099,West Virginia,Harrison County
54035,1.4824210057854919,0.3204957036732738,0.1768169525178871,0.006162034849885316,0.15427410906850159,0.0029098627229468352,0.002704460648385882,0.0003081031118414296,0.0016432165964876246,0.006333230632296053,0.14257204477765226,29211,West Virginia,Jackson County
54037,0.7748140117387566,0.46476503794534374,0.11802310366742683,0.025999233616209955,0.09857454484279786,0.06587162136902314,0.011551833713409848,0.0006168454895510113,0.002467381958204045,0.04652510374219597,0.11178554338479943,53498,West Virginia,Jefferson County
54039,1.0246914219710663,0.6379264799573197,0.16738059597126326,0.01638172410042318,0.17287258045301274,0.07311084982622253,0.01035931276319129,0.00021236591164542146,0.0021236591164542143,0.009385537363451308,0.13935078704878717,193063,West Virginia,Kanawha County
54041,0.3839482042511605,0.19197410212558025,0.17884192523821157,0.015157347911067678,0.20978493769850964,0.004519912044954801,0.003359394087466406,6.10798924993892e-05,0.0020156364524798434,0.006352308819936477,0.1508901172733936,16372,West Virginia,Lewis County
54043,0.8866022099447514,0.0,0.15124309392265192,0.0030006998158379375,0.24229884898710866,0.0008287292817679558,0.0011049723756906078,0.0,0.0009668508287292818,0.004419889502762431,0.15191081952117866,21720,West Virginia,Lincoln County
54045,0.21342840813216124,0.10671420406608062,0.15172958114470783,0.012630890237596277,0.2326327191573905,0.021446261873009825,0.0027488229050431374,0.0,0.0008981302561032033,0.007021745638625045,0.1671852325613042,36743,West Virginia,Logan County
54047,0.0,0.0,0.1654230543119432,0.021313806358250805,0.3317744313299869,0.09528331750553973,0.000678334011667345,0.0,0.0015375570931126486,0.00411522633744856,0.1969044453488898,22113,West Virginia,McDowell County
54049,0.799992910064164,0.5451983409550144,0.16911269453011452,0.02375894927150909,0.17699427487681238,0.032932751958594776,0.0049984047644368815,0.00010634903754121025,0.0018965578361515828,0.009110567549363678,0.13397273919671027,56418,West Virginia,Marion County
54051,0.2936539100492343,0.2108315461986891,0.17561240825203128,0.013505044250460627,0.151433805539614,0.0053463013864137494,0.0035944060168544415,6.0410185157217506e-05,0.0014196393511946115,0.00800434953333132,0.14183930890748178,33107,West Virginia,Marshall County
54053,1.1551383399209487,0.17182696530522618,0.1703264529351486,0.023238116673986238,0.17723085931781585,0.006258234519104084,0.0032938076416337285,0.0004391743522178305,0.0015005123700775876,0.004355145659493485,0.14812871468306252,27324,West Virginia,Mason County
54055,1.1032378260310933,0.5975362970576898,0.18008801233457536,0.01908567229859951,0.19877550430425286,0.06088590517795195,0.005219709623538482,3.212128999100604e-05,0.002264550944365926,0.0077091095978414495,0.15425742001798792,62264,West Virginia,Mercer County
54057,0.5589819934779526,0.2794909967389763,0.17343683538919608,0.0229018963561605,0.14605331064795124,0.027718701261874378,0.0038990500496242733,3.544590954203885e-05,0.0014532822912235927,0.0071600737274918475,0.13532372749184746,28212,West Virginia,Mineral County
54059,0.29300644584373486,0.14650322292186743,0.13499012630872984,0.0031644696151123365,0.28961857744327285,0.017623607436938783,0.0016021461306307985,3.7259212340251126e-05,0.0006706658221245202,0.004433846268489884,0.15995763627556914,26839,West Virginia,Mingo County
54061,1.1028392019877533,0.7057251868716797,0.10215305284388028,0.07550529686346673,0.2347866492010521,0.03634511222696982,0.030575221698946865,0.0004990175591803636,0.0015074488766906818,0.01759036896110782,0.08886977720945223,96189,West Virginia,Monongalia County
54063,1.6953043993482446,0.0,0.19634128277292254,0.0042115094060139234,0.1647549251962672,0.006739742260405866,0.0011109465264405273,0.00022218930528810547,0.001999703747592949,0.006147237446304251,0.1507396681973041,13502,West Virginia,Monroe County
54065,1.3027193432529502,0.0,0.18334188472721052,0.007028504646257341,0.0832345932386979,0.005529901373923949,0.0028504646257339946,0.00022803717005871957,0.003135511088307394,0.01043270053018642,0.14231634456416398,17541,West Virginia,Morgan County
54067,0.9551328479396181,0.0,0.17066290550070523,0.006174444402088972,0.18562741585026493,0.001639156787252697,0.0026302748446613046,0.0002668394769946251,0.0020203560401021612,0.0055655090916021804,0.14843471962794952,26233,West Virginia,Nicholas County
54069,1.0912404653151226,0.7248385572531107,0.18479850595144343,0.058898355196543885,0.13893126026595864,0.036811196363881825,0.008325270571293567,0.00018000585019013117,0.0013950453389735167,0.008145264721103437,0.12793684044731454,44443,West Virginia,Ohio County
54071,3.0,0.0,0.2184535412605588,0.02546040285899935,0.16174372969460687,0.01949317738791423,0.002599090318388564,0.0001299545159194282,0.0023391812865497076,0.009226770630279402,0.15911812865497077,7695,West Virginia,Pendleton County
54073,0.0,0.0,0.16147271531886917,0.08190424720578567,0.15391834319526626,0.013149243918474688,0.001051939513477975,0.0,0.0015779092702169625,0.00802103879026956,0.13500000000000004,7605,West Virginia,Pleasants County
54075,3.142447528386283,0.0,0.1931414152999197,0.036478495240279844,0.16720828076614289,0.006881523110448446,0.00045876820736322975,0.00011469205184080744,0.0021791489849753414,0.007799059525174905,0.1569864663378828,8719,West Virginia,Pocahontas County
54077,1.8566229116945108,0.12452267303102625,0.15683174224343677,0.07094384844868735,0.16257043556085918,0.010769689737470167,0.001431980906921241,0.0002983293556085919,0.0018794749403341288,0.006831742243436754,0.13387959427207638,33520,West Virginia,Preston County
54079,0.777673647406553,0.3888368237032765,0.14376599502577228,0.004050601953645964,0.09338114118876834,0.00883105648271636,0.007389251342681037,0.00043254154201059726,0.0021807302743034277,0.00872292109721371,0.11660964928089969,55486,West Virginia,Putnam County
54081,1.3534663132933464,0.6392548726207535,0.1605523782954387,0.04891487211351906,0.17297461291672478,0.0820198075045334,0.009104858037763603,0.0002916597978670792,0.002460086990704929,0.012630137333722213,0.1501355584017043,78859,West Virginia,Raleigh County
54083,0.9032817548036048,0.1263730658051352,0.17840503315762626,0.07730648869239926,0.19255578983166127,0.011698690698860738,0.0034007821799013774,0.0,0.0022445162387349092,0.0065295017854106446,0.14427328685597687,29405,West Virginia,Randolph County
54085,0.9354005167958657,0.0,0.17197817973011773,0.010154780361757106,0.17026117331802085,0.0019140587616039812,0.0009570293808019906,0.0,0.001339841133122787,0.005263661594410949,0.14923868312757202,10449,West Virginia,Ritchie County
54087,2.224775559426504,0.2578721693688865,0.17191477957925766,0.006576383491893342,0.20915911831703068,0.0012729465362454778,0.0026798874447273215,0.00020099155835454912,0.001674929652954576,0.006900710170172852,0.15588818169636878,14926,West Virginia,Roane County
54089,1.4378545271774252,0.10878150355424715,0.19257557262870684,0.09543830688590507,0.2387804265096575,0.04767717383499677,0.00222589215193509,0.0,0.002872118905722697,0.013570761829539743,0.15894040353270625,13927,West Virginia,Summers County
54091,0.0,0.0,0.16241491565551938,0.030244865344776564,0.17527061260728025,0.00739863865048831,0.003551346552234389,0.0,0.0023083752589523527,0.008464042616158627,0.13912482983131105,16895,West Virginia,Taylor County
54093,0.0,0.0,0.21019465060915837,0.019883363674555385,0.14202660691779861,0.001540400504131074,0.0011202912757316903,0.0001400364094664613,0.0022405825514633807,0.0057414927881249125,0.14241380758997338,7141,West Virginia,Tucker County
54095,0.0,0.0,0.184622067767159,0.007276140312771503,0.1617164422241529,0.0015204170286707212,0.0013032145960034753,0.0,0.001954821894005213,0.005321459600347524,0.1512609687228497,9208,West Virginia,Tyler County
54097,0.46647975591654983,0.3069596767543498,0.1667353838542096,0.05009602539787252,0.20666508617135318,0.006514389379071494,0.0035458068772161295,4.1230312525768946e-05,0.002226436876391523,0.010307578131442237,0.1407891481817432,24254,West Virginia,Upshur County
54099,0.7106000329559097,0.4110072738400697,0.16510910760104516,0.00578203667521951,0.22585070972905533,0.001741955227042678,0.0016948753560415244,0.00011769967750288364,0.0025658529695628636,0.005131705939125727,0.15332009604293684,42481,West Virginia,Wayne County
54101,0.0,0.0,0.1752239458160367,0.006319903867161896,0.2918884640594276,0.001529386060738475,0.0005462093074065982,0.00010924186148131964,0.0006554511688879179,0.005243609351103343,0.16695990823683635,9154,West Virginia,Webster County
54103,1.715913887716336,0.4766929988542483,0.19532050895495387,0.007480938310317795,0.23161822348187902,0.0014472652716637521,0.0024121087861062535,6.0302719652656335e-05,0.0008442380751371887,0.005005125731170476,0.1565815594283302,16583,West Virginia,Wetzel County
54105,0.0,0.0,0.15637572153227217,0.0,0.19198250830855346,0.0015742522301906594,0.0019240860591219172,0.00017491691446562882,0.002099002973587546,0.00454783977610635,0.15346422949099178,5717,West Virginia,Wirt County
54107,1.078441970651824,0.7692051152306913,0.16925801554809328,0.01202415129490777,0.1680496227977368,0.011017066102396614,0.005416532499194995,0.0003450020700124201,0.0021505129030774187,0.008556051336308018,0.13315431942591657,86956,West Virginia,Wood County
54109,0.0,0.0,0.150823667843335,0.00235430324424273,0.21741679273827533,0.004916792738275341,0.0010505967389477222,8.404773911581779e-05,0.0014708354345268112,0.004412506303580433,0.15663124054462935,23796,West Virginia,Wyoming County
55001,1.0940838323353292,0.0,0.23468263473053894,0.06859767185628743,0.14905470658682635,0.030323353293413173,0.00392814371257485,0.00019161676646706587,0.009820359281437126,0.037508982035928146,0.11775204790419162,20875,Wisconsin,Adams County
55003,1.3925852571640776,0.3160240143591013,0.1588785046728972,0.038551389490623256,0.14185331435291204,0.002970848548616699,0.003651668007674692,0.0002475707123847249,0.11084978647026057,0.018691588785046728,0.10637073714179612,16157,Wisconsin,Ashland County
55005,1.0325049051667756,0.3487246566383257,0.18199258774798344,0.014838177458033574,0.12024966208851101,0.008872901678657074,0.004861565293219969,6.540222367560497e-05,0.008851100937431872,0.018792238936123827,0.10030433834750381,45870,Wisconsin,Barron County
55007,1.3909018249633676,0.0,0.20727321166910884,0.008385933129079527,0.11480857865991742,0.0030638071133608632,0.0031970161182895964,6.660450246436658e-05,0.09557746103636605,0.010523511389369921,0.10855301718396164,15014,Wisconsin,Bayfield County
55009,1.2237114275000303,0.7889172483034753,0.1160814009281996,0.026727265359445498,0.10471393549375622,0.022140504098674633,0.027112137963847795,0.0004193430024152544,0.02707584866556186,0.07251811440806107,0.07991948211139202,248007,Wisconsin,Brown County
55011,1.2801943033782293,0.0,0.18098182085817324,0.007884183410613086,0.09409869728416871,0.0027231912857878854,0.0020607934054611026,0.0,0.002796791050268639,0.017443144181938618,0.09856119820416573,13587,Wisconsin,Buffalo County
55013,0.733648185288219,0.0,0.2308986219835673,0.009013450216730284,0.1356870026525199,0.005240344180630135,0.00336417157275021,0.00019408682150481982,0.04645144594682021,0.012550947790645015,0.11706210778288155,15457,Wisconsin,Burnett County
55015,1.0415143656449735,0.5207571828224867,0.11486389904229033,0.00404155520614241,0.05841659349410876,0.005023381184782831,0.021053276428906906,0.0003267239794980703,0.004145310489881766,0.03451022033448367,0.0767909783341161,48971,Wisconsin,Calumet County
55017,0.8920932468156693,0.44604662340783463,0.14315469037891532,0.040732461747977254,0.11122201393895699,0.01573339742049187,0.01240086517664023,0.0002243050548746295,0.004966754786509653,0.012817431707121685,0.08883576063446287,62415,Wisconsin,Chippewa County
55019,1.490487172095705,0.0,0.15603920438166619,0.015448255981550878,0.12621602767368117,0.0023061400980109543,0.0036609974055923896,0.00023061400980109543,0.005015854713173826,0.03724416258287691,0.0998575670221966,34690,Wisconsin,Clark County
55021,0.5767423855858392,0.2883711927929196,0.1459363398025795,0.02686275579328911,0.08243664772227403,0.012615909770731792,0.005296218746151004,0.0005102669223866416,0.004873928879348266,0.025407773652631395,0.08428513363714743,56833,Wisconsin,Columbia County
55023,0.7007930785868781,0.35039653929343906,0.18397019947128093,0.04716094688776736,0.1301335015621245,0.017784186493631338,0.0037851478010093725,0.0001802451333813987,0.002343186733958183,0.009012256669069935,0.10314900264359528,16644,Wisconsin,Crawford County
55025,1.3012192848200987,0.856396481673848,0.1027387296572439,0.026170828953865508,0.12390713684223467,0.051932805133658284,0.04719580882368007,0.0003401130568582978,0.0035445517371376824,0.059263675720640153,0.0631526841271695,488073,Wisconsin,Dane County
55027,0.747619959666062,0.47049876632228843,0.1492919027929562,0.06977392827769578,0.08782046891019502,0.026825448686893724,0.0053177705922779666,0.00046192498788855216,0.004337588300904697,0.03968048310593855,0.08621446839193772,88759,Wisconsin,Dodge County
55029,0.9564873132985424,0.35882670505668524,0.2247615619938816,0.012534155119668886,0.08314101133705236,0.00518265251034731,0.004030951952492352,0.0001439625697318697,0.0058304840741407234,0.024149721072521144,0.0968031671765341,27785,Wisconsin,Door County
55031,2.0015625353835005,0.6299735048348015,0.1440476460064766,0.03107405058991372,0.12506345252383433,0.011005684005525488,0.00851468556806087,0.00018116352272469938,0.019656242215629883,0.011186847528250186,0.08750913743517742,44159,Wisconsin,Douglas County
55033,1.4255193013658025,0.4422099094785325,0.12137173085254349,0.07787046537610871,0.13307779829901725,0.005016302984700276,0.026061974143238253,0.0003420206580477461,0.0038306313701347563,0.014273662129192604,0.07515372688510387,43857,Wisconsin,Dunn County
55035,1.4328917517420192,0.8105959325879112,0.12594190568789498,0.048584867728082966,0.14678378706854642,0.00885188786258305,0.033392075838599905,0.0003139685626316642,0.0047702965483714145,0.018270944741532978,0.07427163344676714,98736,Wisconsin,Eau Claire County
55037,0.0,0.0,0.2104906172281257,0.013359281030974453,0.09800000000000002,0.0022609088853719197,0.0029391815509834953,0.00022609088853719196,0.007008817544652951,0.008365362875876102,0.10729663124576079,4423,Wisconsin,Florence County
55039,1.110042997845188,0.5899953755177945,0.14980370548935878,0.03530328043056881,0.09022280164907068,0.01284031761337361,0.011295543770232109,0.00020662580067497762,0.004634321529424498,0.042978166540395345,0.08482998632333986,101633,Wisconsin,Fond du Lac County
55041,1.311049011177988,0.0,0.20292347377472056,0.04075578245915735,0.16310576096302667,0.00816852966466036,0.0013972484952708513,0.0011822871883061048,0.1349957007738607,0.014832330180567498,0.11640391229578678,9304,Wisconsin,Forest County
55043,1.1024254022808937,0.3992540228089361,0.1557178565849086,0.07609744180596784,0.1462619707858147,0.011482580846742696,0.006092798000312451,9.764099359475082e-05,0.002011404468051867,0.012673800968598657,0.08707926495860022,51208,Wisconsin,Grant County
55045,0.8660767602193149,0.43303838010965745,0.1492047120134629,0.011001262146463275,0.07672981922805494,0.003800010857173878,0.005374301069431627,0.0002985722816350904,0.0017642907551164433,0.028038651539004398,0.08624678356223875,36842,Wisconsin,Green County
55047,0.49404230749042044,0.3256521967350795,0.1916959739646213,0.01112440291848197,0.11066379717600125,0.004619180095533043,0.004514198729725474,0.0002624534145189229,0.002729515510996798,0.03900057739751194,0.10597527688835232,19051,Wisconsin,Green Lake County
55049,0.8254738886308945,0.2232448178325664,0.13800819014649385,0.009014501625364123,0.0772417359733187,0.0036729007472453244,0.005446025245915481,0.00021108624984168532,0.0015198209988601342,0.014184995989361253,0.08566205091400346,23687,Wisconsin,Iowa County
55051,0.0,0.0,0.25388776200135227,0.01623078093306288,0.1493471940500338,0.0005070993914807302,0.0030425963488843813,0.0,0.006085192697768763,0.005916159567275186,0.1174029749830967,5916,Wisconsin,Iron County
55053,2.28099173553719,0.23590395618367646,0.16152379089442026,0.0651801114968947,0.12095931341385888,0.019560858721697882,0.0025918137806249693,0.0009780429360848942,0.062154628588195024,0.025380214191403003,0.10183461293950805,20449,Wisconsin,Jackson County
55055,0.8774466457949955,0.5219630523624024,0.1319456061945845,0.04395658891570872,0.09039057906937839,0.008137561838300313,0.006691680806825515,0.00021508974021939155,0.0030710035131324234,0.06637908371770666,0.07980913175441531,83686,Wisconsin,Jefferson County
55057,1.4228547854785478,0.16074107410741073,0.1754050405040504,0.061913081308130814,0.14112151215121513,0.02088958895889589,0.004312931293129313,0.0002625262526252625,0.014926492649264926,0.025765076507650767,0.1053240699069907,26664,Wisconsin,Juneau County
55059,1.2753776453198418,0.7699698364438249,0.11223606888346772,0.02764067813923305,0.13794821722567385,0.06640789299748838,0.014378762933676228,0.0005347722110727891,0.004891062694530902,0.1177219905543605,0.08392981865814236,166426,Wisconsin,Kenosha County
55061,0.1536891221930592,0.1536891221930592,0.16491688538932633,0.008646325459317587,0.08475697482259162,0.003353747448235637,0.0029163021289005542,0.0002430251774083795,0.0037425877320890442,0.022504131428015942,0.08848643919510062,20574,Wisconsin,Kewaunee County
55063,1.2238437516355833,0.7469599958129067,0.1326000104677332,0.04530675081561088,0.14520439121408257,0.014044208726600255,0.04136499241089342,0.00024424710828870006,0.004300493728083184,0.015186936268950959,0.07335250963903767,114638,Wisconsin,La Crosse County
55065,0.5408054169636494,0.0,0.1544903777619387,0.007141512235685436,0.10787312900926586,0.002316464718460442,0.003444998812069375,0.0,0.002851033499643621,0.031004989308624376,0.09512770254217154,16836,Wisconsin,Lafayette County
55067,1.5736597086649646,0.4427091154828052,0.19952945887770937,0.014066060970115634,0.1412563948540822,0.0036041447664814535,0.0031035691044701405,5.00575662011313e-05,0.009560995144416079,0.01621865144916654,0.10803218701506734,19977,Wisconsin,Langlade County
55069,0.998434401419476,0.3176077653689594,0.18331419823957137,0.019483491632745365,0.09206105834464043,0.005462199492050238,0.004314093866332672,0.0003479107956719897,0.003479107956719897,0.011828967052847649,0.09576418606269353,28743,Wisconsin,Lincoln County
55071,1.1226885390830283,0.6339480857542791,0.1683897743179195,0.013507501043687533,0.10692523513666168,0.005427175167603939,0.025171287542054468,0.00012278676849782668,0.0055254045824022005,0.03149480611969254,0.09267179096780531,81442,Wisconsin,Manitowoc County
55073,1.0036773755622357,0.44936335901777524,0.14163490299336878,0.012343471353020594,0.09478368379045674,0.006273170076754958,0.05330329770331859,0.0002386937484615442,0.004729119891394344,0.022317865481154383,0.08242779141150056,134063,Wisconsin,Marathon County
55075,0.9531485784090636,0.27646171165776423,0.19770533425950323,0.02570049582025917,0.1321754772569403,0.002586888308702005,0.005221681956454047,0.00021557402572516707,0.0057007353469544185,0.01250329349205969,0.10580744448968839,41749,Wisconsin,Marinette County
55077,0.0,0.0,0.2107244871461958,0.009924013243313424,0.11433699039210593,0.004998701635938717,0.004414437808361465,0.0,0.00558296546351597,0.02538301739807842,0.10833121267203323,15404,Wisconsin,Marquette County
55078,2.0252835538752363,0.0,0.11389413988657845,0.013950070888468809,0.3259203686200378,0.0044896030245746696,0.00023629489603024575,0.0,0.8745274102079396,0.04206049149338374,0.16110113421550093,4232,Wisconsin,Menominee County
55079,0.8900557645333348,1.0,0.1151513872548761,0.025842005729449686,0.20587983244261315,0.2677583923776161,0.03420998485863665,0.0003830184598015268,0.007183442629004944,0.13298970703835988,0.10694482107340132,947735,Wisconsin,Milwaukee County
55081,1.2991068430595663,0.33684776039218317,0.13930114386766054,0.019226394018758534,0.12674185749781747,0.011461061491281087,0.00646923197457077,0.0008953954290063349,0.01141629171983077,0.03718129518948806,0.09032444653370045,44673,Wisconsin,Monroe County
55083,0.4019649495485927,0.0,0.1599044078597982,0.007449731810939989,0.09400204460966544,0.001938396176314392,0.002947424322889007,0.0001327668613913967,0.012400424853956453,0.013781200212426977,0.09581633032395115,37660,Wisconsin,Oconto County
55085,0.7594310795044169,0.2302350130562809,0.21667870437246514,0.016941627312628483,0.08584763042391244,0.004222456803155731,0.005222512361797878,0.00013889660536696484,0.008972720706705928,0.010695038613256292,0.0971876215345297,35998,Wisconsin,Oneida County
55087,1.2349019496873144,0.7764000113189394,0.11790939188997991,0.017198724921474857,0.08755052491581539,0.009824839412547044,0.02959336710150259,0.0003678655309997453,0.01687653866832678,0.035988567871190466,0.07605476102889158,176695,Wisconsin,Outagamie County
55089,1.400104172695179,0.7292088662538342,0.15287921754731176,0.020885874182533713,0.05436275247410151,0.013623473580647028,0.017466288558365645,0.00023149487817582037,0.0024075467330285315,0.022640199085595232,0.07554999710631402,86395,Wisconsin,Ozaukee County
55091,0.0,0.0,0.1790065604498594,0.0182474762351051,0.12530526174856071,0.0028116213683223993,0.00174052751372339,0.00013388673182487614,0.002543847904672647,0.009639844691391083,0.09783049939750971,7469,Wisconsin,Pepin County
55093,0.9807650113362101,0.3835539627977279,0.10441502718252517,0.06742010531704819,0.10521307199102854,0.005655915551329872,0.0073380628489236694,0.00017065262439357372,0.0036812208976328043,0.01518808357102806,0.06942073185596918,41019,Wisconsin,Pierce County
55095,0.21563171586924557,0.10781585793462278,0.15980092749688948,0.010436075104626174,0.09791408211740753,0.002171700033932813,0.0035968781812012215,0.00015835312747426763,0.010270331410473928,0.014839950231874222,0.09318280737473136,44205,Wisconsin,Polk County
55097,1.0357474399805766,0.447878432996758,0.12789385738156786,0.05011887773318671,0.13518747768462844,0.005469943872377497,0.028120938602379353,0.00019994572901640983,0.0037846870135249005,0.02646424541910053,0.07747175766577644,70019,Wisconsin,Portage County
55099,1.0132071473974151,0.0,0.20961932339854508,0.014421781199237234,0.11872385055441768,0.0027544318101560845,0.004378840313581467,0.0045200932269228045,0.003813828660216117,0.01080584787061233,0.1129475245426937,14159,Wisconsin,Price County
55101,1.2240696389093588,0.8330314009661836,0.1317192745435192,0.025555474699091134,0.12341875460574797,0.11139257348726767,0.010854212724146401,0.00027122738065995253,0.003996765741423074,0.11537910423319414,0.09233648571194629,195408,Wisconsin,Racine County
55103,1.9605460296320958,0.33361078741468286,0.18006769879584927,0.01861731868375784,0.1383418789190389,0.004550246934132401,0.005271627545641196,0.00022196326507962932,0.002552577548415737,0.01997669385716664,0.10313023694578548,18021,Wisconsin,Richland County
55105,1.3335100510818245,0.7314929739102233,0.1357129937441917,0.01828859921038352,0.1357825685612888,0.049759559910435285,0.010166468119078656,0.00024324678321721937,0.0032183420548739794,0.07561856409552738,0.09018089452445253,160331,Wisconsin,Rock County
55107,2.7486275838698746,0.2513724161301254,0.20088105726872246,0.011805313453066757,0.14167400881057268,0.004134191799390037,0.0027787190782785497,6.777363605557437e-05,0.005015249068112505,0.011724839037614367,0.11199640799728906,14755,Wisconsin,Rusk County
55109,0.5373406840950856,0.2686703420475428,0.1003971782559725,0.010079778291540695,0.045201126326397535,0.006544549173039303,0.010670460608216255,0.0002726895488766376,0.003710949078190764,0.02006046594344656,0.067062351058154,84345,Wisconsin,St. Croix County
55111,0.7218116690331742,0.44765715760939717,0.14986446366335357,0.01385485833225765,0.10372466761326965,0.005760294307473861,0.005437588744029947,0.00020975861623854396,0.012408028914418485,0.04316186911062347,0.08623402607460953,61976,Wisconsin,Sauk County
55113,1.8679108534154738,0.27686175031708643,0.20710273600289908,0.019624406595397714,0.17200549616476415,0.004650600954279157,0.0029594733345412816,0.0,0.16651567312919008,0.01618650721749109,0.1193477079181011,16557,Wisconsin,Sawyer County
55115,1.1656058547283605,0.22760971656058548,0.18307945362225558,0.018926834966268565,0.10230179503683043,0.003408901284893561,0.004290924694271616,0.0003099001168085056,0.07561562850127536,0.021573815823976734,0.10339269112493743,41949,Wisconsin,Shawano County
55117,0.8410312794895547,0.5827612179348438,0.14562753772498638,0.026171417316699423,0.07626722189997143,0.014579202992026457,0.0459712398382782,0.0003030119386703836,0.0038439228791328664,0.05479321599556737,0.08552273888162623,115507,Wisconsin,Sheboygan County
55119,1.6648460534583596,0.1348059355212915,0.16114843636715162,0.011156542123833922,0.09988085456039442,0.002803422108366765,0.002706752380492049,0.0003866789114988641,0.002078399149306395,0.015273817004205133,0.09672826139494417,20689,Wisconsin,Taylor County
55121,0.28262076624097726,0.14131038312048863,0.158488339811216,0.01777703359244864,0.08584425319267074,0.0021515824541921153,0.00426846196557468,0.000138811771238201,0.0021862853970016655,0.057849805663520264,0.09019041504719601,28816,Wisconsin,Trempealeau County
55123,1.507473213985826,0.16377254559500218,0.16666106875356868,0.013083686561649818,0.16639737345917444,0.0036610351660900818,0.0030900480300943807,0.0002351123501158768,0.0020488361938669265,0.013233466563665065,0.10352859973801766,29773,Wisconsin,Vernon County
55125,1.1029864675688288,0.0,0.2592627158189454,0.008868446103593094,0.13652617825478303,0.0016332244517032197,0.0028464769015398976,4.6663555762949134e-05,0.11059262715818946,0.012505832944470368,0.11825207652823144,21430,Wisconsin,Vilas County
55127,1.0511308056501154,0.5619595414172243,0.13457174159721408,0.026505477951246234,0.12325403020698829,0.00958641468090934,0.008265837148335094,0.0004206283992643894,0.0030128731854286495,0.1034745862190398,0.08145962945572642,102228,Wisconsin,Walworth County
55129,1.4689837219533657,0.0,0.21243165105901576,0.012883093457356548,0.13345276852491988,0.002262585632581233,0.003959524857017158,0.0001256992018100685,0.011690025768336372,0.013072716988247125,0.10877015900949029,15911,Wisconsin,Washburn County
55131,1.2723695284599694,0.6959670020547893,0.13498676897647227,0.008663800829497978,0.048431111481798815,0.008757496948145004,0.010728881542532622,0.0002274674531985715,0.003040481624420906,0.025665910969238818,0.07368859705657116,131887,Wisconsin,Washington County
55133,1.521743256448597,0.8570395315613851,0.14282966264930455,0.014491457868994155,0.049772646714081624,0.012603522522961546,0.027497428768553264,0.0003359913411697115,0.0027340974785260495,0.04135258315785694,0.07664995857816673,389891,Wisconsin,Waukesha County
55135,0.9311009349360809,0.330719328372448,0.18053806525472238,0.031196527380270934,0.10624331234497235,0.0029383705399732875,0.0037015836672390765,0.00011448196908986835,0.004922724670864339,0.024937988933409656,0.09587866819309293,52410,Wisconsin,Waupaca County
55137,1.1975016329196604,0.1843158066623122,0.19933866753755716,0.051481621489222744,0.1143818582625735,0.018533638145003264,0.00383736120182887,0.0005715218811234487,0.005347811887655127,0.05425375571521881,0.10938263389941216,24496,Wisconsin,Waushara County
55139,1.427464459800951,0.8577194390217613,0.13375330850210188,0.04934242068577314,0.1287825730265758,0.017815011317771898,0.02288704983412578,0.00034731786770782186,0.006203815705953507,0.034635974945207613,0.08157049953890559,166994,Wisconsin,Winnebago County
55141,1.444862138623928,0.5298933765000201,0.1707313810218197,0.011917713949350494,0.10359210156657614,0.005257595419336713,0.01764572101299014,0.00012040294853442855,0.007852947865523284,0.022475217059759998,0.09675659875048497,74749,Wisconsin,Wood County
56001,1.5120251246590815,0.8482327336841236,0.08722003360974132,0.06192945260200005,0.2478725309237169,0.011625664618860023,0.028127496625251384,0.0005785283341138874,0.0071351827874046115,0.08821179646822226,0.058571944130692305,36299,Wyoming,Albany County
56003,1.5676208433321905,0.0,0.18066506684950293,0.015696443263627013,0.12618606444977717,0.002228316763798423,0.0033424751456976346,0.00017140898183064793,0.008570449091532397,0.08433321906067878,0.1039624614329791,11668,Wyoming,Big Horn County
56005,2.480913879435545,0.6151995317885245,0.05670561203476904,0.009129380270088656,0.109130383890057,0.003446556694773806,0.005549173043157826,0.0004768820583963757,0.011510198773112523,0.07827368694860512,0.06869221598421954,46133,Wyoming,Campbell County
56007,2.699464903997482,0.5501416430594901,0.12867485048788166,0.04910386528171231,0.1357031161473088,0.007302486622599937,0.0068618193264085615,0.000881334592382751,0.010072395341517154,0.16795719231979855,0.09412105760151086,15885,Wyoming,Carbon County
56009,1.4125641581724862,0.3599363840092532,0.12838863587074387,0.007455056748355381,0.08237012940070847,0.003325381334489988,0.0029639268416106414,0.000506036290031085,0.007662835249042145,0.06267620906527868,0.08996934865900383,13833,Wyoming,Converse County
56011,3.0,0.0,0.16236058167443174,0.004812395877453056,0.06769377382465057,0.001976563602993082,0.0015530142594945644,0.0,0.006776789495976281,0.019906819144430325,0.0915103769589157,7083,Wyoming,Crook County
56013,1.1169902549659796,0.29247563741494903,0.1446801086658525,0.02152722378685542,0.13706721830371607,0.0025172594272611717,0.003912967624554495,0.00024923360665952195,0.21179871893926178,0.05642648854771577,0.09416073075293473,40123,Wyoming,Fremont County
56015,1.3169295795909126,0.0,0.1886934863008529,0.08076620877047325,0.11612333006264625,0.005962714167106952,0.0030945731753339875,0.0009057287342440939,0.008151558608196845,0.0972148841421994,0.09964352026568044,13249,Wyoming,Goshen County
56017,0.6142975893599335,0.6142975893599335,0.22610141313383209,0.017908229426433917,0.14481379883624274,0.0024937655860349127,0.004156275976724855,0.0006234413965087282,0.014546965918536992,0.021820448877805487,0.11318536990856193,4812,Wyoming,Hot Springs County
56019,2.5776636713735557,0.711168164313222,0.18531917376590035,0.008320667522464697,0.11549293966623878,0.001633796242268643,0.004434589800443459,0.0,0.010736375306336796,0.03220912591901039,0.094,8569,Wyoming,Johnson County
56021,1.953247291198849,0.8233774444614009,0.12541149796158627,0.01791916980967538,0.0998891953170987,0.0245045673548584,0.010638993655845997,0.001547886372059561,0.00957073404695982,0.13056748566570014,0.08564706010595391,91738,Wyoming,Laramie County
56023,0.8308847895725174,0.19518391693361317,0.12377112559372584,0.003926632055672152,0.08761090246327186,0.0018226002430133657,0.003148127692477632,0.00022092124157737766,0.008063625317574284,0.043134872417982986,0.08733668397216392,18106,Wyoming,Lincoln County
56025,1.5803578528827038,0.7074088800530153,0.12447978793903247,0.021802450629556,0.09709418157720345,0.008813783962889331,0.006759443339960238,0.0005168986083499006,0.010351225977468521,0.06933068257123923,0.08076498343273691,75450,Wyoming,Natrona County
56027,3.0,0.0,0.20652173913043478,0.0862,0.161,0.002012882447665056,0.0036231884057971015,0.0,0.008454106280193236,0.020933977455716585,0.116,2484,Wyoming,Niobrara County
56029,2.1428115582343557,0.7463215741889736,0.17521716007800037,0.03338985286296756,0.07716624711930509,0.001985463570288956,0.005885481297642262,0.0008863676653075696,0.005956390710866868,0.0483956745257933,0.08225463570288956,28205,Wyoming,Park County
56031,3.0,0.0,0.20733817930079612,0.011910407292027232,0.11499953847928926,0.0032306449751932616,0.003692165685935156,0.0005769008884273682,0.004384446752047998,0.06692050305757472,0.1059310026537441,8667,Wyoming,Platte County
56033,2.2758620689655173,0.6140266520126391,0.15620277510647068,0.03463869693639236,0.06247272977057289,0.003674955351009754,0.006594312405550213,0.0007899436735815359,0.012329990383294409,0.03479186701469982,0.08564208682511334,29116,Wyoming,Sheridan County
56035,3.0,0.0,0.10139553039914122,0.05366357958426856,0.07975914901922514,0.0031228652288474677,0.004977066458475651,9.758953840148337e-05,0.008490289840929052,0.06948375134185615,0.07521684395432811,10247,Wyoming,Sublette County
56037,0.9036433365292426,0.4206273113272154,0.08316212390996668,0.015509302378669588,0.1250594439117929,0.009998630324613067,0.007670182166826462,0.0009587727708533077,0.009656211477879742,0.15269597771994703,0.07449203305483268,43806,Wyoming,Sweetwater County
56039,1.077392692777308,0.10664976049591435,0.09852540621771391,0.012714201183431953,0.07040462102000564,0.0023011176857330702,0.011035972574434113,0.0007044237813468582,0.005212735981966751,0.14985441908518832,0.059680050718512255,21294,Wyoming,Teton County
56041,0.0,0.0,0.08873946396439057,0.012784562932095843,0.1258268775452221,0.002604413296713704,0.0028885311109006534,0.0017047068851216971,0.007955298797234587,0.08783975755279856,0.08093612084477697,21118,Wyoming,Uinta County
56043,2.169342552443455,0.610219149185515,0.17672565334583382,0.016401851634829486,0.12259557013945857,0.0025782257119418726,0.005625219735145904,0.00011719207781553967,0.01089886323684519,0.1361771944216571,0.10396999882807921,8533,Wyoming,Washakie County
56045,2.45976692563818,0.5402330743618202,0.15940621531631521,0.04342394561598224,0.17391953385127637,0.002913429522752497,0.002774694783573807,0.000416204217536071,0.012624861265260821,0.029966703662597113,0.0945976692563818,7208,Wyoming,Weston County
